CCSDS_STREAMID,CCSDS_SEQUENCE,CCSDS_LENGTH,CCSDS_SECONDS,CCSDS_SUBSECS,CCSDS_SPARE,GPS_WEEKS,GPS_SECONDS,GPS_FRAC_SECS,ECEF_X,ECEF_Y,ECEF_Z,VEL_X,VEL_Y,VEL_Z,LAT,LON,ALT
2161,50454,83,355,53739,0,341,150574,0.234,-1327000,-6315000,2060000,4765,845.9,5570,17.67448425,-101.9780655,397258.625
2161,50455,83,356,4587,0,341,150574,0.484,-1326000,-6314000,2061000,4765,847.8,5569,17.67448425,-101.9780655,397258.625
2161,50456,83,356,20971,0,341,150574,0.734,-1325000,-6314000,2063000,4766,849.6,5569,17.67448425,-101.9780655,397258.625
2161,50457,83,356,53739,0,341,150575,0.234,-1323000,-6314000,2065000,4767,853.3,5567,17.67448425,-101.9780655,397258.625
2161,50458,83,357,4587,0,341,150575,0.484,-1321000,-6314000,2067000,4767,855.2,5567,17.67448425,-101.9780655,397258.625
2161,50459,83,357,20971,0,341,150575,0.484,-1321000,-6314000,2067000,4767,855.2,5567,17.88406372,-101.8104935,397179.9063
2161,50460,83,357,37355,0,341,150575,0.984,-1319000,-6313000,2069000,4768,858.9,5565,17.88406372,-101.8104935,397179.9063
2161,50461,83,357,53739,0,341,150576,0.234,-1318000,-6313000,2071000,4769,860.7,5565,17.88406372,-101.8104935,397179.9063
2161,50462,83,358,4587,0,341,150576,0.484,-1317000,-6313000,2072000,4769,862.5,5564,17.88406372,-101.8104935,397179.9063
2161,50463,83,358,20971,0,341,150576,0.734,-1315000,-6312000,2074000,4770,864.4,5563,17.88406372,-101.8104935,397179.9063
2161,50464,83,358,37355,0,341,150576,0.984,-1314000,-6312000,2075000,4770,866.2,5563,17.88406372,-101.8104935,397179.9063
2161,50465,83,358,53739,0,341,150577,0.234,-1313000,-6312000,2076000,4770,868.1,5562,17.88406372,-101.8104935,397179.9063
2161,50466,83,359,4587,0,341,150577,0.484,-1312000,-6312000,2078000,4771,869.9,5561,17.88406372,-101.8104935,397179.9063
2161,50467,83,359,20971,0,341,150577,0.734,-1311000,-6312000,2079000,4771,871.8,5561,17.88406372,-101.8104935,397179.9063
2161,50468,83,359,37355,0,341,150577,0.984,-1310000,-6311000,2081000,4772,873.6,5560,17.88406372,-101.8104935,397179.9063
2161,50469,83,359,53739,0,341,150578,0.234,-1308000,-6311000,2082000,4772,875.5,5559,17.88406372,-101.8104935,397179.9063
2161,50470,83,360,4587,0,341,150578,0.484,-1307000,-6311000,2083000,4773,877.3,5559,17.88406372,-101.8104935,397179.9063
2161,50471,83,360,20971,0,341,150578,0.734,-1306000,-6311000,2085000,4773,879.1,5558,17.88406372,-101.8104935,397179.9063
2161,50472,83,360,37355,0,341,150578,0.984,-1305000,-6311000,2086000,4774,881,5557,17.88406372,-101.8104935,397179.9063
2161,50473,83,360,53739,0,341,150579,0.234,-1304000,-6310000,2087000,4774,882.8,5557,17.88406372,-101.8104935,397179.9063
2161,50474,83,361,4587,0,341,150579,0.484,-1302000,-6310000,2089000,4774,884.6,5556,17.88406372,-101.8104935,397179.9063
2161,50475,83,361,20971,0,341,150579,0.484,-1302000,-6310000,2089000,4774,884.6,5556,18.08111954,-101.6524887,397113.2813
2161,50476,83,361,37355,0,341,150579,0.984,-1300000,-6310000,2092000,4775,888.4,5555,18.08111954,-101.6524887,397113.2813
2161,50477,83,361,53739,0,341,150580,0.234,-1299000,-6309000,2093000,4776,890.2,5554,18.08111954,-101.6524887,397113.2813
2161,50478,83,362,4587,0,341,150580,0.234,-1299000,-6309000,2093000,4776,890.2,5554,18.1179657,-101.6228714,397099.9063
2161,50479,83,362,20971,0,341,150580,0.234,-1299000,-6309000,2093000,4776,890.2,5554,18.13036537,-101.612915,397093.5625
2161,50480,83,362,37355,0,341,150580,0.984,-1295000,-6309000,2097000,4777,895.7,5552,18.13036537,-101.612915,397093.5625
2161,50481,83,362,53739,0,341,150581,0.234,-1294000,-6309000,2098000,4778,897.5,5551,18.13036537,-101.612915,397093.5625
2161,50482,83,363,4587,0,341,150581,0.484,-1293000,-6308000,2100000,4778,899.4,5551,18.13036537,-101.612915,397093.5625
2161,50483,83,363,20971,0,341,150581,0.734,-1292000,-6308000,2101000,4779,901.2,5550,18.13036537,-101.612915,397093.5625
2161,50484,83,363,37355,0,341,150581,0.984,-1291000,-6308000,2103000,4779,903.1,5549,18.13036537,-101.612915,397093.5625
2161,50485,83,363,53739,0,341,150582,0.234,-1289000,-6308000,2104000,4779,904.9,5549,18.13036537,-101.612915,397093.5625
2161,50486,83,364,4587,0,341,150582,0.484,-1288000,-6307000,2105000,4780,906.7,5548,18.13036537,-101.612915,397093.5625
2161,50487,83,364,20971,0,341,150582,0.734,-1287000,-6307000,2107000,4780,908.6,5547,18.13036537,-101.612915,397093.5625
2161,50488,83,364,37355,0,341,150582,0.984,-1286000,-6307000,2108000,4781,910.4,5546,18.13036537,-101.612915,397093.5625
2161,50489,83,364,53739,0,341,150583,0.234,-1285000,-6307000,2109000,4781,912.3,5546,18.13036537,-101.612915,397093.5625
2161,50490,83,365,4587,0,341,150583,0.484,-1284000,-6307000,2111000,4782,914.1,5545,18.13036537,-101.612915,397093.5625
2161,50491,83,365,20971,0,341,150583,0.734,-1282000,-6306000,2112000,4782,916,5544,18.13036537,-101.612915,397093.5625
2161,50492,83,365,37355,0,341,150583,0.984,-1281000,-6306000,2113000,4783,917.8,5544,18.13036537,-101.612915,397093.5625
2161,50493,83,365,53739,0,341,150584,0.234,-1280000,-6306000,2115000,4783,919.6,5543,18.13036537,-101.612915,397093.5625
2161,50494,83,366,4587,0,341,150584,0.484,-1279000,-6306000,2116000,4783,921.5,5542,18.13036537,-101.612915,397093.5625
2161,50495,83,366,20971,0,341,150584,0.734,-1278000,-6305000,2118000,4784,923.3,5542,18.13036537,-101.612915,397093.5625
2161,50496,83,366,37355,0,341,150584,0.984,-1276000,-6305000,2119000,4784,925.1,5541,18.13036537,-101.612915,397093.5625
2161,50497,83,366,53739,0,341,150585,0.234,-1275000,-6305000,2120000,4785,927,5540,18.13036537,-101.612915,397093.5625
2161,50512,83,370,38010,0,341,150588,0.734,-1259000,-6302000,2140000,4791,952.8,5531,18.53575516,-101.2858582,396945.2813
2161,50513,83,370,54394,0,341,150589,0.234,-1256000,-6301000,2142000,4792,956.4,5529,18.53575516,-101.2858582,396945.2813
2161,50514,83,371,21626,0,341,150589,0.734,-1254000,-6301000,2145000,4793,960.2,5528,18.53575516,-101.2858582,396945.2813
2161,50515,83,371,38010,0,341,150589,0.984,-1253000,-6300000,2146000,4793,962,5527,18.53575516,-101.2858582,396945.2813
2161,50516,83,372,5242,0,341,150590,0.484,-1250000,-6300000,2149000,4794,965.7,5526,18.53575516,-101.2858582,396945.2813
2161,50517,83,372,21626,0,341,150590,0.734,-1249000,-6300000,2151000,4794,967.5,5525,18.53575516,-101.2858582,396945.2813
2161,50518,83,372,38010,0,341,150590,0.984,-1248000,-6300000,2152000,4795,969.3,5525,18.53575516,-101.2858582,396945.2813
2161,50519,83,372,54394,0,341,150591,0.234,-1247000,-6299000,2153000,4795,971.2,5524,18.53575516,-101.2858582,396945.2813
2161,50520,83,373,5242,0,341,150591,0.484,-1246000,-6299000,2155000,4796,973,5523,18.53575516,-101.2858582,396945.2813
2161,50521,83,373,21626,0,341,150591,0.734,-1244000,-6299000,2156000,4796,974.9,5523,18.53575516,-101.2858582,396945.2813
2161,50522,83,373,38010,0,341,150591,0.984,-1243000,-6299000,2157000,4797,976.7,5522,18.53575516,-101.2858582,396945.2813
2161,50523,83,373,54394,0,341,150592,0.234,-1242000,-6298000,2159000,4797,978.5,5521,18.53575516,-101.2858582,396945.2813
2161,50524,83,374,5242,0,341,150592,0.484,-1241000,-6298000,2160000,4797,980.3,5521,18.53575516,-101.2858582,396945.2813
2161,50525,83,374,21626,0,341,150592,0.734,-1240000,-6298000,2161000,4798,982.1,5520,18.53575516,-101.2858582,396945.2813
2161,50526,83,374,38010,0,341,150592,0.984,-1239000,-6298000,2163000,4798,984,5519,18.53575516,-101.2858582,396945.2813
2161,50527,83,374,54394,0,341,150593,0.234,-1237000,-6297000,2164000,4799,985.9,5518,18.53575516,-101.2858582,396945.2813
2161,50528,83,375,5242,0,341,150593,0.484,-1236000,-6297000,2166000,4799,987.7,5518,18.53575516,-101.2858582,396945.2813
2161,50529,83,375,21626,0,341,150593,0.734,-1235000,-6297000,2167000,4800,989.5,5517,18.53575516,-101.2858582,396945.2813
2161,50530,83,375,38010,0,341,150593,0.734,-1235000,-6297000,2167000,4800,989.5,5517,18.78142548,-101.0865402,396859.75
2161,50531,83,375,54394,0,341,150594,0.234,-1233000,-6296000,2170000,4800,993.2,5516,18.78142548,-101.0865402,396859.75
2161,50532,83,376,5242,0,341,150594,0.484,-1231000,-6296000,2171000,4801,995,5515,18.78142548,-101.0865402,396859.75
2161,50533,83,376,21626,0,341,150594,0.734,-1230000,-6296000,2172000,4801,996.9,5514,18.78142548,-101.0865402,396859.75
2161,50534,83,376,38010,0,341,150594,0.984,-1229000,-6296000,2174000,4802,998.7,5514,18.78142548,-101.0865402,396859.75
2161,50535,83,376,54394,0,341,150595,0.234,-1228000,-6295000,2175000,4802,1001,5513,18.78142548,-101.0865402,396859.75
2161,50536,83,377,21626,0,341,150595,0.734,-1225000,-6295000,2178000,4803,1004,5511,18.78142548,-101.0865402,396859.75
2161,50537,83,377,38010,0,341,150595,0.984,-1224000,-6295000,2179000,4803,1006,5511,18.78142548,-101.0865402,396859.75
2161,50538,83,377,54394,0,341,150596,0.234,-1223000,-6294000,2181000,4804,1008,5510,18.78142548,-101.0865402,396859.75
2161,50539,83,378,5242,0,341,150596,0.484,-1222000,-6294000,2182000,4804,1010,5509,18.78142548,-101.0865402,396859.75
2161,50540,83,378,21626,0,341,150596,0.734,-1221000,-6294000,2183000,4805,1012,5509,18.78142548,-101.0865402,396859.75
2161,50541,83,378,38010,0,341,150596,0.984,-1220000,-6294000,2185000,4805,1013,5508,18.78142548,-101.0865402,396859.75
2161,50542,83,378,54394,0,341,150597,0.234,-1218000,-6293000,2186000,4806,1015,5507,18.78142548,-101.0865402,396859.75
2161,50543,83,379,5242,0,341,150597,0.484,-1217000,-6293000,2187000,4806,1017,5507,18.78142548,-101.0865402,396859.75
2161,50544,83,379,21626,0,341,150597,0.734,-1216000,-6293000,2189000,4806,1019,5506,18.78142548,-101.0865402,396859.75
2161,50545,83,379,38010,0,341,150597,0.984,-1215000,-6293000,2190000,4807,1021,5505,18.78142548,-101.0865402,396859.75
2161,50546,83,379,54394,0,341,150598,0.234,-1214000,-6292000,2191000,4807,1023,5504,18.78142548,-101.0865402,396859.75
2161,50547,83,380,5242,0,341,150598,0.484,-1212000,-6292000,2193000,4808,1024,5504,18.78142548,-101.0865402,396859.75
2161,50548,83,380,21626,0,341,150598,0.734,-1211000,-6292000,2194000,4808,1026,5503,18.78142548,-101.0865402,396859.75
2161,50549,83,380,38010,0,341,150598,0.984,-1210000,-6292000,2196000,4809,1028,5502,18.78142548,-101.0865402,396859.75
2161,50550,83,381,5242,0,341,150599,0.484,-1208000,-6291000,2198000,4809,1032,5501,18.78142548,-101.0865402,396859.75
2161,50551,83,381,21626,0,341,150599,0.734,-1206000,-6291000,2200000,4810,1034,5500,18.78142548,-101.0865402,396859.75
2161,50552,83,381,38010,0,341,150599,0.984,-1205000,-6291000,2201000,4810,1035,5499,18.78142548,-101.0865402,396859.75
2161,50553,83,381,54394,0,341,150599,0.984,-1205000,-6291000,2201000,4810,1035,5499,19.08826447,-100.8364716,396736.875
2161,50554,83,382,21626,0,341,150600,0.734,-1202000,-6290000,2205000,4811,1041,5497,19.08826447,-100.8364716,396736.875
2161,50555,83,382,38010,0,341,150600,0.984,-1201000,-6290000,2206000,4812,1043,5497,19.08826447,-100.8364716,396736.875
2161,50556,83,382,54394,0,341,150601,0.234,-1199000,-6289000,2208000,4812,1045,5496,19.08826447,-100.8364716,396736.875
2161,50557,83,383,5242,0,341,150601,0.484,-1198000,-6289000,2209000,4813,1046,5495,19.08826447,-100.8364716,396736.875
2161,50558,83,383,21626,0,341,150601,0.734,-1197000,-6289000,2211000,4813,1048,5495,19.08826447,-100.8364716,396736.875
2161,50559,83,383,38010,0,341,150601,0.984,-1196000,-6289000,2212000,4814,1050,5494,19.08826447,-100.8364716,396736.875
2161,50560,83,383,54394,0,341,150602,0.234,-1195000,-6288000,2213000,4814,1052,5493,19.08826447,-100.8364716,396736.875
2161,50561,83,384,5242,0,341,150602,0.484,-1193000,-6288000,2215000,4814,1054,5492,19.08826447,-100.8364716,396736.875
2161,50562,83,384,21626,0,341,150602,0.734,-1192000,-6288000,2216000,4815,1056,5492,19.08826447,-100.8364716,396736.875
2161,50563,83,384,38010,0,341,150602,0.984,-1191000,-6287000,2217000,4815,1057,5491,19.08826447,-100.8364716,396736.875
2161,50564,83,384,54394,0,341,150603,0.234,-1190000,-6287000,2219000,4816,1059,5490,19.08826447,-100.8364716,396736.875
2161,50565,83,385,5898,0,341,150603,0.484,-1189000,-6287000,2220000,4816,1061,5490,19.08826447,-100.8364716,396736.875
2161,50566,83,385,22282,0,341,150603,0.734,-1187000,-6287000,2221000,4817,1063,5489,19.08826447,-100.8364716,396736.875
2161,50567,83,385,38666,0,341,150603,0.984,-1186000,-6286000,2223000,4817,1065,5488,19.08826447,-100.8364716,396736.875
2161,50568,83,386,5898,0,341,150604,0.484,-1184000,-6286000,2225000,4818,1068,5487,19.08826447,-100.8364716,396736.875
2161,50569,83,386,22282,0,341,150604,0.734,-1183000,-6286000,2227000,4818,1070,5486,19.08826447,-100.8364716,396736.875
2161,50570,83,386,38666,0,341,150604,0.984,-1181000,-6285000,2228000,4819,1072,5485,19.08826447,-100.8364716,396736.875
2161,50571,83,386,55050,0,341,150605,0.234,-1180000,-6285000,2230000,4819,1074,5485,19.08826447,-100.8364716,396736.875
2161,50572,83,387,5898,0,341,150605,0.234,-1180000,-6285000,2230000,4819,1074,5485,19.34563637,-100.6255569,396633.3125
2161,50573,83,387,22282,0,341,150605,0.234,-1180000,-6285000,2230000,4819,1074,5485,19.35794449,-100.6154327,396626.4688
2161,50574,83,387,38666,0,341,150605,0.984,-1177000,-6284000,2234000,4820,1079,5482,19.35794449,-100.6154327,396626.4688
2161,50575,83,387,55050,0,341,150606,0.234,-1176000,-6284000,2235000,4821,1081,5482,19.35794449,-100.6154327,396626.4688
2161,50576,83,388,5898,0,341,150606,0.484,-1174000,-6284000,2236000,4821,1083,5481,19.35794449,-100.6154327,396626.4688
2161,50577,83,388,22282,0,341,150606,0.734,-1173000,-6283000,2238000,4822,1085,5480,19.35794449,-100.6154327,396626.4688
2161,50578,83,388,38666,0,341,150606,0.984,-1172000,-6283000,2239000,4822,1087,5480,19.35794449,-100.6154327,396626.4688
2161,50579,83,388,55050,0,341,150607,0.234,-1171000,-6283000,2240000,4822,1089,5479,19.35794449,-100.6154327,396626.4688
2161,50580,83,389,5898,0,341,150607,0.484,-1170000,-6283000,2242000,4823,1090,5478,19.35794449,-100.6154327,396626.4688
2161,50581,83,389,22282,0,341,150607,0.734,-1168000,-6282000,2243000,4823,1092,5477,19.35794449,-100.6154327,396626.4688
2161,50582,83,389,38666,0,341,150607,0.984,-1167000,-6282000,2244000,4824,1094,5477,19.35794449,-100.6154327,396626.4688
2161,50583,83,389,55050,0,341,150608,0.234,-1166000,-6282000,2246000,4824,1096,5476,19.35794449,-100.6154327,396626.4688
2161,50584,83,390,5898,0,341,150608,0.484,-1165000,-6282000,2247000,4824,1098,5475,19.35794449,-100.6154327,396626.4688
2161,50585,83,390,22282,0,341,150608,0.734,-1164000,-6281000,2249000,4825,1100,5475,19.35794449,-100.6154327,396626.4688
2161,50586,83,390,38666,0,341,150608,0.734,-1164000,-6281000,2249000,4825,1100,5475,19.51676559,-100.4849167,396571.75
2161,50587,83,390,55050,0,341,150609,0.234,-1161000,-6281000,2251000,4826,1103,5473,19.51676559,-100.4849167,396571.75
2161,50588,83,391,5898,0,341,150609,0.484,-1160000,-6280000,2253000,4826,1105,5472,19.51676559,-100.4849167,396571.75
2161,50589,83,391,22282,0,341,150609,0.734,-1159000,-6280000,2254000,4827,1107,5472,19.51676559,-100.4849167,396571.75
2161,50590,83,391,38666,0,341,150609,0.984,-1158000,-6280000,2255000,4827,1109,5471,19.51676559,-100.4849167,396571.75
2161,50591,83,391,55050,0,341,150610,0.234,-1156000,-6280000,2257000,4827,1111,5470,19.51676559,-100.4849167,396571.75
2161,50592,83,392,5898,0,341,150610,0.484,-1155000,-6279000,2258000,4828,1112,5469,19.51676559,-100.4849167,396571.75
2161,50593,83,392,38666,0,341,150610,0.984,-1153000,-6279000,2261000,4829,1116,5468,19.51676559,-100.4849167,396571.75
2161,50594,83,392,55050,0,341,150611,0.234,-1152000,-6279000,2262000,4829,1118,5467,19.51676559,-100.4849167,396571.75
2161,50595,83,393,5898,0,341,150611,0.484,-1150000,-6278000,2263000,4829,1120,5467,19.51676559,-100.4849167,396571.75
2161,50596,83,393,22282,0,341,150611,0.734,-1149000,-6278000,2265000,4830,1122,5466,19.51676559,-100.4849167,396571.75
2161,50597,83,393,38666,0,341,150611,0.984,-1148000,-6278000,2266000,4830,1123,5465,19.51676559,-100.4849167,396571.75
2161,50598,83,393,55050,0,341,150612,0.234,-1147000,-6277000,2267000,4831,1125,5464,19.51676559,-100.4849167,396571.75
2161,50599,83,394,5898,0,341,150612,0.484,-1146000,-6277000,2269000,4831,1127,5464,19.51676559,-100.4849167,396571.75
2161,50600,83,394,22282,0,341,150612,0.734,-1144000,-6277000,2270000,4831,1129,5463,19.51676559,-100.4849167,396571.75
2161,50601,83,394,38666,0,341,150612,0.984,-1143000,-6277000,2271000,4832,1131,5462,19.51676559,-100.4849167,396571.75
2161,50602,83,394,55050,0,341,150613,0.234,-1142000,-6276000,2273000,4832,1133,5461,19.51676559,-100.4849167,396571.75
2161,50603,83,395,5898,0,341,150613,0.484,-1141000,-6276000,2274000,4833,1134,5461,19.51676559,-100.4849167,396571.75
2161,50604,83,395,22282,0,341,150613,0.734,-1140000,-6276000,2276000,4833,1136,5460,19.51676559,-100.4849167,396571.75
2161,50605,83,395,38666,0,341,150613,0.984,-1139000,-6275000,2277000,4833,1138,5459,19.51676559,-100.4849167,396571.75
2161,50606,83,395,55050,0,341,150614,0.234,-1137000,-6275000,2278000,4834,1140,5459,19.51676559,-100.4849167,396571.75
2161,50607,83,396,5898,0,341,150614,0.484,-1136000,-6275000,2280000,4834,1142,5458,19.51676559,-100.4849167,396571.75
2161,50608,83,396,22282,0,341,150614,0.734,-1135000,-6275000,2281000,4835,1144,5457,19.51676559,-100.4849167,396571.75
2161,50609,83,396,38666,0,341,150614,0.984,-1134000,-6274000,2282000,4835,1145,5456,19.51676559,-100.4849167,396571.75
2161,50610,83,396,55050,0,341,150615,0.234,-1133000,-6274000,2284000,4835,1147,5456,19.51676559,-100.4849167,396571.75
2161,50611,83,397,5898,0,341,150615,0.484,-1131000,-6274000,2285000,4836,1149,5455,19.51676559,-100.4849167,396571.75
2161,50612,83,397,22282,0,341,150615,0.734,-1130000,-6274000,2286000,4836,1151,5454,19.51676559,-100.4849167,396571.75
2161,50613,83,397,38666,0,341,150615,0.984,-1129000,-6273000,2288000,4837,1153,5453,19.51676559,-100.4849167,396571.75
2161,50614,83,397,55050,0,341,150616,0.234,-1128000,-6273000,2289000,4837,1155,5453,19.51676559,-100.4849167,396571.75
2161,50615,83,398,5898,0,341,150616,0.484,-1127000,-6273000,2290000,4837,1156,5452,19.51676559,-100.4849167,396571.75
2161,50616,83,398,22282,0,341,150616,0.734,-1125000,-6272000,2292000,4838,1158,5451,19.51676559,-100.4849167,396571.75
2161,50617,83,398,38666,0,341,150616,0.984,-1124000,-6272000,2293000,4838,1160,5450,19.51676559,-100.4849167,396571.75
2161,50618,83,398,55050,0,341,150617,0.234,-1123000,-6272000,2294000,4839,1162,5450,19.51676559,-100.4849167,396571.75
2161,50619,83,399,6553,0,341,150617,0.484,-1122000,-6271000,2296000,4839,1164,5449,19.51676559,-100.4849167,396571.75
2161,50620,83,399,22937,0,341,150617,0.734,-1121000,-6271000,2297000,4839,1165,5448,19.51676559,-100.4849167,396571.75
2161,50621,83,399,39321,0,341,150617,0.984,-1119000,-6271000,2298000,4840,1167,5448,19.51676559,-100.4849167,396571.75
2161,50622,83,399,55705,0,341,150617,0.984,-1119000,-6271000,2298000,4840,1167,5448,19.96905899,-100.1107178,396378.9375
2161,50623,83,400,22937,0,341,150618,0.734,-1116000,-6270000,2303000,4841,1173,5445,19.96905899,-100.1107178,396378.9375
2161,50624,83,400,39321,0,341,150618,0.984,-1115000,-6270000,2304000,4841,1175,5445,19.96905899,-100.1107178,396378.9375
2161,50625,83,400,55705,0,341,150619,0.234,-1113000,-6269000,2305000,4842,1176,5444,19.96905899,-100.1107178,396378.9375
2161,50626,83,401,6553,0,341,150619,0.484,-1112000,-6269000,2307000,4842,1178,5443,19.96905899,-100.1107178,396378.9375
2161,50627,83,401,22937,0,341,150619,0.734,-1111000,-6269000,2308000,4843,1180,5442,19.96905899,-100.1107178,396378.9375
2161,50628,83,401,39321,0,341,150619,0.984,-1110000,-6269000,2309000,4843,1182,5442,19.96905899,-100.1107178,396378.9375
2161,50629,83,401,55705,0,341,150620,0.234,-1109000,-6268000,2311000,4843,1184,5441,19.96905899,-100.1107178,396378.9375
2161,50630,83,402,6553,0,341,150620,0.484,-1107000,-6268000,2312000,4844,1186,5440,19.96905899,-100.1107178,396378.9375
2161,50631,83,402,22937,0,341,150620,0.734,-1106000,-6268000,2313000,4844,1187,5439,19.96905899,-100.1107178,396378.9375
2161,50632,83,402,39321,0,341,150620,0.984,-1105000,-6267000,2315000,4845,1189,5439,19.96905899,-100.1107178,396378.9375
2161,50633,83,402,55705,0,341,150621,0.234,-1104000,-6267000,2316000,4845,1191,5438,19.96905899,-100.1107178,396378.9375
2161,50634,83,403,6553,0,341,150621,0.484,-1103000,-6267000,2317000,4845,1193,5437,19.96905899,-100.1107178,396378.9375
2161,50635,83,403,22937,0,341,150621,0.734,-1101000,-6267000,2319000,4846,1195,5436,19.96905899,-100.1107178,396378.9375
2161,50636,83,403,39321,0,341,150621,0.984,-1100000,-6266000,2320000,4846,1197,5436,19.96905899,-100.1107178,396378.9375
2161,50637,83,403,55705,0,341,150622,0.234,-1099000,-6266000,2321000,4847,1198,5435,19.96905899,-100.1107178,396378.9375
2161,50638,83,404,6553,0,341,150622,0.484,-1098000,-6266000,2323000,4847,1200,5434,19.96905899,-100.1107178,396378.9375
2161,50639,83,404,22937,0,341,150622,0.734,-1097000,-6265000,2324000,4847,1202,5433,19.96905899,-100.1107178,396378.9375
2161,50640,83,404,39321,0,341,150622,0.984,-1095000,-6265000,2325000,4848,1204,5433,19.96905899,-100.1107178,396378.9375
2161,50641,83,404,55705,0,341,150622,0.984,-1095000,-6265000,2325000,4848,1204,5433,20.21313286,-99.90759277,396276.8125
2161,50642,83,405,6553,0,341,150623,0.484,-1093000,-6264000,2328000,4849,1208,5431,20.21313286,-99.90759277,396276.8125
2161,50643,83,405,22937,0,341,150623,0.734,-1092000,-6264000,2329000,4849,1209,5430,20.21313286,-99.90759277,396276.8125
2161,50644,83,405,39321,0,341,150623,0.984,-1091000,-6264000,2331000,4849,1211,5430,20.21313286,-99.90759277,396276.8125
2161,50645,83,405,55705,0,341,150624,0.234,-1089000,-6264000,2332000,4850,1213,5429,20.21313286,-99.90759277,396276.8125
2161,50646,83,406,6553,0,341,150624,0.484,-1088000,-6263000,2334000,4850,1215,5428,20.21313286,-99.90759277,396276.8125
2161,50647,83,406,22937,0,341,150624,0.734,-1087000,-6263000,2335000,4851,1217,5427,20.21313286,-99.90759277,396276.8125
2161,50648,83,406,39321,0,341,150624,0.984,-1086000,-6263000,2336000,4851,1218,5427,20.21313286,-99.90759277,396276.8125
2161,50649,83,406,55705,0,341,150625,0.234,-1085000,-6262000,2338000,4851,1220,5426,20.21313286,-99.90759277,396276.8125
2161,50650,83,407,6553,0,341,150625,0.484,-1083000,-6262000,2339000,4852,1222,5425,20.21313286,-99.90759277,396276.8125
2161,50651,83,407,22937,0,341,150625,0.734,-1082000,-6262000,2340000,4852,1224,5424,20.21313286,-99.90759277,396276.8125
2161,50652,83,407,39321,0,341,150625,0.984,-1081000,-6261000,2342000,4852,1226,5424,20.21313286,-99.90759277,396276.8125
2161,50653,83,407,56360,0,341,150626,0.234,-1080000,-6261000,2343000,4853,1228,5423,20.21313286,-99.90759277,396276.8125
2161,50654,83,408,7208,0,341,150626,0.484,-1079000,-6261000,2344000,4853,1229,5422,20.21313286,-99.90759277,396276.8125
2161,50655,83,408,23592,0,341,150626,0.484,-1079000,-6261000,2344000,4853,1229,5422,20.38402939,-99.76467133,396211.875
2161,50656,83,408,39976,0,341,150626,0.484,-1079000,-6261000,2344000,4853,1229,5422,20.39591408,-99.75484467,396201.9063
2161,50657,83,408,56360,0,341,150627,0.234,-1075000,-6260000,2348000,4854,1235,5420,20.39591408,-99.75484467,396201.9063
2161,50658,83,409,7208,0,341,150627,0.484,-1074000,-6260000,2350000,4855,1237,5419,20.39591408,-99.75484467,396201.9063
2161,50659,83,409,23592,0,341,150627,0.734,-1073000,-6259000,2351000,4855,1239,5418,20.39591408,-99.75484467,396201.9063
2161,50660,83,409,39976,0,341,150627,0.984,-1071000,-6259000,2352000,4856,1240,5418,20.39591408,-99.75484467,396201.9063
2161,50661,83,409,56360,0,341,150628,0.234,-1070000,-6259000,2354000,4856,1242,5417,20.39591408,-99.75484467,396201.9063
2161,50662,83,410,7208,0,341,150628,0.484,-1069000,-6258000,2355000,4856,1244,5416,20.39591408,-99.75484467,396201.9063
2161,50663,83,410,23592,0,341,150628,0.734,-1068000,-6258000,2356000,4857,1246,5415,20.39591408,-99.75484467,396201.9063
2161,50664,83,410,39976,0,341,150628,0.984,-1067000,-6258000,2358000,4857,1248,5415,20.39591408,-99.75484467,396201.9063
2161,50665,83,410,56360,0,341,150629,0.234,-1065000,-6257000,2359000,4857,1249,5414,20.39591408,-99.75484467,396201.9063
2161,50666,83,411,7208,0,341,150629,0.484,-1064000,-6257000,2360000,4858,1251,5413,20.39591408,-99.75484467,396201.9063
2161,50667,83,411,23592,0,341,150629,0.734,-1063000,-6257000,2362000,4858,1253,5412,20.39591408,-99.75484467,396201.9063
2161,50668,83,411,39976,0,341,150629,0.984,-1062000,-6257000,2363000,4859,1255,5412,20.39591408,-99.75484467,396201.9063
2161,50669,83,411,56360,0,341,150630,0.234,-1061000,-6256000,2364000,4859,1257,5411,20.39591408,-99.75484467,396201.9063
2161,50670,83,412,7208,0,341,150630,0.484,-1059000,-6256000,2366000,4859,1259,5410,20.39591408,-99.75484467,396201.9063
2161,50671,83,412,23592,0,341,150630,0.734,-1058000,-6256000,2367000,4860,1260,5409,20.39591408,-99.75484467,396201.9063
2161,50672,83,412,39976,0,341,150630,0.734,-1058000,-6256000,2367000,4860,1260,5409,20.59076881,-99.59136963,396125.0313
2161,50673,83,412,56360,0,341,150631,0.234,-1056000,-6255000,2370000,4861,1264,5408,20.59076881,-99.59136963,396125.0313
2161,50674,83,413,7208,0,341,150631,0.484,-1055000,-6255000,2371000,4861,1266,5407,20.59076881,-99.59136963,396125.0313
2161,50675,83,413,23592,0,341,150631,0.734,-1053000,-6254000,2372000,4861,1268,5406,20.59076881,-99.59136963,396125.0313
2161,50676,83,413,39976,0,341,150631,0.984,-1052000,-6254000,2374000,4862,1270,5406,20.59076881,-99.59136963,396125.0313
2161,50677,83,413,56360,0,341,150632,0.234,-1051000,-6254000,2375000,4862,1271,5405,20.59076881,-99.59136963,396125.0313
2161,50678,83,414,7208,0,341,150632,0.484,-1050000,-6253000,2376000,4863,1273,5404,20.59076881,-99.59136963,396125.0313
2161,50679,83,414,23592,0,341,150632,0.734,-1049000,-6253000,2378000,4863,1275,5403,20.59076881,-99.59136963,396125.0313
2161,50680,83,414,39976,0,341,150632,0.984,-1047000,-6253000,2379000,4863,1277,5402,20.59076881,-99.59136963,396125.0313
2161,50681,83,414,56360,0,341,150633,0.234,-1046000,-6252000,2380000,4864,1279,5402,20.59076881,-99.59136963,396125.0313
2161,50682,83,415,7208,0,341,150633,0.484,-1045000,-6252000,2382000,4864,1280,5401,20.59076881,-99.59136963,396125.0313
2161,50683,83,415,23592,0,341,150633,0.734,-1044000,-6252000,2383000,4864,1282,5400,20.59076881,-99.59136963,396125.0313
2161,50684,83,415,39976,0,341,150633,0.984,-1043000,-6252000,2384000,4865,1284,5399,20.59076881,-99.59136963,396125.0313
2161,50685,83,415,56360,0,341,150634,0.234,-1041000,-6251000,2386000,4865,1286,5399,20.59076881,-99.59136963,396125.0313
2161,50686,83,416,7864,0,341,150634,0.484,-1040000,-6251000,2387000,4866,1288,5398,20.59076881,-99.59136963,396125.0313
2161,50687,83,416,24248,0,341,150634,0.734,-1039000,-6251000,2388000,4866,1290,5397,20.59076881,-99.59136963,396125.0313
2161,50689,83,416,57671,0,341,150635,0.234,-1037000,-6250000,2391000,4867,1293,5396,20.59076881,-99.59136963,396125.0313
2161,50690,83,417,8519,0,341,150635,0.484,-1035000,-6250000,2392000,4867,1295,5395,20.59076881,-99.59136963,396125.0313
2161,50691,83,417,24903,0,341,150635,0.734,-1034000,-6249000,2394000,4867,1297,5394,20.59076881,-99.59136963,396125.0313
2161,50692,83,417,57671,0,341,150636,0.234,-1032000,-6249000,2396000,4868,1301,5393,20.59076881,-99.59136963,396125.0313
2161,50693,83,418,8519,0,341,150636,0.484,-1031000,-6248000,2398000,4869,1302,5392,20.59076881,-99.59136963,396125.0313
2161,50694,83,418,24903,0,341,150636,0.734,-1029000,-6248000,2399000,4869,1304,5391,20.59076881,-99.59136963,396125.0313
2161,50695,83,418,41287,0,341,150636,0.984,-1028000,-6248000,2400000,4869,1306,5390,20.59076881,-99.59136963,396125.0313
2161,50696,83,418,57671,0,341,150637,0.234,-1027000,-6247000,2402000,4870,1308,5389,20.59076881,-99.59136963,396125.0313
2161,50697,83,419,8519,0,341,150637,0.484,-1026000,-6247000,2403000,4870,1310,5389,20.59076881,-99.59136963,396125.0313
2161,50698,83,419,24903,0,341,150637,0.734,-1025000,-6247000,2404000,4870,1311,5388,20.59076881,-99.59136963,396125.0313
2161,50699,83,419,41287,0,341,150637,0.984,-1023000,-6246000,2406000,4871,1313,5387,20.59076881,-99.59136963,396125.0313
2161,50700,83,419,57671,0,341,150638,0.234,-1022000,-6246000,2407000,4871,1315,5386,20.59076881,-99.59136963,396125.0313
2161,50701,83,420,8519,0,341,150638,0.484,-1021000,-6246000,2408000,4872,1317,5386,20.59076881,-99.59136963,396125.0313
2161,50702,83,420,24903,0,341,150638,0.734,-1020000,-6245000,2410000,4872,1319,5385,20.59076881,-99.59136963,396125.0313
2161,50703,83,420,41943,0,341,150638,0.984,-1019000,-6245000,2411000,4872,1321,5384,20.59076881,-99.59136963,396125.0313
2161,50704,83,420,58327,0,341,150639,0.234,-1017000,-6245000,2412000,4873,1322,5383,20.59076881,-99.59136963,396125.0313
2161,50705,83,421,9175,0,341,150639,0.234,-1017000,-6245000,2412000,4873,1322,5383,21.00450706,-99.24219513,395944.625
2161,50706,83,421,25559,0,341,150639,0.234,-1017000,-6245000,2412000,4873,1322,5383,21.01674271,-99.23180389,395932.0313
2161,50707,83,421,41943,0,341,150639,0.984,-1014000,-6244000,2416000,4874,1328,5381,21.01674271,-99.23180389,395932.0313
2161,50708,83,422,25559,0,341,150640,0.734,-1010000,-6243000,2420000,4875,1333,5379,21.01674271,-99.23180389,395932.0313
2161,50709,83,422,41943,0,341,150640,0.984,-1009000,-6242000,2422000,4875,1335,5378,21.01674271,-99.23180389,395932.0313
2161,50710,83,422,58327,0,341,150641,0.234,-1008000,-6242000,2423000,4876,1337,5377,21.01674271,-99.23180389,395932.0313
2161,50711,83,423,9175,0,341,150641,0.484,-1006000,-6242000,2424000,4876,1339,5376,21.01674271,-99.23180389,395932.0313
2161,50712,83,423,25559,0,341,150641,0.734,-1005000,-6241000,2426000,4876,1341,5375,21.01674271,-99.23180389,395932.0313
2161,50713,83,423,41943,0,341,150641,0.984,-1004000,-6241000,2427000,4877,1342,5375,21.01674271,-99.23180389,395932.0313
2161,50714,83,423,58327,0,341,150642,0.234,-1003000,-6241000,2428000,4877,1344,5374,21.01674271,-99.23180389,395932.0313
2161,50715,83,424,9175,0,341,150642,0.484,-1002000,-6240000,2430000,4878,1346,5373,21.01674271,-99.23180389,395932.0313
2161,50716,83,424,25559,0,341,150642,0.734,-1000000,-6240000,2431000,4878,1348,5372,21.01674271,-99.23180389,395932.0313
2161,50717,83,424,41943,0,341,150642,0.984,-999200,-6240000,2432000,4878,1350,5372,21.01674271,-99.23180389,395932.0313
2161,50718,83,424,58327,0,341,150643,0.234,-998000,-6239000,2434000,4879,1351,5371,21.01674271,-99.23180389,395932.0313
2161,50719,83,425,9830,0,341,150643,0.484,-996800,-6239000,2435000,4879,1353,5370,21.01674271,-99.23180389,395932.0313
2161,50720,83,425,26214,0,341,150643,0.734,-995600,-6239000,2436000,4879,1355,5369,21.01674271,-99.23180389,395932.0313
2161,50721,83,425,42598,0,341,150643,0.984,-994400,-6238000,2438000,4880,1357,5369,21.01674271,-99.23180389,395932.0313
2161,50722,83,425,58982,0,341,150643,0.984,-994400,-6238000,2438000,4880,1357,5369,21.23500443,-99.0464325,395837.375
2161,50723,83,426,9830,0,341,150644,0.734,-990800,-6237000,2442000,4881,1362,5366,21.23500443,-99.0464325,395837.375
2161,50724,83,426,26214,0,341,150644,0.984,-989600,-6237000,2443000,4881,1364,5365,21.23500443,-99.0464325,395837.375
2161,50725,83,426,42598,0,341,150645,0.234,-988400,-6237000,2444000,4882,1366,5365,21.23500443,-99.0464325,395837.375
2161,50726,83,426,58982,0,341,150645,0.484,-987100,-6236000,2446000,4882,1368,5364,21.23500443,-99.0464325,395837.375
2161,50727,83,427,9830,0,341,150645,0.734,-985900,-6236000,2447000,4882,1370,5363,21.23500443,-99.0464325,395837.375
2161,50728,83,427,26214,0,341,150645,0.984,-984800,-6236000,2448000,4883,1371,5362,21.23500443,-99.0464325,395837.375
2161,50729,83,427,42598,0,341,150646,0.234,-983500,-6235000,2450000,4883,1373,5361,21.23500443,-99.0464325,395837.375
2161,50730,83,427,58982,0,341,150646,0.484,-982300,-6235000,2451000,4883,1375,5361,21.23500443,-99.0464325,395837.375
2161,50731,83,428,9830,0,341,150646,0.734,-981100,-6235000,2452000,4884,1377,5360,21.23500443,-99.0464325,395837.375
2161,50732,83,428,26214,0,341,150646,0.984,-979900,-6234000,2454000,4884,1379,5359,21.23500443,-99.0464325,395837.375
2161,50733,83,428,42598,0,341,150647,0.234,-978700,-6234000,2455000,4884,1380,5358,21.23500443,-99.0464325,395837.375
2161,50734,83,428,58982,0,341,150647,0.484,-977500,-6234000,2456000,4885,1382,5357,21.23500443,-99.0464325,395837.375
2161,50735,83,429,9830,0,341,150647,0.734,-976300,-6233000,2458000,4885,1384,5357,21.23500443,-99.0464325,395837.375
2161,50736,83,429,26214,0,341,150647,0.984,-975100,-6233000,2459000,4886,1386,5356,21.23500443,-99.0464325,395837.375
2161,50737,83,429,43253,0,341,150648,0.234,-973900,-6233000,2460000,4886,1388,5355,21.23500443,-99.0464325,395837.375
2161,50738,83,429,59637,0,341,150648,0.484,-972700,-6232000,2462000,4886,1390,5354,21.23500443,-99.0464325,395837.375
2161,50739,83,430,10485,0,341,150648,0.734,-971400,-6232000,2463000,4887,1391,5354,21.23500443,-99.0464325,395837.375
2161,50740,83,430,26869,0,341,150648,0.734,-971400,-6232000,2463000,4887,1391,5354,21.46535683,-98.84996796,395739.7188
2161,50741,83,430,43253,0,341,150649,0.234,-969000,-6231000,2466000,4887,1395,5352,21.46535683,-98.84996796,395739.7188
2161,50742,83,430,59637,0,341,150649,0.484,-967800,-6231000,2467000,4888,1397,5351,21.46535683,-98.84996796,395739.7188
2161,50743,83,431,10485,0,341,150649,0.734,-966600,-6231000,2468000,4888,1399,5350,21.46535683,-98.84996796,395739.7188
2161,50744,83,431,26869,0,341,150649,0.984,-965400,-6230000,2470000,4888,1400,5350,21.46535683,-98.84996796,395739.7188
2161,50745,83,431,43253,0,341,150650,0.234,-964200,-6230000,2471000,4889,1402,5349,21.46535683,-98.84996796,395739.7188
2161,50746,83,431,59637,0,341,150650,0.234,-964200,-6230000,2471000,4889,1402,5349,21.53829575,-98.78739166,395705.3125
2161,50747,83,432,26869,0,341,150650,0.984,-960600,-6229000,2475000,4890,1408,5346,21.53829575,-98.78739166,395705.3125
2161,50748,83,432,43253,0,341,150651,0.234,-959400,-6228000,2476000,4890,1410,5346,21.53829575,-98.78739166,395705.3125
2161,50749,83,432,59637,0,341,150651,0.484,-958100,-6228000,2478000,4891,1411,5345,21.53829575,-98.78739166,395705.3125
2161,50750,83,433,10485,0,341,150651,0.734,-956900,-6228000,2479000,4891,1413,5344,21.53829575,-98.78739166,395705.3125
2161,50751,83,433,26869,0,341,150651,0.984,-955800,-6227000,2480000,4891,1415,5343,21.53829575,-98.78739166,395705.3125
2161,50752,83,433,43253,0,341,150652,0.234,-954500,-6227000,2481000,4892,1417,5342,21.53829575,-98.78739166,395705.3125
2161,50753,83,433,59637,0,341,150652,0.484,-953300,-6227000,2483000,4892,1419,5342,21.53829575,-98.78739166,395705.3125
2161,50754,83,434,10485,0,341,150652,0.734,-952100,-6226000,2484000,4892,1420,5341,21.53829575,-98.78739166,395705.3125
2161,50755,83,434,26869,0,341,150652,0.984,-950900,-6226000,2485000,4893,1422,5340,21.53829575,-98.78739166,395705.3125
2161,50756,83,434,43253,0,341,150653,0.234,-949700,-6226000,2487000,4893,1424,5339,21.53829575,-98.78739166,395705.3125
2161,50757,83,434,59637,0,341,150653,0.484,-948500,-6225000,2488000,4893,1426,5338,21.53829575,-98.78739166,395705.3125
2161,50758,83,435,11141,0,341,150653,0.734,-947300,-6225000,2489000,4894,1428,5338,21.53829575,-98.78739166,395705.3125
2161,50759,83,435,27525,0,341,150653,0.984,-946100,-6225000,2491000,4894,1429,5337,21.53829575,-98.78739166,395705.3125
2161,50760,83,435,43909,0,341,150654,0.234,-944800,-6224000,2492000,4895,1431,5336,21.53829575,-98.78739166,395705.3125
2161,50761,83,436,27525,0,341,150654,0.984,-941200,-6223000,2496000,4896,1437,5334,21.53829575,-98.78739166,395705.3125
2161,50762,83,436,43909,0,341,150655,0.234,-940000,-6223000,2497000,4896,1439,5333,21.53829575,-98.78739166,395705.3125
2161,50763,83,436,60293,0,341,150655,0.234,-940000,-6223000,2497000,4896,1439,5333,21.78046227,-98.57950592,395595.4688
2161,50764,83,437,27525,0,341,150655,0.984,-936400,-6222000,2501000,4897,1444,5330,21.78046227,-98.57950592,395595.4688
2161,50765,83,437,43909,0,341,150656,0.234,-935200,-6221000,2503000,4897,1446,5330,21.78046227,-98.57950592,395595.4688
2161,50766,83,437,60293,0,341,150656,0.484,-933900,-6221000,2504000,4898,1448,5329,21.78046227,-98.57950592,395595.4688
2161,50767,83,438,11141,0,341,150656,0.734,-932700,-6221000,2505000,4898,1449,5328,21.78046227,-98.57950592,395595.4688
2161,50768,83,438,27525,0,341,150656,0.984,-931500,-6220000,2507000,4898,1451,5327,21.78046227,-98.57950592,395595.4688
2161,50769,83,438,43909,0,341,150657,0.234,-930300,-6220000,2508000,4899,1453,5326,21.78046227,-98.57950592,395595.4688
2161,50770,83,438,60293,0,341,150657,0.484,-929100,-6220000,2509000,4899,1455,5326,21.78046227,-98.57950592,395595.4688
2161,50771,83,439,11141,0,341,150657,0.734,-927900,-6219000,2511000,4899,1457,5325,21.78046227,-98.57950592,395595.4688
2161,50772,83,439,27525,0,341,150657,0.984,-926700,-6219000,2512000,4900,1458,5324,21.78046227,-98.57950592,395595.4688
2161,50773,83,439,43909,0,341,150658,0.234,-925500,-6219000,2513000,4900,1460,5323,21.78046227,-98.57950592,395595.4688
2161,50774,83,439,60293,0,341,150658,0.484,-924300,-6218000,2514000,4900,1462,5322,21.78046227,-98.57950592,395595.4688
2161,50775,83,440,11141,0,341,150658,0.734,-923000,-6218000,2516000,4901,1464,5322,21.78046227,-98.57950592,395595.4688
2161,50776,83,440,27525,0,341,150658,0.984,-921900,-6217000,2517000,4901,1466,5321,21.78046227,-98.57950592,395595.4688
2161,50777,83,440,43909,0,341,150659,0.234,-920600,-6217000,2518000,4902,1468,5320,21.78046227,-98.57950592,395595.4688
2161,50778,83,440,60293,0,341,150659,0.484,-919400,-6217000,2520000,4902,1469,5319,21.78046227,-98.57950592,395595.4688
2161,50779,83,441,11141,0,341,150659,0.484,-919400,-6217000,2520000,4902,1469,5319,21.98616791,-98.40211487,395488.5625
2161,50780,83,441,27525,0,341,150659,0.984,-917000,-6216000,2522000,4903,1473,5318,21.98616791,-98.40211487,395488.5625
2161,50781,83,441,43909,0,341,150660,0.234,-915800,-6216000,2524000,4903,1475,5317,21.98616791,-98.40211487,395488.5625
2161,50782,83,441,60293,0,341,150660,0.234,-915800,-6216000,2524000,4903,1475,5317,22.02229691,-98.37081909,395486.75
2161,50783,83,442,43909,0,341,150661,0.234,-910900,-6214000,2529000,4904,1482,5313,22.02229691,-98.37081909,395486.75
2161,50784,83,442,60293,0,341,150661,0.484,-909700,-6214000,2530000,4905,1484,5313,22.02229691,-98.37081909,395486.75
2161,50785,83,443,11141,0,341,150661,0.734,-908500,-6213000,2532000,4905,1486,5312,22.02229691,-98.37081909,395486.75
2161,50786,83,443,27525,0,341,150661,0.984,-907300,-6213000,2533000,4905,1487,5311,22.02229691,-98.37081909,395486.75
2161,50787,83,443,43909,0,341,150662,0.234,-906100,-6213000,2534000,4906,1489,5310,22.02229691,-98.37081909,395486.75
2161,50788,83,443,60293,0,341,150662,0.484,-904900,-6212000,2536000,4906,1491,5309,22.02229691,-98.37081909,395486.75
2161,50789,83,444,11141,0,341,150662,0.734,-903600,-6212000,2537000,4906,1493,5309,22.02229691,-98.37081909,395486.75
2161,50790,83,444,27525,0,341,150662,0.984,-902400,-6212000,2538000,4907,1495,5308,22.02229691,-98.37081909,395486.75
2161,50791,83,444,43909,0,341,150663,0.234,-901200,-6211000,2539000,4907,1496,5307,22.02229691,-98.37081909,395486.75
2161,50792,83,444,60293,0,341,150663,0.484,-900000,-6211000,2541000,4907,1498,5306,22.02229691,-98.37081909,395486.75
2161,50793,83,445,11141,0,341,150663,0.734,-898800,-6210000,2542000,4908,1500,5305,22.02229691,-98.37081909,395486.75
2161,50794,83,445,27525,0,341,150663,0.984,-897600,-6210000,2543000,4908,1502,5305,22.02229691,-98.37081909,395486.75
2161,50795,83,445,43909,0,341,150664,0.234,-896400,-6210000,2545000,4908,1504,5304,22.02229691,-98.37081909,395486.75
2161,50796,83,445,60293,0,341,150664,0.234,-896400,-6210000,2545000,4908,1504,5304,22.21556473,-98.20333099,395391.9688
2161,50797,83,446,11141,0,341,150664,0.234,-896400,-6210000,2545000,4908,1504,5304,22.22774506,-98.19270325,395388.5313
2161,50798,83,446,27525,0,341,150664,0.984,-892700,-6209000,2549000,4909,1509,5301,22.22774506,-98.19270325,395388.5313
2161,50799,83,446,43909,0,341,150665,0.234,-891500,-6208000,2550000,4910,1511,5300,22.22774506,-98.19270325,395388.5313
2161,50800,83,446,60293,0,341,150665,0.234,-891500,-6208000,2550000,4910,1511,5300,22.26380539,-98.16136169,395370.6875
2161,50801,83,447,11141,0,341,150665,0.734,-889100,-6207000,2553000,4910,1515,5299,22.26380539,-98.16136169,395370.6875
2161,50802,83,447,27525,0,341,150665,0.984,-887900,-6207000,2554000,4911,1516,5298,22.26380539,-98.16136169,395370.6875
2161,50803,83,447,43909,0,341,150666,0.234,-886700,-6207000,2555000,4911,1518,5297,22.26380539,-98.16136169,395370.6875
2161,50804,83,447,60293,0,341,150666,0.484,-885400,-6206000,2557000,4911,1520,5296,22.26380539,-98.16136169,395370.6875
2161,50805,83,448,11141,0,341,150666,0.734,-884200,-6206000,2558000,4912,1522,5295,22.26380539,-98.16136169,395370.6875
2161,50806,83,448,27525,0,341,150666,0.984,-883000,-6206000,2559000,4912,1524,5295,22.26380539,-98.16136169,395370.6875
2161,50807,83,448,43909,0,341,150667,0.234,-881800,-6205000,2560000,4912,1525,5294,22.26380539,-98.16136169,395370.6875
2161,50808,83,448,60293,0,341,150667,0.484,-880600,-6205000,2562000,4913,1527,5293,22.26380539,-98.16136169,395370.6875
2161,50809,83,449,11141,0,341,150667,0.734,-879300,-6204000,2563000,4913,1529,5292,22.26380539,-98.16136169,395370.6875
2161,50810,83,449,27525,0,341,150667,0.984,-878200,-6204000,2564000,4914,1531,5291,22.26380539,-98.16136169,395370.6875
2161,50811,83,449,43909,0,341,150668,0.234,-876900,-6204000,2566000,4914,1533,5291,22.26380539,-98.16136169,395370.6875
2161,50812,83,449,60293,0,341,150668,0.484,-875700,-6203000,2567000,4914,1534,5290,22.26380539,-98.16136169,395370.6875
2161,50813,83,450,11141,0,341,150668,0.734,-874500,-6203000,2568000,4915,1536,5289,22.26380539,-98.16136169,395370.6875
2161,50814,83,450,27525,0,341,150668,0.984,-873300,-6203000,2570000,4915,1538,5288,22.26380539,-98.16136169,395370.6875
2161,50815,83,450,43909,0,341,150669,0.234,-872100,-6202000,2571000,4915,1540,5287,22.26380539,-98.16136169,395370.6875
2161,50816,83,450,60293,0,341,150669,0.234,-872100,-6202000,2571000,4915,1540,5287,22.45685005,-97.99324799,395272.125
2161,50817,83,451,11141,0,341,150669,0.734,-869600,-6201000,2574000,4916,1543,5286,22.45685005,-97.99324799,395272.125
2161,50818,83,451,27525,0,341,150669,0.984,-868400,-6201000,2575000,4916,1545,5285,22.45685005,-97.99324799,395272.125
2161,50819,83,451,43909,0,341,150670,0.234,-867200,-6201000,2576000,4917,1547,5284,22.45685005,-97.99324799,395272.125
2161,50820,83,451,60293,0,341,150670,0.484,-866000,-6200000,2577000,4917,1549,5283,22.45685005,-97.99324799,395272.125
2161,50821,83,452,11141,0,341,150670,0.484,-866000,-6200000,2577000,4917,1549,5283,22.51717186,-97.94036865,395259.6563
2161,50822,83,452,27525,0,341,150670,0.984,-863600,-6200000,2580000,4918,1552,5281,22.51717186,-97.94036865,395259.6563
2161,50823,83,452,43909,0,341,150671,0.234,-862400,-6199000,2581000,4918,1554,5281,22.51717186,-97.94036865,395259.6563
2161,50824,83,452,60293,0,341,150671,0.484,-861100,-6199000,2583000,4918,1556,5280,22.51717186,-97.94036865,395259.6563
2161,50825,83,453,11141,0,341,150671,0.734,-859900,-6198000,2584000,4918,1558,5279,22.51717186,-97.94036865,395259.6563
2161,50826,83,453,27525,0,341,150671,0.984,-858700,-6198000,2585000,4919,1560,5278,22.51717186,-97.94036865,395259.6563
2161,50827,83,453,43909,0,341,150672,0.234,-857500,-6198000,2587000,4919,1561,5277,22.51717186,-97.94036865,395259.6563
2161,50828,83,453,60293,0,341,150672,0.484,-856300,-6197000,2588000,4919,1563,5277,22.51717186,-97.94036865,395259.6563
2161,50829,83,454,11141,0,341,150672,0.734,-855000,-6197000,2589000,4920,1565,5276,22.51717186,-97.94036865,395259.6563
2161,50830,83,454,27525,0,341,150672,0.984,-853900,-6196000,2590000,4920,1567,5275,22.51717186,-97.94036865,395259.6563
2161,50831,83,454,43909,0,341,150673,0.234,-852600,-6196000,2592000,4920,1569,5274,22.51717186,-97.94036865,395259.6563
2161,50832,83,454,60293,0,341,150673,0.484,-851400,-6196000,2593000,4921,1570,5273,22.51717186,-97.94036865,395259.6563
2161,50833,83,455,11141,0,341,150673,0.734,-850200,-6195000,2594000,4921,1572,5272,22.51717186,-97.94036865,395259.6563
2161,50834,83,455,28180,0,341,150673,0.984,-849000,-6195000,2596000,4921,1574,5272,22.51717186,-97.94036865,395259.6563
2161,50835,83,455,44564,0,341,150674,0.234,-847800,-6194000,2597000,4922,1576,5271,22.51717186,-97.94036865,395259.6563
2161,50836,83,455,60948,0,341,150674,0.234,-847800,-6194000,2597000,4922,1576,5271,22.69775963,-97.78225708,395168.0625
2161,50837,83,456,11796,0,341,150674,0.234,-847800,-6194000,2597000,4922,1576,5271,22.70995331,-97.77164459,395166.6563
2161,50838,83,456,28180,0,341,150674,0.984,-844100,-6193000,2601000,4923,1581,5268,22.70995331,-97.77164459,395166.6563
2161,50839,83,456,44564,0,341,150675,0.234,-842900,-6193000,2602000,4923,1583,5267,22.70995331,-97.77164459,395166.6563
2161,50840,83,456,60948,0,341,150675,0.484,-841700,-6193000,2604000,4923,1585,5266,22.70995331,-97.77164459,395166.6563
2161,50841,83,457,11796,0,341,150675,0.734,-840400,-6192000,2605000,4924,1587,5266,22.70995331,-97.77164459,395166.6563
2161,50842,83,457,28180,0,341,150675,0.984,-839300,-6192000,2606000,4924,1589,5265,22.70995331,-97.77164459,395166.6563
2161,50843,83,457,44564,0,341,150676,0.234,-838000,-6191000,2607000,4924,1590,5264,22.70995331,-97.77164459,395166.6563
2161,50844,83,457,60948,0,341,150676,0.484,-836800,-6191000,2609000,4925,1592,5263,22.70995331,-97.77164459,395166.6563
2161,50845,83,458,11796,0,341,150676,0.734,-835600,-6191000,2610000,4925,1594,5262,22.70995331,-97.77164459,395166.6563
2161,50846,83,458,28180,0,341,150676,0.984,-834400,-6190000,2611000,4925,1596,5261,22.70995331,-97.77164459,395166.6563
2161,50847,83,458,44564,0,341,150677,0.234,-833200,-6190000,2613000,4926,1598,5261,22.70995331,-97.77164459,395166.6563
2161,50848,83,458,60948,0,341,150677,0.484,-831900,-6189000,2614000,4926,1599,5260,22.70995331,-97.77164459,395166.6563
2161,50849,83,459,11796,0,341,150677,0.734,-830700,-6189000,2615000,4926,1601,5259,22.70995331,-97.77164459,395166.6563
2161,50850,83,459,28180,0,341,150677,0.984,-829500,-6189000,2617000,4927,1603,5258,22.70995331,-97.77164459,395166.6563
2161,50851,83,459,44564,0,341,150678,0.234,-828300,-6188000,2618000,4927,1605,5257,22.70995331,-97.77164459,395166.6563
2161,50852,83,459,60948,0,341,150678,0.484,-827000,-6188000,2619000,4927,1607,5256,22.70995331,-97.77164459,395166.6563
2161,50853,83,460,11796,0,341,150678,0.734,-825800,-6187000,2621000,4928,1608,5256,22.70995331,-97.77164459,395166.6563
2161,50854,83,460,28180,0,341,150678,0.984,-824600,-6187000,2622000,4928,1610,5255,22.70995331,-97.77164459,395166.6563
2161,50855,83,460,45219,0,341,150679,0.234,-823400,-6187000,2623000,4928,1612,5254,22.70995331,-97.77164459,395166.6563
2161,50856,83,460,61603,0,341,150679,0.484,-822200,-6186000,2624000,4929,1614,5253,22.70995331,-97.77164459,395166.6563
2161,50857,83,461,12451,0,341,150679,0.484,-822200,-6186000,2624000,4929,1614,5253,22.95053101,-97.55982208,395036
2161,50858,83,461,28835,0,341,150679,0.984,-819800,-6185000,2627000,4929,1617,5251,22.95053101,-97.55982208,395036
2161,50859,83,461,45219,0,341,150680,0.234,-818500,-6185000,2628000,4930,1619,5251,22.95053101,-97.55982208,395036
2161,50860,83,461,61603,0,341,150680,0.484,-817300,-6185000,2630000,4930,1621,5250,22.95053101,-97.55982208,395036
2161,50861,83,462,28835,0,341,150680,0.984,-814900,-6184000,2632000,4931,1625,5248,22.95053101,-97.55982208,395036
2161,50862,83,462,45219,0,341,150681,0.234,-813700,-6183000,2633000,4931,1626,5247,22.95053101,-97.55982208,395036
2161,50863,83,462,61603,0,341,150681,0.484,-812400,-6183000,2635000,4931,1628,5246,22.95053101,-97.55982208,395036
2161,50864,83,463,12451,0,341,150681,0.734,-811200,-6183000,2636000,4932,1630,5245,22.95053101,-97.55982208,395036
2161,50865,83,463,28835,0,341,150681,0.984,-810000,-6182000,2637000,4932,1632,5245,22.95053101,-97.55982208,395036
2161,50866,83,463,45219,0,341,150682,0.234,-808800,-6182000,2639000,4932,1633,5244,22.95053101,-97.55982208,395036
2161,50867,83,463,61603,0,341,150682,0.484,-807500,-6181000,2640000,4932,1635,5243,22.95053101,-97.55982208,395036
2161,50868,83,464,12451,0,341,150682,0.734,-806300,-6181000,2641000,4933,1637,5242,22.95053101,-97.55982208,395036
2161,50869,83,464,28835,0,341,150682,0.984,-805100,-6181000,2643000,4933,1639,5241,22.95053101,-97.55982208,395036
2161,50870,83,464,45219,0,341,150683,0.234,-803900,-6180000,2644000,4933,1641,5240,22.95053101,-97.55982208,395036
2161,50871,83,464,61603,0,341,150683,0.484,-802700,-6180000,2645000,4934,1643,5240,22.95053101,-97.55982208,395036
2161,50872,83,465,12451,0,341,150683,0.734,-801400,-6179000,2646000,4934,1644,5239,22.95053101,-97.55982208,395036
2161,50873,83,465,29491,0,341,150683,0.984,-800200,-6179000,2648000,4934,1646,5238,22.95053101,-97.55982208,395036
2161,50874,83,465,45875,0,341,150684,0.234,-799000,-6179000,2649000,4935,1648,5237,22.95053101,-97.55982208,395036
2161,50875,83,465,62259,0,341,150684,0.484,-797800,-6178000,2650000,4935,1650,5236,22.95053101,-97.55982208,395036
2161,50876,83,466,13107,0,341,150684,0.484,-797800,-6178000,2650000,4935,1650,5236,23.19081688,-97.34715271,394932.1875
2161,50877,83,466,29491,0,341,150684,0.984,-795400,-6177000,2653000,4936,1653,5234,23.19081688,-97.34715271,394932.1875
2161,50878,83,466,45875,0,341,150684,0.984,-795400,-6177000,2653000,4936,1653,5234,23.21456146,-97.32611847,394911.2188
2161,50879,83,466,62259,0,341,150684,0.984,-795400,-6177000,2653000,4936,1653,5234,23.22666168,-97.31534576,394912
2161,50880,83,467,29491,0,341,150685,0.984,-790500,-6176000,2658000,4937,1660,5231,23.22666168,-97.31534576,394912
2161,50881,83,467,45875,0,341,150686,0.234,-789200,-6175000,2659000,4937,1662,5230,23.22666168,-97.31534576,394912
2161,50882,83,467,62259,0,341,150686,0.484,-788000,-6175000,2661000,4937,1664,5229,23.22666168,-97.31534576,394912
2161,50883,83,468,13107,0,341,150686,0.734,-786800,-6174000,2662000,4938,1666,5228,23.22666168,-97.31534576,394912
2161,50884,83,468,29491,0,341,150686,0.984,-785600,-6174000,2663000,4938,1668,5228,23.22666168,-97.31534576,394912
2161,50885,83,468,45875,0,341,150687,0.234,-784400,-6174000,2665000,4938,1669,5227,23.22666168,-97.31534576,394912
2161,50886,83,468,62259,0,341,150687,0.484,-783100,-6173000,2666000,4939,1671,5226,23.22666168,-97.31534576,394912
2161,50887,83,469,13107,0,341,150687,0.734,-781900,-6173000,2667000,4939,1673,5225,23.22666168,-97.31534576,394912
2161,50888,83,469,29491,0,341,150687,0.984,-780700,-6172000,2668000,4939,1675,5224,23.22666168,-97.31534576,394912
2161,50889,83,469,45875,0,341,150688,0.234,-779500,-6172000,2670000,4940,1677,5223,23.22666168,-97.31534576,394912
2161,50890,83,469,62259,0,341,150688,0.484,-778300,-6172000,2671000,4940,1678,5222,23.22666168,-97.31534576,394912
2161,50891,83,470,13107,0,341,150688,0.734,-777000,-6171000,2672000,4940,1680,5222,23.22666168,-97.31534576,394912
2161,50892,83,470,29491,0,341,150688,0.984,-775800,-6171000,2674000,4941,1682,5221,23.22666168,-97.31534576,394912
2161,50893,83,470,45875,0,341,150689,0.234,-774600,-6170000,2675000,4941,1684,5220,23.22666168,-97.31534576,394912
2161,50894,83,471,13107,0,341,150689,0.734,-772100,-6169000,2678000,4942,1687,5218,23.22666168,-97.31534576,394912
2161,50895,83,471,29491,0,341,150689,0.984,-771000,-6169000,2679000,4942,1689,5217,23.22666168,-97.31534576,394912
2161,50896,83,471,45875,0,341,150689,0.984,-771000,-6169000,2679000,4942,1689,5217,23.45440865,-97.11257935,394799.2188
2161,50897,83,471,62259,0,341,150689,0.984,-771000,-6169000,2679000,4942,1689,5217,23.46648216,-97.10166168,394787.0625
2161,50898,83,472,13107,0,341,150690,0.734,-767200,-6168000,2683000,4943,1695,5215,23.46648216,-97.10166168,394787.0625
2161,50899,83,472,29491,0,341,150690,0.984,-766100,-6167000,2684000,4943,1696,5214,23.46648216,-97.10166168,394787.0625
2161,50900,83,472,45875,0,341,150691,0.234,-764800,-6167000,2685000,4943,1698,5213,23.46648216,-97.10166168,394787.0625
2161,50901,83,472,62259,0,341,150691,0.484,-763600,-6166000,2687000,4944,1700,5212,23.46648216,-97.10166168,394787.0625
2161,50902,83,473,13107,0,341,150691,0.734,-762300,-6166000,2688000,4944,1702,5211,23.46648216,-97.10166168,394787.0625
2161,50903,83,473,29491,0,341,150691,0.984,-761200,-6166000,2689000,4944,1704,5210,23.46648216,-97.10166168,394787.0625
2161,50904,83,473,45875,0,341,150692,0.234,-759900,-6165000,2690000,4945,1705,5210,23.46648216,-97.10166168,394787.0625
2161,50905,83,473,62259,0,341,150692,0.484,-758700,-6165000,2692000,4945,1707,5209,23.46648216,-97.10166168,394787.0625
2161,50906,83,474,13107,0,341,150692,0.734,-757500,-6164000,2693000,4945,1709,5208,23.46648216,-97.10166168,394787.0625
2161,50907,83,474,29491,0,341,150692,0.984,-756300,-6164000,2694000,4946,1711,5207,23.46648216,-97.10166168,394787.0625
2161,50908,83,474,45875,0,341,150693,0.234,-755000,-6164000,2696000,4946,1713,5206,23.46648216,-97.10166168,394787.0625
2161,50909,83,474,62914,0,341,150693,0.484,-753800,-6163000,2697000,4946,1714,5205,23.46648216,-97.10166168,394787.0625
2161,50910,83,475,13762,0,341,150693,0.734,-752600,-6163000,2698000,4946,1716,5204,23.46648216,-97.10166168,394787.0625
2161,50911,83,475,30146,0,341,150693,0.984,-751400,-6162000,2699000,4947,1718,5203,23.46648216,-97.10166168,394787.0625
2161,50912,83,475,46530,0,341,150694,0.234,-750100,-6162000,2701000,4947,1720,5203,23.46648216,-97.10166168,394787.0625
2161,50913,83,475,62914,0,341,150694,0.484,-748900,-6161000,2702000,4947,1721,5202,23.46648216,-97.10166168,394787.0625
2161,50914,83,476,13762,0,341,150694,0.734,-747700,-6161000,2703000,4948,1723,5201,23.46648216,-97.10166168,394787.0625
2161,50915,83,476,30146,0,341,150694,0.984,-746500,-6161000,2705000,4948,1725,5200,23.46648216,-97.10166168,394787.0625
2161,50916,83,476,46530,0,341,150694,0.984,-746500,-6161000,2705000,4948,1725,5200,23.69402122,-96.89808655,394669.4375
2161,50917,83,477,13762,0,341,150695,0.734,-742800,-6159000,2708000,4949,1730,5197,23.69402122,-96.89808655,394669.4375
2161,50918,83,477,30146,0,341,150695,0.984,-741600,-6159000,2710000,4949,1732,5197,23.69402122,-96.89808655,394669.4375
2161,50919,83,477,46530,0,341,150696,0.234,-740400,-6158000,2711000,4949,1734,5196,23.69402122,-96.89808655,394669.4375
2161,50920,83,477,62914,0,341,150696,0.484,-739100,-6158000,2712000,4950,1736,5195,23.69402122,-96.89808655,394669.4375
2161,50921,83,478,13762,0,341,150696,0.734,-737900,-6158000,2714000,4950,1738,5194,23.69402122,-96.89808655,394669.4375
2161,50922,83,478,30146,0,341,150696,0.984,-736700,-6157000,2715000,4950,1739,5193,23.69402122,-96.89808655,394669.4375
2161,50923,83,478,46530,0,341,150697,0.234,-735500,-6157000,2716000,4951,1741,5192,23.69402122,-96.89808655,394669.4375
2161,50924,83,478,62914,0,341,150697,0.484,-734200,-6156000,2717000,4951,1743,5191,23.69402122,-96.89808655,394669.4375
2161,50925,83,479,13762,0,341,150697,0.734,-733000,-6156000,2719000,4951,1745,5190,23.69402122,-96.89808655,394669.4375
2161,50926,83,479,30146,0,341,150697,0.984,-731800,-6155000,2720000,4952,1747,5190,23.69402122,-96.89808655,394669.4375
2161,50927,83,479,46530,0,341,150698,0.234,-730600,-6155000,2721000,4952,1748,5189,23.69402122,-96.89808655,394669.4375
2161,50928,83,479,63569,0,341,150698,0.484,-729300,-6155000,2723000,4952,1750,5188,23.69402122,-96.89808655,394669.4375
2161,50929,83,480,14417,0,341,150698,0.734,-728100,-6154000,2724000,4952,1752,5187,23.69402122,-96.89808655,394669.4375
2161,50930,83,480,30801,0,341,150698,0.734,-728100,-6154000,2724000,4952,1752,5187,23.87331963,-96.73686981,394578.5
2161,50931,83,480,63569,0,341,150699,0.484,-724400,-6153000,2728000,4953,1757,5184,23.87331963,-96.73686981,394578.5
2161,50932,83,481,14417,0,341,150699,0.734,-723200,-6152000,2729000,4954,1759,5183,23.87331963,-96.73686981,394578.5
2161,50933,83,481,30801,0,341,150699,0.984,-722000,-6152000,2730000,4954,1761,5183,23.87331963,-96.73686981,394578.5
2161,50934,83,481,47185,0,341,150699,0.984,-722000,-6152000,2730000,4954,1761,5183,23.9331131,-96.68279266,394546.125
2161,50935,83,481,63569,0,341,150700,0.484,-719500,-6151000,2733000,4955,1764,5181,23.9331131,-96.68279266,394546.125
2161,50936,83,482,14417,0,341,150700,0.734,-718300,-6151000,2734000,4955,1766,5180,23.9331131,-96.68279266,394546.125
2161,50937,83,482,30801,0,341,150700,0.984,-717100,-6150000,2735000,4955,1768,5179,23.9331131,-96.68279266,394546.125
2161,50938,83,482,47185,0,341,150701,0.234,-715900,-6150000,2737000,4955,1770,5178,23.9331131,-96.68279266,394546.125
2161,50939,83,482,63569,0,341,150701,0.484,-714600,-6149000,2738000,4956,1772,5177,23.9331131,-96.68279266,394546.125
2161,50940,83,483,14417,0,341,150701,0.734,-713400,-6149000,2739000,4956,1773,5176,23.9331131,-96.68279266,394546.125
2161,50941,83,483,30801,0,341,150701,0.984,-712200,-6148000,2741000,4956,1775,5176,23.9331131,-96.68279266,394546.125
2161,50942,83,483,47185,0,341,150702,0.234,-711000,-6148000,2742000,4957,1777,5175,23.9331131,-96.68279266,394546.125
2161,50943,83,483,63569,0,341,150702,0.484,-709700,-6148000,2743000,4957,1779,5174,23.9331131,-96.68279266,394546.125
2161,50944,83,484,14417,0,341,150702,0.734,-708500,-6147000,2744000,4957,1781,5173,23.9331131,-96.68279266,394546.125
2161,50945,83,484,30801,0,341,150702,0.984,-707300,-6147000,2746000,4957,1782,5172,23.9331131,-96.68279266,394546.125
2161,50946,83,484,47841,0,341,150703,0.234,-706100,-6146000,2747000,4958,1784,5171,23.9331131,-96.68279266,394546.125
2161,50947,83,484,64225,0,341,150703,0.484,-704800,-6146000,2748000,4958,1786,5170,23.9331131,-96.68279266,394546.125
2161,50948,83,485,15073,0,341,150703,0.484,-704800,-6146000,2748000,4958,1786,5170,24.10057831,-96.53135681,394455.25
2161,50949,83,485,31457,0,341,150703,0.484,-704800,-6146000,2748000,4958,1786,5170,24.11214638,-96.52091217,394448.4375
2161,50950,83,485,47841,0,341,150704,0.234,-701200,-6144000,2752000,4959,1791,5168,24.11214638,-96.52091217,394448.4375
2161,50951,83,485,64225,0,341,150704,0.484,-699900,-6144000,2753000,4959,1793,5167,24.11214638,-96.52091217,394448.4375
2161,50952,83,486,15073,0,341,150704,0.734,-698700,-6144000,2755000,4959,1795,5166,24.11214638,-96.52091217,394448.4375
2161,50953,83,486,31457,0,341,150704,0.984,-697500,-6143000,2756000,4960,1797,5165,24.11214638,-96.52091217,394448.4375
2161,50954,83,486,47841,0,341,150704,0.984,-697500,-6143000,2756000,4960,1797,5165,24.17190552,-96.46669769,394416.7188
2161,50955,83,486,64225,0,341,150704,0.984,-697500,-6143000,2756000,4960,1797,5165,24.18401146,-96.45568085,394413.875
2161,50956,83,487,15073,0,341,150705,0.734,-693800,-6142000,2760000,4961,1802,5162,24.18401146,-96.45568085,394413.875
2161,50957,83,487,31457,0,341,150705,0.984,-692600,-6141000,2761000,4961,1804,5161,24.18401146,-96.45568085,394413.875
2161,50958,83,487,47841,0,341,150706,0.234,-691300,-6141000,2762000,4961,1806,5160,24.18401146,-96.45568085,394413.875
2161,50959,83,487,64225,0,341,150706,0.484,-690100,-6140000,2764000,4961,1807,5160,24.18401146,-96.45568085,394413.875
2161,50960,83,488,15073,0,341,150706,0.734,-688900,-6140000,2765000,4962,1809,5159,24.18401146,-96.45568085,394413.875
2161,50961,83,488,31457,0,341,150706,0.984,-687700,-6140000,2766000,4962,1811,5158,24.18401146,-96.45568085,394413.875
2161,50962,83,488,47841,0,341,150707,0.234,-686400,-6139000,2767000,4962,1813,5157,24.18401146,-96.45568085,394413.875
2161,50963,83,488,64225,0,341,150707,0.484,-685200,-6139000,2769000,4963,1814,5156,24.18401146,-96.45568085,394413.875
2161,50964,83,489,15073,0,341,150707,0.734,-684000,-6138000,2770000,4963,1816,5155,24.18401146,-96.45568085,394413.875
2161,50965,83,489,31457,0,341,150707,0.984,-682800,-6138000,2771000,4963,1818,5154,24.18401146,-96.45568085,394413.875
2161,50966,83,489,47841,0,341,150708,0.234,-681500,-6137000,2772000,4963,1820,5153,24.18401146,-96.45568085,394413.875
2161,50967,83,489,64880,0,341,150708,0.484,-680300,-6137000,2774000,4964,1822,5152,24.18401146,-96.45568085,394413.875
2161,50968,83,490,15728,0,341,150708,0.734,-679000,-6136000,2775000,4964,1823,5152,24.18401146,-96.45568085,394413.875
2161,50969,83,490,64880,0,341,150709,0.484,-675400,-6135000,2779000,4965,1829,5149,24.18401146,-96.45568085,394413.875
2161,50970,83,491,15728,0,341,150709,0.734,-674100,-6135000,2780000,4965,1831,5148,24.18401146,-96.45568085,394413.875
2161,50971,83,491,32112,0,341,150709,0.984,-673000,-6134000,2781000,4965,1832,5147,24.18401146,-96.45568085,394413.875
2161,50972,83,491,48496,0,341,150710,0.234,-671700,-6134000,2783000,4966,1834,5146,24.18401146,-96.45568085,394413.875
2161,50973,83,491,64880,0,341,150710,0.484,-670500,-6133000,2784000,4966,1836,5145,24.18401146,-96.45568085,394413.875
2161,50974,83,492,15728,0,341,150710,0.734,-669200,-6133000,2785000,4966,1838,5144,24.18401146,-96.45568085,394413.875
2161,50975,83,492,32112,0,341,150710,0.984,-668000,-6132000,2787000,4967,1839,5144,24.18401146,-96.45568085,394413.875
2161,50976,83,492,48496,0,341,150711,0.234,-666800,-6132000,2788000,4967,1841,5143,24.18401146,-96.45568085,394413.875
2161,50977,83,492,64880,0,341,150711,0.484,-665600,-6131000,2789000,4967,1843,5142,24.18401146,-96.45568085,394413.875
2161,50978,83,493,15728,0,341,150711,0.734,-664300,-6131000,2790000,4967,1845,5141,24.18401146,-96.45568085,394413.875
2161,50979,83,493,32112,0,341,150711,0.984,-663100,-6130000,2792000,4968,1847,5140,24.18401146,-96.45568085,394413.875
2161,50980,83,493,48496,0,341,150712,0.234,-661900,-6130000,2793000,4968,1848,5139,24.18401146,-96.45568085,394413.875
2161,50981,83,493,64880,0,341,150712,0.484,-660600,-6130000,2794000,4968,1850,5138,24.18401146,-96.45568085,394413.875
2161,50982,83,494,16384,0,341,150712,0.734,-659400,-6129000,2795000,4968,1852,5137,24.18401146,-96.45568085,394413.875
2161,50983,83,494,32768,0,341,150712,0.984,-658200,-6129000,2797000,4969,1854,5136,24.18401146,-96.45568085,394413.875
2161,50984,83,494,49152,0,341,150713,0.234,-657000,-6128000,2798000,4969,1855,5135,24.18401146,-96.45568085,394413.875
2161,50985,83,495,16384,0,341,150713,0.734,-654500,-6127000,2801000,4970,1859,5134,24.18401146,-96.45568085,394413.875
2161,50986,83,495,32768,0,341,150713,0.984,-653300,-6127000,2802000,4970,1861,5133,24.18401146,-96.45568085,394413.875
2161,50987,83,495,49152,0,341,150714,0.234,-652100,-6126000,2803000,4970,1863,5132,24.18401146,-96.45568085,394413.875
2161,50988,83,496,0,0,341,150714,0.484,-650800,-6126000,2804000,4970,1864,5131,24.18401146,-96.45568085,394413.875
2161,50989,83,496,16384,0,341,150714,0.734,-649600,-6125000,2806000,4971,1866,5130,24.18401146,-96.45568085,394413.875
2161,50990,83,496,32768,0,341,150714,0.984,-648400,-6125000,2807000,4971,1868,5129,24.18401146,-96.45568085,394413.875
2161,50991,83,496,49152,0,341,150715,0.234,-647100,-6125000,2808000,4971,1870,5128,24.18401146,-96.45568085,394413.875
2161,50992,83,497,0,0,341,150715,0.484,-645900,-6124000,2809000,4972,1871,5127,24.18401146,-96.45568085,394413.875
2161,50993,83,497,16384,0,341,150715,0.734,-644700,-6124000,2811000,4972,1873,5126,24.18401146,-96.45568085,394413.875
2161,50994,83,497,32768,0,341,150715,0.984,-643500,-6123000,2812000,4972,1875,5126,24.18401146,-96.45568085,394413.875
2161,50995,83,497,49152,0,341,150716,0.234,-642200,-6123000,2813000,4972,1877,5125,24.18401146,-96.45568085,394413.875
2161,50996,83,498,0,0,341,150716,0.484,-641000,-6122000,2814000,4973,1879,5124,24.18401146,-96.45568085,394413.875
2161,50997,83,498,16384,0,341,150716,0.734,-639700,-6122000,2816000,4973,1880,5123,24.18401146,-96.45568085,394413.875
2161,50998,83,498,32768,0,341,150716,0.984,-638500,-6121000,2817000,4973,1882,5122,24.18401146,-96.45568085,394413.875
2161,50999,83,498,49152,0,341,150717,0.234,-637300,-6121000,2818000,4973,1884,5121,24.18401146,-96.45568085,394413.875
2161,51000,83,499,0,0,341,150717,0.484,-636100,-6120000,2820000,4974,1886,5120,24.18401146,-96.45568085,394413.875
2161,51001,83,499,16384,0,341,150717,0.734,-634800,-6120000,2821000,4974,1888,5119,24.18401146,-96.45568085,394413.875
2161,51002,83,499,32768,0,341,150717,0.984,-633600,-6119000,2822000,4974,1889,5118,24.18401146,-96.45568085,394413.875
2161,51003,83,499,49152,0,341,150718,0.234,-632400,-6119000,2823000,4975,1891,5117,24.18401146,-96.45568085,394413.875
2161,51004,83,500,0,0,341,150718,0.234,-632400,-6119000,2823000,4975,1891,5117,24.80317116,-95.8894043,394077.1875
2161,51005,83,500,32768,0,341,150718,0.984,-628700,-6118000,2827000,4975,1896,5115,24.80317116,-95.8894043,394077.1875
2161,51006,83,500,49152,0,341,150719,0.234,-627500,-6117000,2828000,4976,1898,5114,24.80317116,-95.8894043,394077.1875
2161,51007,83,501,0,0,341,150719,0.484,-626200,-6117000,2830000,4976,1900,5113,24.80317116,-95.8894043,394077.1875
2161,51008,83,501,16384,0,341,150719,0.734,-625000,-6116000,2831000,4976,1902,5112,24.80317116,-95.8894043,394077.1875
2161,51009,83,501,32768,0,341,150719,0.984,-623800,-6116000,2832000,4976,1903,5111,24.80317116,-95.8894043,394077.1875
2161,51010,83,501,49152,0,341,150720,0.234,-622500,-6115000,2833000,4977,1905,5110,24.80317116,-95.8894043,394077.1875
2161,51011,83,502,0,0,341,150720,0.484,-621300,-6115000,2835000,4977,1907,5109,24.80317116,-95.8894043,394077.1875
2161,51012,83,502,16384,0,341,150720,0.734,-620000,-6114000,2836000,4977,1909,5108,24.80317116,-95.8894043,394077.1875
2161,51013,83,502,32768,0,341,150720,0.984,-618900,-6114000,2837000,4978,1911,5107,24.80317116,-95.8894043,394077.1875
2161,51014,83,502,49152,0,341,150721,0.234,-617600,-6113000,2839000,4978,1912,5107,24.80317116,-95.8894043,394077.1875
2161,51015,83,503,0,0,341,150721,0.484,-616400,-6113000,2840000,4978,1914,5106,24.80317116,-95.8894043,394077.1875
2161,51016,83,503,16384,0,341,150721,0.734,-615100,-6112000,2841000,4978,1916,5105,24.80317116,-95.8894043,394077.1875
2161,51017,83,503,32768,0,341,150721,0.984,-613900,-6112000,2842000,4979,1918,5104,24.80317116,-95.8894043,394077.1875
2161,51018,83,503,49152,0,341,150722,0.234,-612700,-6111000,2844000,4979,1919,5103,24.80317116,-95.8894043,394077.1875
2161,51019,83,504,0,0,341,150722,0.484,-611400,-6111000,2845000,4979,1921,5102,24.80317116,-95.8894043,394077.1875
2161,51020,83,504,16384,0,341,150722,0.734,-610200,-6110000,2846000,4979,1923,5101,24.80317116,-95.8894043,394077.1875
2161,51021,83,504,32768,0,341,150722,0.984,-609000,-6110000,2847000,4980,1925,5100,24.80317116,-95.8894043,394077.1875
2161,51022,83,504,49152,0,341,150723,0.234,-607800,-6109000,2849000,4980,1927,5099,24.80317116,-95.8894043,394077.1875
2161,51023,83,505,0,0,341,150723,0.234,-607800,-6109000,2849000,4980,1927,5099,25.04064178,-95.66994476,393949.625
2161,51024,83,505,16384,0,341,150723,0.734,-605300,-6109000,2851000,4980,1930,5097,25.04064178,-95.66994476,393949.625
2161,51025,83,505,32768,0,341,150723,0.984,-604100,-6108000,2852000,4981,1932,5096,25.04064178,-95.66994476,393949.625
2161,51026,83,505,49152,0,341,150724,0.234,-602800,-6108000,2854000,4981,1934,5096,25.04064178,-95.66994476,393949.625
2161,51027,83,506,0,0,341,150724,0.484,-601600,-6107000,2855000,4981,1935,5095,25.04064178,-95.66994476,393949.625
2161,51028,83,506,16384,0,341,150724,0.734,-600400,-6107000,2856000,4981,1937,5094,25.04064178,-95.66994476,393949.625
2161,51029,83,506,32768,0,341,150724,0.984,-599200,-6106000,2857000,4982,1939,5093,25.04064178,-95.66994476,393949.625
2161,51030,83,506,49152,0,341,150725,0.234,-597900,-6106000,2859000,4982,1941,5092,25.04064178,-95.66994476,393949.625
2161,51031,83,507,0,0,341,150725,0.484,-596700,-6105000,2860000,4982,1943,5091,25.04064178,-95.66994476,393949.625
2161,51032,83,507,16384,0,341,150725,0.734,-595400,-6105000,2861000,4983,1944,5090,25.04064178,-95.66994476,393949.625
2161,51033,83,507,32768,0,341,150725,0.984,-594200,-6104000,2862000,4983,1946,5089,25.04064178,-95.66994476,393949.625
2161,51034,83,507,49152,0,341,150726,0.234,-593000,-6104000,2864000,4983,1948,5088,25.04064178,-95.66994476,393949.625
2161,51035,83,508,0,0,341,150726,0.484,-591700,-6103000,2865000,4983,1950,5087,25.04064178,-95.66994476,393949.625
2161,51036,83,508,16384,0,341,150726,0.734,-590500,-6103000,2866000,4984,1951,5086,25.04064178,-95.66994476,393949.625
2161,51037,83,508,32768,0,341,150726,0.984,-589300,-6102000,2868000,4984,1953,5085,25.04064178,-95.66994476,393949.625
2161,51038,83,508,49152,0,341,150727,0.234,-588100,-6102000,2869000,4984,1955,5084,25.04064178,-95.66994476,393949.625
2161,51039,83,509,0,0,341,150727,0.484,-586800,-6101000,2870000,4984,1957,5084,25.04064178,-95.66994476,393949.625
2161,51040,83,509,16384,0,341,150727,0.734,-585600,-6101000,2871000,4985,1958,5083,25.04064178,-95.66994476,393949.625
2161,51041,83,509,32768,0,341,150727,0.734,-585600,-6101000,2871000,4985,1958,5083,25.25384712,-95.47182465,393832.125
2161,51042,83,509,49152,0,341,150728,0.234,-583100,-6100000,2874000,4985,1962,5081,25.25384712,-95.47182465,393832.125
2161,51043,83,510,0,0,341,150728,0.484,-581900,-6099000,2875000,4985,1964,5080,25.25384712,-95.47182465,393832.125
2161,51044,83,510,16384,0,341,150728,0.734,-580600,-6099000,2876000,4986,1966,5079,25.25384712,-95.47182465,393832.125
2161,51045,83,510,32768,0,341,150728,0.984,-579400,-6098000,2878000,4986,1967,5078,25.25384712,-95.47182465,393832.125
2161,51046,83,510,49152,0,341,150729,0.234,-578200,-6098000,2879000,4986,1969,5077,25.25384712,-95.47182465,393832.125
2161,51047,83,511,0,0,341,150729,0.484,-576900,-6097000,2880000,4986,1971,5076,25.25384712,-95.47182465,393832.125
2161,51048,83,511,16384,0,341,150729,0.734,-575700,-6097000,2881000,4987,1973,5075,25.25384712,-95.47182465,393832.125
2161,51049,83,511,32768,0,341,150729,0.984,-574500,-6096000,2883000,4987,1974,5074,25.25384712,-95.47182465,393832.125
2161,51050,83,511,49152,0,341,150730,0.234,-573300,-6096000,2884000,4987,1976,5073,25.25384712,-95.47182465,393832.125
2161,51051,83,512,0,0,341,150730,0.484,-572000,-6095000,2885000,4987,1978,5072,25.25384712,-95.47182465,393832.125
2161,51052,83,512,16384,0,341,150730,0.734,-570800,-6095000,2886000,4988,1980,5072,25.25384712,-95.47182465,393832.125
2161,51053,83,512,32768,0,341,150730,0.984,-569600,-6094000,2888000,4988,1982,5071,25.25384712,-95.47182465,393832.125
2161,51054,83,512,49152,0,341,150731,0.234,-568300,-6094000,2889000,4988,1983,5070,25.25384712,-95.47182465,393832.125
2161,51055,83,513,0,0,341,150731,0.484,-567100,-6093000,2890000,4988,1985,5069,25.25384712,-95.47182465,393832.125
2161,51056,83,513,16384,0,341,150731,0.734,-565800,-6093000,2891000,4989,1987,5068,25.25384712,-95.47182465,393832.125
2161,51057,83,513,32768,0,341,150731,0.984,-564600,-6093000,2893000,4989,1989,5067,25.25384712,-95.47182465,393832.125
2161,51058,83,513,49807,0,341,150732,0.234,-563400,-6092000,2894000,4989,1990,5066,25.25384712,-95.47182465,393832.125
2161,51059,83,514,655,0,341,150732,0.484,-562100,-6092000,2895000,4989,1992,5065,25.25384712,-95.47182465,393832.125
2161,51060,83,514,17039,0,341,150732,0.734,-560900,-6091000,2896000,4990,1994,5064,25.25384712,-95.47182465,393832.125
2161,51061,83,514,49807,0,341,150733,0.234,-558500,-6090000,2899000,4990,1997,5062,25.25384712,-95.47182465,393832.125
2161,51062,83,515,655,0,341,150733,0.484,-557200,-6090000,2900000,4990,1999,5061,25.25384712,-95.47182465,393832.125
2161,51063,83,515,17039,0,341,150733,0.734,-556000,-6089000,2901000,4991,2001,5060,25.25384712,-95.47182465,393832.125
2161,51064,83,515,33423,0,341,150733,0.984,-554800,-6089000,2903000,4991,2003,5059,25.25384712,-95.47182465,393832.125
2161,51065,83,515,49807,0,341,150734,0.234,-553500,-6088000,2904000,4991,2005,5058,25.25384712,-95.47182465,393832.125
2161,51066,83,516,655,0,341,150734,0.484,-552300,-6088000,2905000,4991,2006,5058,25.25384712,-95.47182465,393832.125
2161,51067,83,516,17039,0,341,150734,0.734,-551000,-6087000,2906000,4992,2008,5057,25.25384712,-95.47182465,393832.125
2161,51068,83,516,33423,0,341,150734,0.984,-549800,-6087000,2908000,4992,2010,5056,25.25384712,-95.47182465,393832.125
2161,51069,83,516,49807,0,341,150735,0.234,-548600,-6086000,2909000,4992,2012,5055,25.25384712,-95.47182465,393832.125
2161,51070,83,517,655,0,341,150735,0.484,-547300,-6086000,2910000,4992,2013,5054,25.25384712,-95.47182465,393832.125
2161,51071,83,517,17039,0,341,150735,0.734,-546100,-6085000,2911000,4993,2015,5053,25.25384712,-95.47182465,393832.125
2161,51072,83,517,33423,0,341,150735,0.984,-544900,-6085000,2913000,4993,2017,5052,25.25384712,-95.47182465,393832.125
2161,51073,83,517,49807,0,341,150736,0.234,-543600,-6084000,2914000,4993,2019,5051,25.25384712,-95.47182465,393832.125
2161,51074,83,518,655,0,341,150736,0.484,-542400,-6084000,2915000,4993,2020,5050,25.25384712,-95.47182465,393832.125
2161,51075,83,518,17039,0,341,150736,0.734,-541100,-6083000,2916000,4994,2022,5049,25.25384712,-95.47182465,393832.125
2161,51076,83,518,33423,0,341,150736,0.984,-539900,-6083000,2918000,4994,2024,5048,25.25384712,-95.47182465,393832.125
2161,51077,83,518,49807,0,341,150737,0.234,-538700,-6082000,2919000,4994,2026,5047,25.25384712,-95.47182465,393832.125
2161,51078,83,519,655,0,341,150737,0.484,-537500,-6082000,2920000,4994,2027,5046,25.25384712,-95.47182465,393832.125
2161,51079,83,519,17039,0,341,150737,0.734,-536200,-6081000,2921000,4995,2029,5045,25.25384712,-95.47182465,393832.125
2161,51080,83,519,33423,0,341,150737,0.984,-535000,-6081000,2923000,4995,2031,5044,25.25384712,-95.47182465,393832.125
2161,51081,83,519,49807,0,341,150738,0.234,-533800,-6080000,2924000,4995,2033,5044,25.25384712,-95.47182465,393832.125
2161,51082,83,520,655,0,341,150738,0.484,-532500,-6080000,2925000,4995,2035,5043,25.25384712,-95.47182465,393832.125
2161,51083,83,520,17039,0,341,150738,0.734,-531300,-6079000,2926000,4996,2036,5042,25.25384712,-95.47182465,393832.125
2161,51084,83,520,49807,0,341,150739,0.234,-528800,-6078000,2929000,4996,2040,5040,25.25384712,-95.47182465,393832.125
2161,51085,83,521,655,0,341,150739,0.484,-527600,-6078000,2930000,4996,2042,5039,25.25384712,-95.47182465,393832.125
2161,51086,83,521,17039,0,341,150739,0.734,-526300,-6077000,2931000,4997,2043,5038,25.25384712,-95.47182465,393832.125
2161,51087,83,521,33423,0,341,150739,0.984,-525100,-6077000,2933000,4997,2045,5037,25.25384712,-95.47182465,393832.125
2161,51088,83,521,49807,0,341,150740,0.234,-523900,-6076000,2934000,4997,2047,5036,25.25384712,-95.47182465,393832.125
2161,51089,83,522,655,0,341,150740,0.484,-522600,-6076000,2935000,4997,2049,5035,25.25384712,-95.47182465,393832.125
2161,51090,83,522,17039,0,341,150740,0.734,-521400,-6075000,2936000,4998,2050,5034,25.25384712,-95.47182465,393832.125
2161,51091,83,522,33423,0,341,150740,0.984,-520200,-6075000,2938000,4998,2052,5033,25.25384712,-95.47182465,393832.125
2161,51092,83,522,49807,0,341,150741,0.234,-518900,-6074000,2939000,4998,2054,5032,25.25384712,-95.47182465,393832.125
2161,51093,83,523,655,0,341,150741,0.484,-517700,-6073000,2940000,4998,2056,5031,25.25384712,-95.47182465,393832.125
2161,51094,83,523,17039,0,341,150741,0.734,-516400,-6073000,2941000,4999,2057,5030,25.25384712,-95.47182465,393832.125
2161,51095,83,523,33423,0,341,150741,0.984,-515200,-6072000,2943000,4999,2059,5029,25.25384712,-95.47182465,393832.125
2161,51096,83,523,49807,0,341,150742,0.234,-514000,-6072000,2944000,4999,2061,5028,25.25384712,-95.47182465,393832.125
2161,51097,83,524,655,0,341,150742,0.484,-512700,-6071000,2945000,4999,2063,5027,25.25384712,-95.47182465,393832.125
2161,51098,83,524,17039,0,341,150742,0.734,-511500,-6071000,2946000,5000,2065,5027,25.25384712,-95.47182465,393832.125
2161,51099,83,524,33423,0,341,150742,0.984,-510300,-6070000,2948000,5000,2066,5026,25.25384712,-95.47182465,393832.125
2161,51100,83,524,49807,0,341,150743,0.234,-509000,-6070000,2949000,5000,2068,5025,25.25384712,-95.47182465,393832.125
2161,51101,83,525,655,0,341,150743,0.484,-507800,-6069000,2950000,5000,2070,5024,25.25384712,-95.47182465,393832.125
2161,51102,83,525,33423,0,341,150743,0.984,-505400,-6068000,2953000,5001,2073,5022,25.25384712,-95.47182465,393832.125
2161,51103,83,525,49807,0,341,150744,0.234,-504100,-6068000,2954000,5001,2075,5021,25.25384712,-95.47182465,393832.125
2161,51104,83,526,655,0,341,150744,0.484,-502800,-6067000,2955000,5001,2077,5020,25.25384712,-95.47182465,393832.125
2161,51105,83,526,17039,0,341,150744,0.734,-501600,-6067000,2956000,5001,2079,5019,25.25384712,-95.47182465,393832.125
2161,51106,83,526,33423,0,341,150744,0.984,-500400,-6066000,2958000,5002,2080,5018,25.25384712,-95.47182465,393832.125
2161,51107,83,526,49807,0,341,150745,0.234,-499200,-6066000,2959000,5002,2082,5017,25.25384712,-95.47182465,393832.125
2161,51108,83,527,655,0,341,150745,0.484,-497900,-6065000,2960000,5002,2084,5016,25.25384712,-95.47182465,393832.125
2161,51109,83,527,17039,0,341,150745,0.734,-496600,-6065000,2961000,5002,2086,5015,25.25384712,-95.47182465,393832.125
2161,51110,83,527,33423,0,341,150745,0.984,-495500,-6064000,2963000,5003,2087,5014,25.25384712,-95.47182465,393832.125
2161,51111,83,527,49807,0,341,150746,0.234,-494200,-6064000,2964000,5003,2089,5013,25.25384712,-95.47182465,393832.125
2161,51112,83,528,655,0,341,150746,0.484,-493000,-6063000,2965000,5003,2091,5012,25.25384712,-95.47182465,393832.125
2161,51113,83,528,17039,0,341,150746,0.734,-491700,-6063000,2966000,5003,2093,5011,25.25384712,-95.47182465,393832.125
2161,51114,83,528,33423,0,341,150746,0.984,-490500,-6062000,2967000,5004,2094,5010,25.25384712,-95.47182465,393832.125
2161,51115,83,528,50462,0,341,150747,0.234,-489300,-6062000,2969000,5004,2096,5009,25.25384712,-95.47182465,393832.125
2161,51116,83,529,1310,0,341,150747,0.484,-488000,-6061000,2970000,5004,2098,5008,25.25384712,-95.47182465,393832.125
2161,51117,83,529,17694,0,341,150747,0.734,-486800,-6061000,2971000,5004,2100,5007,25.25384712,-95.47182465,393832.125
2161,51118,83,529,34078,0,341,150747,0.734,-486800,-6061000,2971000,5004,2100,5007,26.19833183,-94.58097839,393295.3125
2161,51119,83,529,50462,0,341,150748,0.234,-484300,-6060000,2974000,5005,2103,5006,26.19833183,-94.58097839,393295.3125
2161,51120,83,530,1310,0,341,150748,0.484,-483100,-6059000,2975000,5005,2105,5005,26.19833183,-94.58097839,393295.3125
2161,51121,83,530,17694,0,341,150748,0.734,-481800,-6059000,2976000,5005,2107,5004,26.19833183,-94.58097839,393295.3125
2161,51122,83,530,34078,0,341,150748,0.984,-480600,-6058000,2977000,5005,2109,5003,26.19833183,-94.58097839,393295.3125
2161,51123,83,530,50462,0,341,150749,0.234,-479400,-6058000,2979000,5006,2110,5002,26.19833183,-94.58097839,393295.3125
2161,51124,83,531,1310,0,341,150749,0.484,-478100,-6057000,2980000,5006,2112,5001,26.19833183,-94.58097839,393295.3125
2161,51125,83,531,17694,0,341,150749,0.734,-476900,-6056000,2981000,5006,2114,5000,26.19833183,-94.58097839,393295.3125
2161,51126,83,531,34078,0,341,150749,0.984,-475700,-6056000,2982000,5006,2116,4999,26.19833183,-94.58097839,393295.3125
2161,51127,83,531,50462,0,341,150750,0.234,-474400,-6055000,2984000,5007,2117,4998,26.19833183,-94.58097839,393295.3125
2161,51128,83,532,1310,0,341,150750,0.484,-473100,-6055000,2985000,5007,2119,4997,26.19833183,-94.58097839,393295.3125
2161,51129,83,532,17694,0,341,150750,0.734,-471900,-6054000,2986000,5007,2121,4996,26.19833183,-94.58097839,393295.3125
2161,51130,83,532,34078,0,341,150750,0.984,-470700,-6054000,2987000,5007,2123,4995,26.19833183,-94.58097839,393295.3125
2161,51131,83,532,50462,0,341,150751,0.234,-469500,-6053000,2989000,5007,2124,4994,26.19833183,-94.58097839,393295.3125
2161,51132,83,533,1310,0,341,150751,0.484,-468200,-6053000,2990000,5008,2126,4993,26.19833183,-94.58097839,393295.3125
2161,51133,83,533,17694,0,341,150751,0.734,-467000,-6052000,2991000,5008,2128,4992,26.19833183,-94.58097839,393295.3125
2161,51134,83,533,34078,0,341,150751,0.984,-465800,-6052000,2992000,5008,2130,4991,26.19833183,-94.58097839,393295.3125
2161,51135,83,533,51118,0,341,150752,0.234,-464500,-6051000,2993000,5008,2131,4990,26.19833183,-94.58097839,393295.3125
2161,51136,83,534,1966,0,341,150752,0.484,-463200,-6051000,2995000,5009,2133,4989,26.19833183,-94.58097839,393295.3125
2161,51137,83,534,18350,0,341,150752,0.734,-462000,-6050000,2996000,5009,2135,4988,26.19833183,-94.58097839,393295.3125
2161,51138,83,534,34734,0,341,150752,0.734,-462000,-6050000,2996000,5009,2135,4988,26.43347549,-94.35572815,393147.9063
2161,51139,83,534,51118,0,341,150753,0.234,-459500,-6049000,2998000,5009,2138,4986,26.43347549,-94.35572815,393147.9063
2161,51140,83,535,1966,0,341,150753,0.484,-458300,-6049000,3000000,5009,2140,4985,26.43347549,-94.35572815,393147.9063
2161,51141,83,535,18350,0,341,150753,0.734,-457000,-6048000,3001000,5010,2142,4984,26.43347549,-94.35572815,393147.9063
2161,51142,83,535,34734,0,341,150753,0.984,-455800,-6048000,3002000,5010,2144,4984,26.43347549,-94.35572815,393147.9063
2161,51143,83,535,51118,0,341,150754,0.234,-454600,-6047000,3003000,5010,2145,4983,26.43347549,-94.35572815,393147.9063
2161,51144,83,536,1966,0,341,150754,0.484,-453300,-6046000,3005000,5010,2147,4982,26.43347549,-94.35572815,393147.9063
2161,51145,83,536,18350,0,341,150754,0.734,-452100,-6046000,3006000,5011,2149,4981,26.43347549,-94.35572815,393147.9063
2161,51146,83,536,34734,0,341,150754,0.984,-450900,-6045000,3007000,5011,2151,4980,26.43347549,-94.35572815,393147.9063
2161,51147,83,536,51118,0,341,150755,0.234,-449600,-6045000,3008000,5011,2152,4979,26.43347549,-94.35572815,393147.9063
2161,51148,83,537,1966,0,341,150755,0.484,-448400,-6044000,3010000,5011,2154,4978,26.43347549,-94.35572815,393147.9063
2161,51149,83,537,18350,0,341,150755,0.734,-447100,-6044000,3011000,5012,2156,4977,26.43347549,-94.35572815,393147.9063
2161,51150,83,537,34734,0,341,150755,0.984,-445900,-6043000,3012000,5012,2158,4976,26.43347549,-94.35572815,393147.9063
2161,51151,83,537,51118,0,341,150756,0.234,-444700,-6043000,3013000,5012,2159,4975,26.43347549,-94.35572815,393147.9063
2161,51152,83,538,1966,0,341,150756,0.484,-443400,-6042000,3014000,5012,2161,4974,26.43347549,-94.35572815,393147.9063
2161,51153,83,538,19005,0,341,150756,0.734,-442200,-6042000,3016000,5012,2163,4973,26.43347549,-94.35572815,393147.9063
2161,51154,83,538,35389,0,341,150756,0.984,-441000,-6041000,3017000,5013,2165,4972,26.43347549,-94.35572815,393147.9063
2161,51155,83,538,51773,0,341,150756,0.984,-441000,-6041000,3017000,5013,2165,4972,26.63311958,-94.16345978,393037.3125
2161,51156,83,539,2621,0,341,150757,0.484,-438500,-6040000,3019000,5013,2168,4970,26.63311958,-94.16345978,393037.3125
2161,51157,83,539,19005,0,341,150757,0.734,-437200,-6039000,3021000,5013,2170,4969,26.63311958,-94.16345978,393037.3125
2161,51158,83,539,35389,0,341,150757,0.984,-436000,-6039000,3022000,5013,2172,4968,26.63311958,-94.16345978,393037.3125
2161,51159,83,539,51773,0,341,150758,0.234,-434800,-6038000,3023000,5014,2173,4967,26.63311958,-94.16345978,393037.3125
2161,51160,83,540,2621,0,341,150758,0.484,-433500,-6038000,3024000,5014,2175,4966,26.63311958,-94.16345978,393037.3125
2161,51161,83,540,19005,0,341,150758,0.734,-432200,-6037000,3026000,5014,2177,4965,26.63311958,-94.16345978,393037.3125
2161,51162,83,540,35389,0,341,150758,0.984,-431100,-6037000,3027000,5014,2179,4964,26.63311958,-94.16345978,393037.3125
2161,51163,83,540,51773,0,341,150759,0.234,-429800,-6036000,3028000,5015,2180,4963,26.63311958,-94.16345978,393037.3125
2161,51164,83,541,2621,0,341,150759,0.484,-428500,-6036000,3029000,5015,2182,4962,26.63311958,-94.16345978,393037.3125
2161,51165,83,541,19005,0,341,150759,0.734,-427300,-6035000,3030000,5015,2184,4961,26.63311958,-94.16345978,393037.3125
2161,51166,83,541,35389,0,341,150759,0.984,-426100,-6035000,3032000,5015,2186,4960,26.63311958,-94.16345978,393037.3125
2161,51167,83,541,51773,0,341,150760,0.234,-424800,-6034000,3033000,5015,2187,4959,26.63311958,-94.16345978,393037.3125
2161,51168,83,542,2621,0,341,150760,0.484,-423600,-6034000,3034000,5016,2189,4958,26.63311958,-94.16345978,393037.3125
2161,51169,83,542,19005,0,341,150760,0.734,-422300,-6033000,3035000,5016,2191,4957,26.63311958,-94.16345978,393037.3125
2161,51170,83,542,35389,0,341,150760,0.984,-421100,-6032000,3037000,5016,2193,4956,26.63311958,-94.16345978,393037.3125
2161,51171,83,542,51773,0,341,150760,0.984,-421100,-6032000,3037000,5016,2193,4956,26.82062912,-93.98193359,392913.2188
2161,51172,83,543,2621,0,341,150761,0.484,-418600,-6031000,3039000,5016,2196,4954,26.82062912,-93.98193359,392913.2188
2161,51173,83,543,19005,0,341,150761,0.734,-417400,-6031000,3040000,5017,2198,4953,26.82062912,-93.98193359,392913.2188
2161,51174,83,543,35389,0,341,150761,0.984,-416200,-6030000,3041000,5017,2200,4952,26.82062912,-93.98193359,392913.2188
2161,51175,83,543,51773,0,341,150762,0.234,-414900,-6030000,3043000,5017,2201,4951,26.82062912,-93.98193359,392913.2188
2161,51176,83,544,2621,0,341,150762,0.484,-413700,-6029000,3044000,5017,2203,4950,26.82062912,-93.98193359,392913.2188
2161,51177,83,544,19005,0,341,150762,0.734,-412400,-6029000,3045000,5018,2205,4949,26.82062912,-93.98193359,392913.2188
2161,51178,83,544,35389,0,341,150762,0.984,-411200,-6028000,3046000,5018,2207,4948,26.82062912,-93.98193359,392913.2188
2161,51179,83,544,51773,0,341,150763,0.234,-410000,-6028000,3048000,5018,2208,4948,26.82062912,-93.98193359,392913.2188
2161,51180,83,545,2621,0,341,150763,0.484,-408700,-6027000,3049000,5018,2210,4947,26.82062912,-93.98193359,392913.2188
2161,51181,83,545,19005,0,341,150763,0.734,-407400,-6026000,3050000,5018,2212,4946,26.82062912,-93.98193359,392913.2188
2161,51182,83,545,35389,0,341,150763,0.984,-406300,-6026000,3051000,5019,2214,4945,26.82062912,-93.98193359,392913.2188
2161,51183,83,545,51773,0,341,150764,0.234,-405000,-6025000,3052000,5019,2215,4944,26.82062912,-93.98193359,392913.2188
2161,51184,83,546,3276,0,341,150764,0.484,-403700,-6025000,3054000,5019,2217,4943,26.82062912,-93.98193359,392913.2188
2161,51185,83,546,19660,0,341,150764,0.734,-402500,-6024000,3055000,5019,2219,4942,26.82062912,-93.98193359,392913.2188
2161,51186,83,547,3276,0,341,150765,0.484,-398800,-6023000,3059000,5020,2224,4939,26.82062912,-93.98193359,392913.2188
2161,51187,83,547,19660,0,341,150765,0.734,-397500,-6022000,3060000,5020,2226,4938,26.82062912,-93.98193359,392913.2188
2161,51188,83,547,36044,0,341,150765,0.984,-396300,-6022000,3061000,5020,2228,4937,26.82062912,-93.98193359,392913.2188
2161,51189,83,547,52428,0,341,150766,0.234,-395100,-6021000,3062000,5020,2229,4936,26.82062912,-93.98193359,392913.2188
2161,51190,83,548,3276,0,341,150766,0.234,-395100,-6021000,3062000,5020,2229,4936,27.06646729,-93.74240112,392777.4063
2161,51191,83,548,19660,0,341,150766,0.734,-392500,-6020000,3065000,5021,2233,4934,27.06646729,-93.74240112,392777.4063
2161,51192,83,548,36044,0,341,150766,0.984,-391400,-6019000,3066000,5021,2235,4933,27.06646729,-93.74240112,392777.4063
2161,51193,83,548,52428,0,341,150767,0.234,-390100,-6019000,3067000,5021,2236,4932,27.06646729,-93.74240112,392777.4063
2161,51194,83,549,3276,0,341,150767,0.484,-388800,-6018000,3068000,5022,2238,4931,27.06646729,-93.74240112,392777.4063
2161,51195,83,549,19660,0,341,150767,0.734,-387600,-6018000,3070000,5022,2240,4930,27.06646729,-93.74240112,392777.4063
2161,51196,83,549,36044,0,341,150767,0.984,-386400,-6017000,3071000,5022,2242,4929,27.06646729,-93.74240112,392777.4063
2161,51197,83,549,52428,0,341,150768,0.234,-385100,-6017000,3072000,5022,2243,4928,27.06646729,-93.74240112,392777.4063
2161,51198,83,550,3276,0,341,150768,0.484,-383900,-6016000,3073000,5022,2245,4927,27.06646729,-93.74240112,392777.4063
2161,51199,83,550,19660,0,341,150768,0.734,-382600,-6015000,3074000,5023,2247,4926,27.06646729,-93.74240112,392777.4063
2161,51200,83,550,36044,0,341,150768,0.984,-381400,-6015000,3076000,5023,2249,4925,27.06646729,-93.74240112,392777.4063
2161,51201,83,550,52428,0,341,150769,0.234,-380200,-6014000,3077000,5023,2250,4924,27.06646729,-93.74240112,392777.4063
2161,51202,83,551,3276,0,341,150769,0.484,-378900,-6014000,3078000,5023,2252,4923,27.06646729,-93.74240112,392777.4063
2161,51203,83,551,20316,0,341,150769,0.734,-377600,-6013000,3079000,5023,2254,4922,27.06646729,-93.74240112,392777.4063
2161,51204,83,551,36700,0,341,150769,0.984,-376400,-6013000,3081000,5024,2256,4921,27.06646729,-93.74240112,392777.4063
2161,51205,83,551,53084,0,341,150769,0.984,-376400,-6013000,3081000,5024,2256,4921,27.24155045,-93.57092285,392664.875
2161,51206,83,552,36700,0,341,150770,0.984,-371500,-6010000,3085000,5024,2263,4917,27.24155045,-93.57092285,392664.875
2161,51207,83,552,53084,0,341,150771,0.234,-370200,-6010000,3087000,5025,2264,4916,27.24155045,-93.57092285,392664.875
2161,51208,83,553,20316,0,341,150771,0.734,-367700,-6009000,3089000,5025,2268,4914,27.24155045,-93.57092285,392664.875
2161,51209,83,553,36700,0,341,150771,0.984,-366500,-6008000,3090000,5025,2270,4913,27.24155045,-93.57092285,392664.875
2161,51210,83,553,53084,0,341,150772,0.234,-365300,-6008000,3092000,5025,2271,4912,27.24155045,-93.57092285,392664.875
2161,51211,83,554,3932,0,341,150772,0.484,-364000,-6007000,3093000,5026,2273,4911,27.24155045,-93.57092285,392664.875
2161,51212,83,554,20316,0,341,150772,0.734,-362700,-6006000,3094000,5026,2275,4910,27.24155045,-93.57092285,392664.875
2161,51213,83,554,36700,0,341,150772,0.984,-361500,-6006000,3095000,5026,2277,4909,27.24155045,-93.57092285,392664.875
2161,51214,83,554,53084,0,341,150773,0.234,-360300,-6005000,3096000,5026,2278,4908,27.24155045,-93.57092285,392664.875
2161,51215,83,555,3932,0,341,150773,0.484,-359000,-6005000,3098000,5026,2280,4907,27.24155045,-93.57092285,392664.875
2161,51216,83,555,20316,0,341,150773,0.734,-357800,-6004000,3099000,5027,2282,4906,27.24155045,-93.57092285,392664.875
2161,51217,83,555,36700,0,341,150773,0.984,-356600,-6004000,3100000,5027,2284,4905,27.24155045,-93.57092285,392664.875
2161,51218,83,555,53084,0,341,150774,0.234,-355300,-6003000,3101000,5027,2285,4904,27.24155045,-93.57092285,392664.875
2161,51219,83,556,3932,0,341,150774,0.484,-354000,-6003000,3102000,5027,2287,4903,27.24155045,-93.57092285,392664.875
2161,51220,83,556,20971,0,341,150774,0.734,-352800,-6002000,3104000,5027,2289,4902,27.24155045,-93.57092285,392664.875
2161,51221,83,556,37355,0,341,150774,0.984,-351600,-6001000,3105000,5028,2290,4901,27.24155045,-93.57092285,392664.875
2161,51222,83,556,53739,0,341,150775,0.234,-350300,-6001000,3106000,5028,2292,4900,27.24155045,-93.57092285,392664.875
2161,51223,83,557,4587,0,341,150775,0.484,-349100,-6000000,3107000,5028,2294,4899,27.24155045,-93.57092285,392664.875
2161,51224,83,557,37355,0,341,150775,0.984,-346600,-5999000,3110000,5028,2297,4897,27.24155045,-93.57092285,392664.875
2161,51225,83,557,53739,0,341,150776,0.234,-345400,-5999000,3111000,5029,2299,4896,27.24155045,-93.57092285,392664.875
2161,51226,83,558,4587,0,341,150776,0.234,-345400,-5999000,3111000,5029,2299,4896,27.533041,-93.28343201,392479.9063
2161,51240,83,561,38010,0,341,150779,0.734,-327900,-5991000,3128000,5031,2324,4882,27.6958046,-93.12200928,392379.3438
2161,51241,83,562,21626,0,341,150780,0.734,-322900,-5988000,3133000,5032,2330,4878,27.6958046,-93.12200928,392379.3438
2161,51242,83,562,38010,0,341,150780,0.984,-321800,-5988000,3134000,5032,2332,4877,27.6958046,-93.12200928,392379.3438
2161,51243,83,562,54394,0,341,150781,0.234,-320500,-5987000,3135000,5032,2334,4876,27.6958046,-93.12200928,392379.3438
2161,51244,83,563,5242,0,341,150781,0.234,-320500,-5987000,3135000,5032,2334,4876,27.76571655,-93.05228424,392331.0313
2161,51245,83,563,21626,0,341,150781,0.734,-318000,-5986000,3138000,5033,2337,4874,27.76571655,-93.05228424,392331.0313
2161,51246,83,563,38010,0,341,150781,0.984,-316800,-5985000,3139000,5033,2339,4873,27.76571655,-93.05228424,392331.0313
2161,51247,83,563,54394,0,341,150782,0.234,-315500,-5985000,3140000,5033,2341,4872,27.76571655,-93.05228424,392331.0313
2161,51248,83,564,5242,0,341,150782,0.484,-314200,-5984000,3141000,5033,2343,4871,27.76571655,-93.05228424,392331.0313
2161,51249,83,564,21626,0,341,150782,0.734,-313000,-5984000,3142000,5033,2344,4870,27.76571655,-93.05228424,392331.0313
2161,51250,83,564,38010,0,341,150782,0.984,-311800,-5983000,3144000,5034,2346,4869,27.76571655,-93.05228424,392331.0313
2161,51251,83,564,54394,0,341,150783,0.234,-310500,-5982000,3145000,5034,2348,4868,27.76571655,-93.05228424,392331.0313
2161,51252,83,565,5242,0,341,150783,0.484,-309300,-5982000,3146000,5034,2350,4867,27.76571655,-93.05228424,392331.0313
2161,51253,83,565,21626,0,341,150783,0.734,-308000,-5981000,3147000,5034,2351,4866,27.76571655,-93.05228424,392331.0313
2161,51254,83,565,38010,0,341,150783,0.984,-306800,-5981000,3148000,5034,2353,4865,27.76571655,-93.05228424,392331.0313
2161,51255,83,565,54394,0,341,150784,0.234,-305500,-5980000,3150000,5035,2355,4864,27.76571655,-93.05228424,392331.0313
2161,51256,83,566,5898,0,341,150784,0.484,-304300,-5980000,3151000,5035,2356,4863,27.76571655,-93.05228424,392331.0313
2161,51257,83,566,22282,0,341,150784,0.734,-303000,-5979000,3152000,5035,2358,4862,27.76571655,-93.05228424,392331.0313
2161,51258,83,566,38666,0,341,150784,0.984,-301800,-5978000,3153000,5035,2360,4861,27.76571655,-93.05228424,392331.0313
2161,51259,83,566,55050,0,341,150784,0.984,-301800,-5978000,3153000,5035,2360,4861,27.93983841,-92.87845612,392221.375
2161,51260,83,567,5898,0,341,150785,0.484,-299300,-5977000,3156000,5035,2363,4859,27.93983841,-92.87845612,392221.375
2161,51261,83,567,22282,0,341,150785,0.734,-298100,-5977000,3157000,5036,2365,4858,27.93983841,-92.87845612,392221.375
2161,51262,83,567,38666,0,341,150785,0.984,-296800,-5976000,3158000,5036,2367,4857,27.93983841,-92.87845612,392221.375
2161,51263,83,567,55050,0,341,150786,0.234,-295600,-5975000,3159000,5036,2369,4856,27.93983841,-92.87845612,392221.375
2161,51264,83,568,5898,0,341,150786,0.484,-294300,-5975000,3160000,5036,2370,4855,27.93983841,-92.87845612,392221.375
2161,51265,83,568,22282,0,341,150786,0.734,-293100,-5974000,3162000,5036,2372,4854,27.93983841,-92.87845612,392221.375
2161,51266,83,568,38666,0,341,150786,0.984,-291900,-5974000,3163000,5037,2374,4853,27.93983841,-92.87845612,392221.375
2161,51267,83,568,55050,0,341,150787,0.234,-290600,-5973000,3164000,5037,2376,4852,27.93983841,-92.87845612,392221.375
2161,51268,83,569,5898,0,341,150787,0.484,-289300,-5973000,3165000,5037,2377,4851,27.93983841,-92.87845612,392221.375
2161,51269,83,569,22282,0,341,150787,0.734,-288100,-5972000,3166000,5037,2379,4850,27.93983841,-92.87845612,392221.375
2161,51270,83,569,38666,0,341,150787,0.984,-286900,-5971000,3168000,5037,2381,4849,27.93983841,-92.87845612,392221.375
2161,51271,83,569,55050,0,341,150788,0.234,-285600,-5971000,3169000,5037,2382,4848,27.93983841,-92.87845612,392221.375
2161,51272,83,570,6553,0,341,150788,0.484,-284400,-5970000,3170000,5038,2384,4846,27.93983841,-92.87845612,392221.375
2161,51273,83,570,22937,0,341,150788,0.734,-283100,-5970000,3171000,5038,2386,4845,27.93983841,-92.87845612,392221.375
2161,51274,83,570,55705,0,341,150789,0.234,-280600,-5968000,3174000,5038,2389,4843,27.93983841,-92.87845612,392221.375
2161,51275,83,571,6553,0,341,150789,0.484,-279400,-5968000,3175000,5038,2391,4842,27.93983841,-92.87845612,392221.375
2161,51276,83,571,22937,0,341,150789,0.734,-278100,-5967000,3176000,5038,2393,4841,27.93983841,-92.87845612,392221.375
2161,51277,83,571,39321,0,341,150789,0.984,-276900,-5967000,3177000,5039,2395,4840,27.93983841,-92.87845612,392221.375
2161,51278,83,571,55705,0,341,150790,0.234,-275700,-5966000,3178000,5039,2396,4839,27.93983841,-92.87845612,392221.375
2161,51279,83,572,6553,0,341,150790,0.484,-274400,-5965000,3180000,5039,2398,4838,27.93983841,-92.87845612,392221.375
2161,51280,83,572,22937,0,341,150790,0.734,-273100,-5965000,3181000,5039,2400,4837,27.93983841,-92.87845612,392221.375
2161,51281,83,572,39321,0,341,150790,0.984,-271900,-5964000,3182000,5039,2402,4836,27.93983841,-92.87845612,392221.375
2161,51282,83,572,55705,0,341,150791,0.234,-270700,-5964000,3183000,5040,2403,4835,27.93983841,-92.87845612,392221.375
2161,51283,83,573,6553,0,341,150791,0.484,-269400,-5963000,3184000,5040,2405,4834,27.93983841,-92.87845612,392221.375
2161,51284,83,573,22937,0,341,150791,0.734,-268100,-5962000,3186000,5040,2407,4833,27.93983841,-92.87845612,392221.375
2161,51285,83,573,39321,0,341,150791,0.984,-266900,-5962000,3187000,5040,2408,4832,27.93983841,-92.87845612,392221.375
2161,51286,83,573,55705,0,341,150792,0.234,-265700,-5961000,3188000,5040,2410,4831,27.93983841,-92.87845612,392221.375
2161,51287,83,574,6553,0,341,150792,0.484,-264400,-5961000,3189000,5040,2412,4830,27.93983841,-92.87845612,392221.375
2161,51288,83,574,22937,0,341,150792,0.734,-263200,-5960000,3190000,5041,2414,4829,27.93983841,-92.87845612,392221.375
2161,51289,83,574,39321,0,341,150792,0.984,-262000,-5959000,3192000,5041,2415,4828,27.93983841,-92.87845612,392221.375
2161,51290,83,574,55705,0,341,150792,0.984,-262000,-5959000,3192000,5041,2415,4828,28.31062317,-92.50505829,391983.1563
2161,51291,83,575,22937,0,341,150793,0.734,-258200,-5958000,3195000,5041,2421,4825,28.31062317,-92.50505829,391983.1563
2161,51292,83,575,39321,0,341,150793,0.984,-257000,-5957000,3196000,5041,2422,4824,28.31062317,-92.50505829,391983.1563
2161,51293,83,575,55705,0,341,150794,0.234,-255700,-5956000,3198000,5042,2424,4823,28.31062317,-92.50505829,391983.1563
2161,51294,83,576,6553,0,341,150794,0.484,-254500,-5956000,3199000,5042,2426,4822,28.31062317,-92.50505829,391983.1563
2161,51295,83,576,22937,0,341,150794,0.734,-253200,-5955000,3200000,5042,2427,4821,28.31062317,-92.50505829,391983.1563
2161,51296,83,576,39321,0,341,150794,0.984,-252000,-5955000,3201000,5042,2429,4820,28.31062317,-92.50505829,391983.1563
2161,51297,83,576,55705,0,341,150795,0.234,-250700,-5954000,3202000,5042,2431,4819,28.31062317,-92.50505829,391983.1563
2161,51298,83,577,6553,0,341,150795,0.484,-249500,-5953000,3204000,5043,2433,4818,28.31062317,-92.50505829,391983.1563
2161,51299,83,577,22937,0,341,150795,0.734,-248200,-5953000,3205000,5043,2434,4817,28.31062317,-92.50505829,391983.1563
2161,51300,83,577,39321,0,341,150795,0.984,-247000,-5952000,3206000,5043,2436,4816,28.31062317,-92.50505829,391983.1563
2161,51301,83,577,55705,0,341,150796,0.234,-245700,-5952000,3207000,5043,2438,4815,28.31062317,-92.50505829,391983.1563
2161,51302,83,578,6553,0,341,150796,0.484,-244500,-5951000,3208000,5043,2439,4814,28.31062317,-92.50505829,391983.1563
2161,51303,83,578,22937,0,341,150796,0.734,-243200,-5950000,3209000,5043,2441,4813,28.31062317,-92.50505829,391983.1563
2161,51304,83,578,39321,0,341,150796,0.984,-242000,-5950000,3211000,5043,2443,4812,28.31062317,-92.50505829,391983.1563
2161,51305,83,578,55705,0,341,150797,0.234,-240700,-5949000,3212000,5044,2445,4811,28.31062317,-92.50505829,391983.1563
2161,51306,83,579,6553,0,341,150797,0.484,-239500,-5949000,3213000,5044,2446,4809,28.31062317,-92.50505829,391983.1563
2161,51307,83,579,22937,0,341,150797,0.734,-238200,-5948000,3214000,5044,2448,4808,28.31062317,-92.50505829,391983.1563
2161,51308,83,579,39321,0,341,150797,0.984,-237000,-5947000,3215000,5044,2450,4807,28.31062317,-92.50505829,391983.1563
2161,51309,83,579,55705,0,341,150798,0.234,-235800,-5947000,3217000,5044,2452,4806,28.31062317,-92.50505829,391983.1563
2161,51310,83,580,6553,0,341,150798,0.484,-234500,-5946000,3218000,5044,2453,4805,28.31062317,-92.50505829,391983.1563
2161,51311,83,580,22937,0,341,150798,0.734,-233200,-5946000,3219000,5045,2455,4804,28.31062317,-92.50505829,391983.1563
2161,51312,83,580,39321,0,341,150798,0.984,-232000,-5945000,3220000,5045,2457,4803,28.31062317,-92.50505829,391983.1563
2161,51313,83,580,55705,0,341,150799,0.234,-230800,-5944000,3221000,5045,2458,4802,28.31062317,-92.50505829,391983.1563
2161,51314,83,581,6553,0,341,150799,0.484,-229500,-5944000,3223000,5045,2460,4801,28.31062317,-92.50505829,391983.1563
2161,51315,83,581,22937,0,341,150799,0.734,-228200,-5943000,3224000,5045,2462,4800,28.31062317,-92.50505829,391983.1563
2161,51316,83,581,39321,0,341,150799,0.984,-227000,-5943000,3225000,5045,2464,4799,28.31062317,-92.50505829,391983.1563
2161,51317,83,581,55705,0,341,150800,0.234,-225800,-5942000,3226000,5046,2465,4798,28.31062317,-92.50505829,391983.1563
2161,51318,83,582,6553,0,341,150800,0.484,-224500,-5941000,3227000,5046,2467,4797,28.31062317,-92.50505829,391983.1563
2161,51319,83,582,22937,0,341,150800,0.734,-223300,-5941000,3228000,5046,2469,4796,28.31062317,-92.50505829,391983.1563
2161,51320,83,582,39321,0,341,150800,0.984,-222100,-5940000,3230000,5046,2470,4795,28.31062317,-92.50505829,391983.1563
2161,51321,83,582,55705,0,341,150801,0.234,-220800,-5940000,3231000,5046,2472,4794,28.31062317,-92.50505829,391983.1563
2161,51322,83,583,6553,0,341,150801,0.484,-219500,-5939000,3232000,5046,2474,4793,28.31062317,-92.50505829,391983.1563
2161,51323,83,583,22937,0,341,150801,0.734,-218300,-5938000,3233000,5047,2476,4792,28.31062317,-92.50505829,391983.1563
2161,51324,83,583,39321,0,341,150801,0.734,-218300,-5938000,3233000,5047,2476,4792,28.71465683,-92.09361267,391718.5313
2161,51325,83,583,55705,0,341,150802,0.234,-215800,-5937000,3236000,5047,2479,4790,28.71465683,-92.09361267,391718.5313
2161,51326,83,584,6553,0,341,150802,0.484,-214500,-5936000,3237000,5047,2481,4789,28.71465683,-92.09361267,391718.5313
2161,51327,83,584,22937,0,341,150802,0.734,-213300,-5936000,3238000,5047,2483,4788,28.71465683,-92.09361267,391718.5313
2161,51328,83,584,39321,0,341,150802,0.984,-212100,-5935000,3239000,5047,2484,4787,28.71465683,-92.09361267,391718.5313
2161,51329,83,584,55705,0,341,150803,0.234,-210800,-5935000,3240000,5048,2486,4786,28.71465683,-92.09361267,391718.5313
2161,51330,83,585,6553,0,341,150803,0.484,-209500,-5934000,3242000,5048,2488,4785,28.71465683,-92.09361267,391718.5313
2161,51331,83,585,22937,0,341,150803,0.734,-208300,-5933000,3243000,5048,2489,4784,28.71465683,-92.09361267,391718.5313
2161,51332,83,585,39321,0,341,150803,0.984,-207100,-5933000,3244000,5048,2491,4783,28.71465683,-92.09361267,391718.5313
2161,51333,83,585,55705,0,341,150804,0.234,-205800,-5932000,3245000,5048,2493,4781,28.71465683,-92.09361267,391718.5313
2161,51334,83,586,6553,0,341,150804,0.484,-204500,-5932000,3246000,5048,2495,4780,28.71465683,-92.09361267,391718.5313
2161,51335,83,586,22937,0,341,150804,0.734,-203300,-5931000,3247000,5048,2496,4779,28.71465683,-92.09361267,391718.5313
2161,51336,83,586,39321,0,341,150804,0.984,-202100,-5930000,3249000,5049,2498,4778,28.71465683,-92.09361267,391718.5313
2161,51337,83,586,55705,0,341,150805,0.234,-200800,-5930000,3250000,5049,2500,4777,28.71465683,-92.09361267,391718.5313
2161,51338,83,587,6553,0,341,150805,0.484,-199600,-5929000,3251000,5049,2501,4776,28.71465683,-92.09361267,391718.5313
2161,51339,83,587,22937,0,341,150805,0.734,-198300,-5928000,3252000,5049,2503,4775,28.71465683,-92.09361267,391718.5313
2161,51340,83,587,39321,0,341,150805,0.984,-197100,-5928000,3253000,5049,2505,4774,28.71465683,-92.09361267,391718.5313
2161,51341,83,587,55705,0,341,150806,0.234,-195800,-5927000,3255000,5049,2507,4773,28.71465683,-92.09361267,391718.5313
2161,51342,83,588,6553,0,341,150806,0.484,-194600,-5927000,3256000,5050,2508,4772,28.71465683,-92.09361267,391718.5313
2161,51343,83,588,22937,0,341,150806,0.734,-193300,-5926000,3257000,5050,2510,4771,28.71465683,-92.09361267,391718.5313
2161,51344,83,588,39321,0,341,150806,0.984,-192100,-5925000,3258000,5050,2512,4770,28.71465683,-92.09361267,391718.5313
2161,51345,83,588,55705,0,341,150807,0.234,-190800,-5925000,3259000,5050,2513,4769,28.71465683,-92.09361267,391718.5313
2161,51346,83,589,6553,0,341,150807,0.484,-189600,-5924000,3260000,5050,2515,4768,28.71465683,-92.09361267,391718.5313
2161,51347,83,589,22937,0,341,150807,0.734,-188300,-5923000,3262000,5050,2517,4767,28.71465683,-92.09361267,391718.5313
2161,51348,83,589,39321,0,341,150807,0.984,-187100,-5923000,3263000,5050,2519,4766,28.71465683,-92.09361267,391718.5313
2161,51349,83,589,56360,0,341,150808,0.234,-185800,-5922000,3264000,5051,2520,4765,28.71465683,-92.09361267,391718.5313
2161,51350,83,590,7208,0,341,150808,0.484,-184600,-5922000,3265000,5051,2522,4764,28.71465683,-92.09361267,391718.5313
2161,51351,83,590,23592,0,341,150808,0.734,-183300,-5921000,3266000,5051,2524,4763,28.71465683,-92.09361267,391718.5313
2161,51352,83,590,39976,0,341,150808,0.984,-182100,-5920000,3267000,5051,2525,4762,28.71465683,-92.09361267,391718.5313
2161,51353,83,590,56360,0,341,150809,0.234,-180800,-5920000,3269000,5051,2527,4760,28.71465683,-92.09361267,391718.5313
2161,51354,83,591,7208,0,341,150809,0.484,-179600,-5919000,3270000,5051,2529,4759,28.71465683,-92.09361267,391718.5313
2161,51355,83,591,23592,0,341,150809,0.734,-178300,-5918000,3271000,5052,2531,4758,28.71465683,-92.09361267,391718.5313
2161,51356,83,591,39976,0,341,150809,0.984,-177100,-5918000,3272000,5052,2532,4757,28.71465683,-92.09361267,391718.5313
2161,51357,83,591,56360,0,341,150810,0.234,-175800,-5917000,3273000,5052,2534,4756,28.71465683,-92.09361267,391718.5313
2161,51358,83,592,7208,0,341,150810,0.484,-174600,-5917000,3275000,5052,2536,4755,28.71465683,-92.09361267,391718.5313
2161,51359,83,592,23592,0,341,150810,0.734,-173300,-5916000,3276000,5052,2537,4754,28.71465683,-92.09361267,391718.5313
2161,51360,83,592,39976,0,341,150810,0.984,-172100,-5915000,3277000,5052,2539,4753,28.71465683,-92.09361267,391718.5313
2161,51361,83,592,56360,0,341,150811,0.234,-170800,-5915000,3278000,5052,2541,4752,28.71465683,-92.09361267,391718.5313
2161,51362,83,593,7208,0,341,150811,0.484,-169600,-5914000,3279000,5053,2543,4751,28.71465683,-92.09361267,391718.5313
2161,51363,83,593,23592,0,341,150811,0.734,-168300,-5913000,3280000,5053,2544,4750,28.71465683,-92.09361267,391718.5313
2161,51364,83,593,39976,0,341,150811,0.984,-167100,-5913000,3282000,5053,2546,4749,28.71465683,-92.09361267,391718.5313
2161,51365,83,593,56360,0,341,150812,0.234,-165800,-5912000,3283000,5053,2548,4748,28.71465683,-92.09361267,391718.5313
2161,51366,83,594,23592,0,341,150812,0.734,-163300,-5911000,3285000,5053,2551,4746,28.71465683,-92.09361267,391718.5313
2161,51367,83,594,39976,0,341,150812,0.984,-162100,-5910000,3286000,5053,2553,4745,28.71465683,-92.09361267,391718.5313
2161,51368,83,594,56360,0,341,150813,0.234,-160800,-5910000,3287000,5054,2555,4744,28.71465683,-92.09361267,391718.5313
2161,51369,83,595,7208,0,341,150813,0.484,-159600,-5909000,3289000,5054,2556,4743,28.71465683,-92.09361267,391718.5313
2161,51370,83,595,23592,0,341,150813,0.734,-158300,-5908000,3290000,5054,2558,4741,28.71465683,-92.09361267,391718.5313
2161,51371,83,595,39976,0,341,150813,0.984,-157100,-5908000,3291000,5054,2560,4740,28.71465683,-92.09361267,391718.5313
2161,51372,83,595,56360,0,341,150814,0.234,-155800,-5907000,3292000,5054,2561,4739,28.71465683,-92.09361267,391718.5313
2161,51373,83,596,7208,0,341,150814,0.484,-154600,-5906000,3293000,5054,2563,4738,28.71465683,-92.09361267,391718.5313
2161,51374,83,596,23592,0,341,150814,0.734,-153300,-5906000,3295000,5054,2565,4737,28.71465683,-92.09361267,391718.5313
2161,51375,83,596,39976,0,341,150814,0.984,-152100,-5905000,3296000,5055,2567,4736,28.71465683,-92.09361267,391718.5313
2161,51376,83,596,56360,0,341,150815,0.234,-150800,-5905000,3297000,5055,2568,4735,28.71465683,-92.09361267,391718.5313
2161,51377,83,597,7864,0,341,150815,0.484,-149600,-5904000,3298000,5055,2570,4734,28.71465683,-92.09361267,391718.5313
2161,51378,83,597,24248,0,341,150815,0.734,-148300,-5903000,3299000,5055,2572,4733,28.71465683,-92.09361267,391718.5313
2161,51379,83,597,40632,0,341,150815,0.984,-147100,-5903000,3300000,5055,2573,4732,28.71465683,-92.09361267,391718.5313
2161,51380,83,598,8519,0,341,150816,0.484,-144600,-5901000,3303000,5055,2577,4730,28.71465683,-92.09361267,391718.5313
2161,51381,83,598,24903,0,341,150816,0.734,-143300,-5901000,3304000,5056,2579,4729,28.71465683,-92.09361267,391718.5313
2161,51382,83,598,41287,0,341,150816,0.734,-143300,-5901000,3304000,5056,2579,4729,29.40400314,-91.37975311,391250.75
2161,51383,83,598,57671,0,341,150817,0.234,-140800,-5899000,3306000,5056,2582,4727,29.40400314,-91.37975311,391250.75
2161,51384,83,599,8519,0,341,150817,0.484,-139600,-5899000,3307000,5056,2584,4726,29.40400314,-91.37975311,391250.75
2161,51385,83,599,24903,0,341,150817,0.734,-138300,-5898000,3309000,5056,2585,4724,29.40400314,-91.37975311,391250.75
2161,51386,83,599,41287,0,341,150817,0.984,-137100,-5898000,3310000,5056,2587,4723,29.40400314,-91.37975311,391250.75
2161,51387,83,599,57671,0,341,150818,0.234,-135800,-5897000,3311000,5056,2589,4722,29.40400314,-91.37975311,391250.75
2161,51388,83,600,8519,0,341,150818,0.484,-134600,-5896000,3312000,5057,2591,4721,29.40400314,-91.37975311,391250.75
2161,51389,83,600,24903,0,341,150818,0.734,-133300,-5896000,3313000,5057,2592,4720,29.40400314,-91.37975311,391250.75
2161,51390,83,600,41287,0,341,150818,0.984,-132100,-5895000,3314000,5057,2594,4719,29.40400314,-91.37975311,391250.75
2161,51391,83,600,57671,0,341,150819,0.234,-130800,-5894000,3316000,5057,2596,4718,29.40400314,-91.37975311,391250.75
2161,51392,83,601,8519,0,341,150819,0.484,-129600,-5894000,3317000,5057,2597,4717,29.40400314,-91.37975311,391250.75
2161,51393,83,601,24903,0,341,150819,0.734,-128300,-5893000,3318000,5057,2599,4716,29.40400314,-91.37975311,391250.75
2161,51394,83,601,41287,0,341,150819,0.984,-127100,-5892000,3319000,5057,2601,4715,29.40400314,-91.37975311,391250.75
2161,51395,83,601,57671,0,341,150820,0.234,-125800,-5892000,3320000,5057,2602,4714,29.40400314,-91.37975311,391250.75
2161,51396,83,602,8519,0,341,150820,0.484,-124600,-5891000,3321000,5058,2604,4713,29.40400314,-91.37975311,391250.75
2161,51397,83,602,24903,0,341,150820,0.734,-123300,-5890000,3323000,5058,2606,4712,29.40400314,-91.37975311,391250.75
2161,51398,83,602,41287,0,341,150820,0.984,-122100,-5890000,3324000,5058,2608,4711,29.40400314,-91.37975311,391250.75
2161,51399,83,602,57671,0,341,150821,0.234,-120800,-5889000,3325000,5058,2609,4710,29.40400314,-91.37975311,391250.75
2161,51400,83,603,8519,0,341,150821,0.484,-119600,-5889000,3326000,5058,2611,4708,29.40400314,-91.37975311,391250.75
2161,51401,83,603,41287,0,341,150821,0.984,-117100,-5887000,3328000,5058,2614,4706,29.40400314,-91.37975311,391250.75
2161,51402,83,603,57671,0,341,150822,0.234,-115800,-5887000,3330000,5059,2616,4705,29.40400314,-91.37975311,391250.75
2161,51403,83,604,8519,0,341,150822,0.484,-114600,-5886000,3331000,5059,2618,4704,29.40400314,-91.37975311,391250.75
2161,51404,83,604,24903,0,341,150822,0.734,-113300,-5885000,3332000,5059,2619,4703,29.40400314,-91.37975311,391250.75
2161,51405,83,604,41287,0,341,150822,0.984,-112100,-5885000,3333000,5059,2621,4702,29.40400314,-91.37975311,391250.75
2161,51406,83,604,57671,0,341,150823,0.234,-110800,-5884000,3334000,5059,2623,4701,29.40400314,-91.37975311,391250.75
2161,51407,83,605,8519,0,341,150823,0.484,-109600,-5883000,3335000,5059,2625,4700,29.40400314,-91.37975311,391250.75
2161,51408,83,605,24903,0,341,150823,0.734,-108300,-5883000,3337000,5059,2626,4699,29.40400314,-91.37975311,391250.75
2161,51409,83,605,41287,0,341,150823,0.984,-107100,-5882000,3338000,5059,2628,4698,29.40400314,-91.37975311,391250.75
2161,51410,83,605,57671,0,341,150824,0.234,-105800,-5881000,3339000,5060,2630,4697,29.40400314,-91.37975311,391250.75
2161,51411,83,606,9175,0,341,150824,0.484,-104600,-5881000,3340000,5060,2631,4696,29.40400314,-91.37975311,391250.75
2161,51412,83,606,25559,0,341,150824,0.734,-103300,-5880000,3341000,5060,2633,4694,29.40400314,-91.37975311,391250.75
2161,51413,83,606,41943,0,341,150824,0.984,-102100,-5879000,3342000,5060,2635,4693,29.40400314,-91.37975311,391250.75
2161,51414,83,607,25559,0,341,150825,0.734,-98290,-5877000,3346000,5060,2640,4690,29.40400314,-91.37975311,391250.75
2161,51415,83,607,41943,0,341,150825,0.984,-97080,-5877000,3347000,5060,2642,4689,29.40400314,-91.37975311,391250.75
2161,51416,83,607,58327,0,341,150826,0.234,-95820,-5876000,3348000,5061,2643,4688,29.40400314,-91.37975311,391250.75
2161,51417,83,608,9175,0,341,150826,0.484,-94550,-5876000,3349000,5061,2645,4687,29.40400314,-91.37975311,391250.75
2161,51418,83,608,25559,0,341,150826,0.734,-93290,-5875000,3351000,5061,2647,4686,29.40400314,-91.37975311,391250.75
2161,51419,83,608,41943,0,341,150826,0.984,-92070,-5874000,3352000,5061,2648,4685,29.40400314,-91.37975311,391250.75
2161,51420,83,608,58327,0,341,150827,0.234,-90800,-5874000,3353000,5061,2650,4684,29.40400314,-91.37975311,391250.75
2161,51421,83,609,9175,0,341,150827,0.484,-89540,-5873000,3354000,5061,2652,4683,29.40400314,-91.37975311,391250.75
2161,51422,83,609,25559,0,341,150827,0.734,-88270,-5872000,3355000,5061,2654,4682,29.40400314,-91.37975311,391250.75
2161,51423,83,609,41943,0,341,150827,0.984,-87070,-5872000,3356000,5061,2655,4680,29.40400314,-91.37975311,391250.75
2161,51424,83,609,58327,0,341,150828,0.234,-85800,-5871000,3357000,5062,2657,4679,29.40400314,-91.37975311,391250.75
2161,51425,83,610,9175,0,341,150828,0.484,-84540,-5870000,3359000,5062,2659,4678,29.40400314,-91.37975311,391250.75
2161,51426,83,610,25559,0,341,150828,0.734,-83270,-5870000,3360000,5062,2660,4677,29.40400314,-91.37975311,391250.75
2161,51427,83,610,41943,0,341,150828,0.984,-82060,-5869000,3361000,5062,2662,4676,29.40400314,-91.37975311,391250.75
2161,51428,83,610,58982,0,341,150829,0.234,-80800,-5868000,3362000,5062,2664,4675,29.40400314,-91.37975311,391250.75
2161,51429,83,611,9830,0,341,150829,0.484,-79530,-5868000,3363000,5062,2665,4674,29.40400314,-91.37975311,391250.75
2161,51430,83,611,26214,0,341,150829,0.484,-79530,-5868000,3363000,5062,2665,4674,29.98668861,-90.76428223,390835.0625
2161,51431,83,611,58982,0,341,150830,0.484,-74520,-5865000,3368000,5063,2672,4670,29.98668861,-90.76428223,390835.0625
2161,51432,83,612,9830,0,341,150830,0.734,-73250,-5864000,3369000,5063,2674,4669,29.98668861,-90.76428223,390835.0625
2161,51433,83,612,26214,0,341,150830,0.984,-72050,-5864000,3370000,5063,2676,4667,29.98668861,-90.76428223,390835.0625
2161,51434,83,612,42598,0,341,150831,0.234,-70780,-5863000,3371000,5063,2677,4666,29.98668861,-90.76428223,390835.0625
2161,51435,83,612,58982,0,341,150831,0.484,-69520,-5862000,3373000,5063,2679,4665,29.98668861,-90.76428223,390835.0625
2161,51436,83,613,9830,0,341,150831,0.734,-68250,-5862000,3374000,5063,2681,4664,29.98668861,-90.76428223,390835.0625
2161,51437,83,613,26214,0,341,150831,0.984,-67040,-5861000,3375000,5063,2682,4663,29.98668861,-90.76428223,390835.0625
2161,51438,83,613,42598,0,341,150832,0.234,-65770,-5860000,3376000,5064,2684,4662,29.98668861,-90.76428223,390835.0625
2161,51439,83,613,58982,0,341,150832,0.484,-64500,-5860000,3377000,5064,2686,4661,29.98668861,-90.76428223,390835.0625
2161,51440,83,614,9830,0,341,150832,0.734,-63250,-5859000,3378000,5064,2687,4660,29.98668861,-90.76428223,390835.0625
2161,51441,83,614,26869,0,341,150832,0.984,-62020,-5858000,3379000,5064,2689,4659,29.98668861,-90.76428223,390835.0625
2161,51442,83,614,43253,0,341,150833,0.234,-60770,-5858000,3381000,5064,2691,4658,29.98668861,-90.76428223,390835.0625
2161,51443,83,614,59637,0,341,150833,0.484,-59500,-5857000,3382000,5064,2693,4657,29.98668861,-90.76428223,390835.0625
2161,51444,83,615,10485,0,341,150833,0.484,-59500,-5857000,3382000,5064,2693,4657,30.16874123,-90.56968689,390696.5938
2161,51445,83,615,26869,0,341,150833,0.984,-57020,-5856000,3384000,5064,2696,4654,30.16874123,-90.56968689,390696.5938
2161,51446,83,615,43253,0,341,150834,0.234,-55750,-5855000,3385000,5064,2698,4653,30.16874123,-90.56968689,390696.5938
2161,51447,83,615,59637,0,341,150834,0.484,-54500,-5854000,3386000,5065,2699,4652,30.16874123,-90.56968689,390696.5938
2161,51448,83,616,10485,0,341,150834,0.734,-53230,-5854000,3388000,5065,2701,4651,30.16874123,-90.56968689,390696.5938
2161,51449,83,616,26869,0,341,150834,0.984,-52010,-5853000,3389000,5065,2703,4650,30.16874123,-90.56968689,390696.5938
2161,51450,83,616,43253,0,341,150835,0.234,-50750,-5852000,3390000,5065,2704,4649,30.16874123,-90.56968689,390696.5938
2161,51451,83,616,59637,0,341,150835,0.484,-49480,-5852000,3391000,5065,2706,4648,30.16874123,-90.56968689,390696.5938
2161,51452,83,617,10485,0,341,150835,0.734,-48220,-5851000,3392000,5065,2708,4647,30.16874123,-90.56968689,390696.5938
2161,51453,83,617,26869,0,341,150835,0.984,-46990,-5850000,3393000,5065,2710,4646,30.16874123,-90.56968689,390696.5938
2161,51454,83,617,43253,0,341,150836,0.234,-45730,-5850000,3394000,5065,2711,4645,30.16874123,-90.56968689,390696.5938
2161,51455,83,617,59637,0,341,150836,0.484,-44470,-5849000,3396000,5066,2713,4644,30.16874123,-90.56968689,390696.5938
2161,51456,83,618,10485,0,341,150836,0.734,-43200,-5848000,3397000,5066,2715,4642,30.16874123,-90.56968689,390696.5938
2161,51457,83,618,26869,0,341,150836,0.984,-41990,-5848000,3398000,5066,2716,4641,30.16874123,-90.56968689,390696.5938
2161,51458,83,618,43253,0,341,150837,0.234,-40730,-5847000,3399000,5066,2718,4640,30.16874123,-90.56968689,390696.5938
2161,51459,83,618,59637,0,341,150837,0.484,-39460,-5846000,3400000,5066,2720,4639,30.16874123,-90.56968689,390696.5938
2161,51460,83,619,10485,0,341,150837,0.484,-39460,-5846000,3400000,5066,2720,4639,30.35043907,-90.37425995,390568.3125
2161,51461,83,619,43253,0,341,150838,0.234,-35700,-5844000,3404000,5066,2725,4636,30.35043907,-90.37425995,390568.3125
2161,51462,83,619,59637,0,341,150838,0.484,-34450,-5844000,3405000,5066,2726,4635,30.35043907,-90.37425995,390568.3125
2161,51463,83,620,10485,0,341,150838,0.734,-33180,-5843000,3406000,5067,2728,4634,30.35043907,-90.37425995,390568.3125
2161,51464,83,620,26869,0,341,150838,0.984,-31970,-5842000,3407000,5067,2730,4633,30.35043907,-90.37425995,390568.3125
2161,51465,83,620,43253,0,341,150839,0.234,-30700,-5842000,3408000,5067,2731,4631,30.35043907,-90.37425995,390568.3125
2161,51466,83,620,59637,0,341,150839,0.484,-29430,-5841000,3409000,5067,2733,4630,30.35043907,-90.37425995,390568.3125
2161,51467,83,621,10485,0,341,150839,0.734,-28160,-5840000,3410000,5067,2735,4629,30.35043907,-90.37425995,390568.3125
2161,51468,83,621,26869,0,341,150839,0.984,-26960,-5840000,3412000,5067,2737,4628,30.35043907,-90.37425995,390568.3125
2161,51469,83,621,43253,0,341,150840,0.234,-25690,-5839000,3413000,5067,2738,4627,30.35043907,-90.37425995,390568.3125
2161,51470,83,621,59637,0,341,150840,0.484,-24420,-5838000,3414000,5067,2740,4626,30.35043907,-90.37425995,390568.3125
2161,51471,83,622,10485,0,341,150840,0.734,-23150,-5838000,3415000,5067,2742,4625,30.35043907,-90.37425995,390568.3125
2161,51472,83,622,26869,0,341,150840,0.984,-21950,-5837000,3416000,5068,2743,4624,30.35043907,-90.37425995,390568.3125
2161,51473,83,622,43253,0,341,150841,0.234,-20680,-5836000,3417000,5068,2745,4623,30.35043907,-90.37425995,390568.3125
2161,51474,83,622,60293,0,341,150841,0.484,-19410,-5836000,3418000,5068,2747,4622,30.35043907,-90.37425995,390568.3125
2161,51475,83,623,11141,0,341,150841,0.734,-18140,-5835000,3420000,5068,2748,4620,30.35043907,-90.37425995,390568.3125
2161,51476,83,623,27525,0,341,150841,0.984,-16930,-5834000,3421000,5068,2750,4619,30.35043907,-90.37425995,390568.3125
2161,51477,83,623,43909,0,341,150841,0.984,-16930,-5834000,3421000,5068,2750,4619,30.5541954,-90.15385437,390427.5625
2161,51478,83,624,11141,0,341,150842,0.734,-13140,-5832000,3424000,5068,2755,4616,30.5541954,-90.15385437,390427.5625
2161,51479,83,624,27525,0,341,150842,0.984,-11920,-5831000,3425000,5068,2757,4615,30.5541954,-90.15385437,390427.5625
2161,51480,83,624,43909,0,341,150843,0.234,-10650,-5831000,3426000,5068,2759,4614,30.5541954,-90.15385437,390427.5625
2161,51481,83,624,60293,0,341,150843,0.484,-9390,-5830000,3428000,5069,2760,4613,30.5541954,-90.15385437,390427.5625
2161,51482,83,625,11141,0,341,150843,0.734,-8112,-5829000,3429000,5069,2762,4612,30.5541954,-90.15385437,390427.5625
2161,51483,83,625,27525,0,341,150843,0.984,-6903,-5829000,3430000,5069,2764,4611,30.5541954,-90.15385437,390427.5625
2161,51484,83,625,43909,0,341,150844,0.234,-5637,-5828000,3431000,5069,2765,4609,30.5541954,-90.15385437,390427.5625
2161,51485,83,625,60293,0,341,150844,0.484,-4367,-5827000,3432000,5069,2767,4608,30.5541954,-90.15385437,390427.5625
2161,51486,83,626,11141,0,341,150844,0.734,-3104,-5827000,3433000,5069,2769,4607,30.5541954,-90.15385437,390427.5625
2161,51487,83,626,27525,0,341,150844,0.984,-1888,-5826000,3434000,5069,2770,4606,30.5541954,-90.15385437,390427.5625
2161,51488,83,626,43909,0,341,150845,0.234,-622,-5825000,3436000,5069,2772,4605,30.5541954,-90.15385437,390427.5625
2161,51489,83,626,60293,0,341,150845,0.484,642,-5825000,3437000,5069,2774,4604,30.5541954,-90.15385437,390427.5625
2161,51490,83,627,11141,0,341,150845,0.734,1912,-5824000,3438000,5069,2775,4603,30.5541954,-90.15385437,390427.5625
2161,51491,83,627,27525,0,341,150845,0.984,3127,-5823000,3439000,5070,2777,4602,30.5541954,-90.15385437,390427.5625
2161,51492,83,627,43909,0,341,150846,0.234,4386,-5823000,3440000,5070,2779,4601,30.5541954,-90.15385437,390427.5625
2161,51493,83,627,60293,0,341,150846,0.484,5657,-5822000,3441000,5070,2780,4599,30.5541954,-90.15385437,390427.5625
2161,51494,83,628,11141,0,341,150846,0.484,5657,-5822000,3441000,5070,2780,4599,30.75795937,-89.93180847,390272.9688
2161,51495,83,628,27525,0,341,150846,0.484,5657,-5822000,3441000,5070,2780,4599,30.76892471,-89.91982269,390260.5625
2161,51496,83,628,43909,0,341,150847,0.234,9414,-5820000,3445000,5070,2785,4596,30.76892471,-89.91982269,390260.5625
2161,51497,83,628,60293,0,341,150847,0.484,10680,-5819000,3446000,5070,2787,4595,30.76892471,-89.91982269,390260.5625
2161,51498,83,629,11141,0,341,150847,0.734,11940,-5818000,3447000,5070,2789,4594,30.76892471,-89.91982269,390260.5625
2161,51499,83,629,27525,0,341,150847,0.984,13160,-5818000,3448000,5070,2791,4593,30.76892471,-89.91982269,390260.5625
2161,51500,83,629,43909,0,341,150848,0.234,14430,-5817000,3449000,5070,2792,4592,30.76892471,-89.91982269,390260.5625
2161,51501,83,629,60293,0,341,150848,0.484,15690,-5816000,3450000,5070,2794,4591,30.76892471,-89.91982269,390260.5625
2161,51502,83,630,11141,0,341,150848,0.734,16960,-5816000,3452000,5071,2796,4590,30.76892471,-89.91982269,390260.5625
2161,51503,83,630,27525,0,341,150848,0.984,18170,-5815000,3453000,5071,2797,4588,30.76892471,-89.91982269,390260.5625
2161,51504,83,630,43909,0,341,150849,0.234,19450,-5814000,3454000,5071,2799,4587,30.76892471,-89.91982269,390260.5625
2161,51505,83,630,60293,0,341,150849,0.484,20710,-5814000,3455000,5071,2801,4586,30.76892471,-89.91982269,390260.5625
2161,51506,83,631,11141,0,341,150849,0.734,21970,-5813000,3456000,5071,2802,4585,30.76892471,-89.91982269,390260.5625
2161,51507,83,631,27525,0,341,150849,0.984,23180,-5812000,3457000,5071,2804,4584,30.76892471,-89.91982269,390260.5625
2161,51508,83,631,43909,0,341,150850,0.234,24450,-5811000,3458000,5071,2806,4583,30.76892471,-89.91982269,390260.5625
2161,51509,83,631,60293,0,341,150850,0.234,24450,-5811000,3458000,5071,2806,4583,30.92721939,-89.74640656,390139.4688
2161,51510,83,632,27525,0,341,150850,0.984,28200,-5809000,3462000,5071,2811,4579,30.92721939,-89.74640656,390139.4688
2161,51511,83,632,43909,0,341,150851,0.234,29480,-5809000,3463000,5072,2812,4578,30.92721939,-89.74640656,390139.4688
2161,51512,83,633,11141,0,341,150851,0.734,32000,-5807000,3465000,5072,2816,4576,30.92721939,-89.74640656,390139.4688
2161,51513,83,633,27525,0,341,150851,0.984,33220,-5807000,3466000,5072,2817,4575,30.92721939,-89.74640656,390139.4688
2161,51514,83,633,43909,0,341,150852,0.234,34490,-5806000,3467000,5072,2819,4574,30.92721939,-89.74640656,390139.4688
2161,51515,83,633,60293,0,341,150852,0.484,35750,-5805000,3469000,5072,2821,4573,30.92721939,-89.74640656,390139.4688
2161,51516,83,634,11141,0,341,150852,0.734,37020,-5804000,3470000,5072,2822,4572,30.92721939,-89.74640656,390139.4688
2161,51517,83,634,27525,0,341,150852,0.984,38240,-5804000,3471000,5072,2824,4570,30.92721939,-89.74640656,390139.4688
2161,51518,83,634,43909,0,341,150853,0.234,39500,-5803000,3472000,5072,2826,4569,30.92721939,-89.74640656,390139.4688
2161,51519,83,634,60293,0,341,150853,0.484,40780,-5802000,3473000,5072,2828,4568,30.92721939,-89.74640656,390139.4688
2161,51520,83,635,11141,0,341,150853,0.734,42040,-5802000,3474000,5072,2829,4567,30.92721939,-89.74640656,390139.4688
2161,51521,83,635,27525,0,341,150853,0.984,43250,-5801000,3475000,5073,2831,4566,30.92721939,-89.74640656,390139.4688
2161,51522,83,635,43909,0,341,150854,0.234,44520,-5800000,3476000,5073,2833,4565,30.92721939,-89.74640656,390139.4688
2161,51523,83,635,60948,0,341,150854,0.484,45780,-5800000,3478000,5073,2834,4564,30.92721939,-89.74640656,390139.4688
2161,51524,83,636,11796,0,341,150854,0.734,47060,-5799000,3479000,5073,2836,4563,30.92721939,-89.74640656,390139.4688
2161,51525,83,636,28180,0,341,150854,0.734,47060,-5799000,3479000,5073,2836,4563,31.12972832,-89.522995,390000.1875
2161,51526,83,636,44564,0,341,150855,0.234,49540,-5797000,3481000,5073,2839,4560,31.12972832,-89.522995,390000.1875
2161,51527,83,636,60948,0,341,150855,0.484,50800,-5797000,3482000,5073,2841,4559,31.12972832,-89.522995,390000.1875
2161,51528,83,637,28180,0,341,150855,0.984,53290,-5795000,3484000,5073,2844,4557,31.12972832,-89.522995,390000.1875
2161,51529,83,637,44564,0,341,150856,0.234,54570,-5795000,3485000,5073,2846,4556,31.12972832,-89.522995,390000.1875
2161,51530,83,638,11796,0,341,150856,0.734,57100,-5793000,3488000,5074,2849,4554,31.12972832,-89.522995,390000.1875
2161,51531,83,638,28180,0,341,150856,0.984,58310,-5793000,3489000,5074,2851,4553,31.12972832,-89.522995,390000.1875
2161,51532,83,638,44564,0,341,150857,0.234,59570,-5792000,3490000,5074,2853,4551,31.12972832,-89.522995,390000.1875
2161,51533,83,638,60948,0,341,150857,0.484,60840,-5791000,3491000,5074,2854,4550,31.12972832,-89.522995,390000.1875
2161,51534,83,639,11796,0,341,150857,0.734,62110,-5790000,3492000,5074,2856,4549,31.12972832,-89.522995,390000.1875
2161,51535,83,639,28180,0,341,150857,0.984,63330,-5790000,3493000,5074,2858,4548,31.12972832,-89.522995,390000.1875
2161,51536,83,639,44564,0,341,150858,0.234,64590,-5789000,3494000,5074,2859,4547,31.12972832,-89.522995,390000.1875
2161,51537,83,639,60948,0,341,150858,0.484,65860,-5788000,3496000,5074,2861,4546,31.12972832,-89.522995,390000.1875
2161,51538,83,640,11796,0,341,150858,0.734,67140,-5788000,3497000,5074,2863,4545,31.12972832,-89.522995,390000.1875
2161,51539,83,640,28180,0,341,150858,0.984,68340,-5787000,3498000,5074,2864,4544,31.12972832,-89.522995,390000.1875
2161,51540,83,640,45219,0,341,150859,0.234,69610,-5786000,3499000,5074,2866,4542,31.12972832,-89.522995,390000.1875
2161,51541,83,640,61603,0,341,150859,0.484,70890,-5785000,3500000,5074,2868,4541,31.12972832,-89.522995,390000.1875
2161,51542,83,641,12451,0,341,150859,0.734,72150,-5785000,3501000,5075,2869,4540,31.12972832,-89.522995,390000.1875
2161,51543,83,641,45219,0,341,150860,0.234,74630,-5783000,3503000,5075,2873,4538,31.12972832,-89.522995,390000.1875
2161,51544,83,641,61603,0,341,150860,0.484,75910,-5783000,3505000,5075,2874,4537,31.12972832,-89.522995,390000.1875
2161,51545,83,642,12451,0,341,150860,0.734,77170,-5782000,3506000,5075,2876,4536,31.12972832,-89.522995,390000.1875
2161,51546,83,642,28835,0,341,150860,0.984,78390,-5781000,3507000,5075,2878,4534,31.12972832,-89.522995,390000.1875
2161,51547,83,642,45219,0,341,150861,0.234,79650,-5781000,3508000,5075,2879,4533,31.12972832,-89.522995,390000.1875
2161,51548,83,642,61603,0,341,150861,0.484,80930,-5780000,3509000,5075,2881,4532,31.12972832,-89.522995,390000.1875
2161,51549,83,643,12451,0,341,150861,0.734,82190,-5779000,3510000,5075,2883,4531,31.12972832,-89.522995,390000.1875
2161,51550,83,643,28835,0,341,150861,0.984,83410,-5778000,3511000,5075,2884,4530,31.12972832,-89.522995,390000.1875
2161,51551,83,643,45219,0,341,150862,0.234,84680,-5778000,3512000,5075,2886,4529,31.12972832,-89.522995,390000.1875
2161,51552,83,643,61603,0,341,150862,0.484,85950,-5777000,3514000,5075,2888,4528,31.12972832,-89.522995,390000.1875
2161,51553,83,644,12451,0,341,150862,0.734,87210,-5776000,3515000,5075,2889,4527,31.12972832,-89.522995,390000.1875
2161,51554,83,644,28835,0,341,150862,0.984,88430,-5776000,3516000,5076,2891,4526,31.12972832,-89.522995,390000.1875
2161,51555,83,644,45219,0,341,150863,0.234,89700,-5775000,3517000,5076,2893,4524,31.12972832,-89.522995,390000.1875
2161,51556,83,644,61603,0,341,150863,0.484,90960,-5774000,3518000,5076,2894,4523,31.12972832,-89.522995,390000.1875
2161,51557,83,645,12451,0,341,150863,0.734,92230,-5773000,3519000,5076,2896,4522,31.12972832,-89.522995,390000.1875
2161,51558,83,645,28835,0,341,150863,0.984,93450,-5773000,3520000,5076,2898,4521,31.12972832,-89.522995,390000.1875
2161,51559,83,645,45219,0,341,150864,0.234,94710,-5772000,3521000,5076,2899,4520,31.12972832,-89.522995,390000.1875
2161,51560,83,645,61603,0,341,150864,0.484,95980,-5771000,3523000,5076,2901,4519,31.12972832,-89.522995,390000.1875
2161,51561,83,646,12451,0,341,150864,0.734,97250,-5770000,3524000,5076,2903,4518,31.12972832,-89.522995,390000.1875
