CCSDS_STREAMID,CCSDS_SEQUENCE,CCSDS_LENGTH,CCSDS_SECONDS,CCSDS_SUBSECS,CCSDS_SPARE,GPS_WEEKS,GPS_SECONDS,GPS_FRAC_SECS,ECEF_X,ECEF_Y,ECEF_Z,VEL_X,VEL_Y,VEL_Z,LAT,LON,ALT
2161,49333,83,61,39976,0,341,150279,0.984,-2616000,-6243000,354700,4029,-1342,6029,2.637698412,-113.0028381,400004.5625
2161,49334,83,61,56360,0,341,150280,0.234,-2615000,-6243000,356200,4030,-1340,6029,2.637698412,-113.0028381,400004.5625
2161,49335,83,62,7208,0,341,150280,0.484,-2614000,-6243000,357700,4030,-1338,6029,2.637698412,-113.0028381,400004.5625
2161,49336,83,62,23592,0,341,150280,0.484,-2614000,-6243000,357700,4030,-1338,6029,3.057379723,-112.7104187,399992.4688
2161,49337,83,62,56360,0,341,150281,0.234,-2611000,-6244000,362200,4033,-1333,6029,3.057379723,-112.7104187,399992.4688
2161,49338,83,63,7208,0,341,150281,0.484,-2610000,-6245000,363700,4034,-1331,6029,3.057379723,-112.7104187,399992.4688
2161,49339,83,63,23592,0,341,150281,0.734,-2609000,-6245000,365200,4034,-1329,6028,3.057379723,-112.7104187,399992.4688
2161,49340,83,63,39976,0,341,150281,0.984,-2608000,-6245000,366700,4035,-1327,6028,3.057379723,-112.7104187,399992.4688
2161,49341,83,63,56360,0,341,150282,0.234,-2607000,-6246000,368200,4036,-1325,6028,3.057379723,-112.7104187,399992.4688
2161,49342,83,64,7208,0,341,150282,0.484,-2606000,-6246000,369700,4037,-1323,6028,3.057379723,-112.7104187,399992.4688
2161,49343,83,64,23592,0,341,150282,0.734,-2605000,-6246000,371200,4037,-1322,6028,3.057379723,-112.7104187,399992.4688
2161,49344,83,64,39976,0,341,150282,0.984,-2604000,-6247000,372600,4038,-1320,6028,3.057379723,-112.7104187,399992.4688
2161,49345,83,64,56360,0,341,150283,0.234,-2603000,-6247000,374100,4039,-1318,6028,3.057379723,-112.7104187,399992.4688
2161,49346,83,65,7208,0,341,150283,0.484,-2602000,-6247000,375600,4040,-1316,6028,3.057379723,-112.7104187,399992.4688
2161,49347,83,65,23592,0,341,150283,0.734,-2601000,-6248000,377100,4041,-1314,6028,3.057379723,-112.7104187,399992.4688
2161,49348,83,65,39976,0,341,150283,0.984,-2600000,-6248000,378600,4041,-1312,6027,3.057379723,-112.7104187,399992.4688
2161,49349,83,65,56360,0,341,150284,0.234,-2599000,-6248000,380100,4042,-1311,6027,3.057379723,-112.7104187,399992.4688
2161,49350,83,66,7208,0,341,150284,0.484,-2598000,-6249000,381600,4043,-1309,6027,3.057379723,-112.7104187,399992.4688
2161,49351,83,66,23592,0,341,150284,0.734,-2597000,-6249000,383100,4044,-1307,6027,3.057379723,-112.7104187,399992.4688
2161,49352,83,66,39976,0,341,150284,0.984,-2596000,-6249000,384600,4044,-1305,6027,3.057379723,-112.7104187,399992.4688
2161,49353,83,66,56360,0,341,150284,0.984,-2596000,-6249000,384600,4044,-1305,6027,3.28589797,-112.5511322,399983
2161,49354,83,67,23592,0,341,150285,0.734,-2593000,-6250000,389100,4047,-1299,6027,3.28589797,-112.5511322,399983
2161,49355,83,67,39976,0,341,150285,0.984,-2592000,-6251000,390500,4048,-1298,6026,3.28589797,-112.5511322,399983
2161,49356,83,67,56360,0,341,150286,0.234,-2591000,-6251000,392000,4048,-1296,6026,3.28589797,-112.5511322,399983
2161,49357,83,68,7208,0,341,150286,0.484,-2590000,-6251000,393500,4049,-1294,6026,3.28589797,-112.5511322,399983
2161,49358,83,68,23592,0,341,150286,0.734,-2589000,-6252000,395100,4050,-1292,6026,3.28589797,-112.5511322,399983
2161,49359,83,68,39976,0,341,150286,0.984,-2584000,-6252000,396500,4051,-1290,6026,3.28589797,-112.5511322,399983
2161,49360,83,68,56360,0,341,150287,0.234,-2579000,-6252000,398000,4051,-1288,6026,3.28589797,-112.5511322,399983
2161,49361,83,69,7208,0,341,150287,0.484,-2574000,-6252000,399500,4052,-1286,6026,3.28589797,-112.5511322,399983
2161,49362,83,69,23592,0,341,150287,0.734,-2569000,-6253000,401000,4053,-1285,6026,3.28589797,-112.5511322,399983
2161,49363,83,69,39976,0,341,150287,0.984,-2564000,-6253000,402500,4054,-1283,6025,3.28589797,-112.5511322,399983
2161,49364,83,69,56360,0,341,150288,0.234,-2559000,-6253000,404000,4055,-1281,6025,3.28589797,-112.5511322,399983
2161,49365,83,70,7208,0,341,150288,0.484,-2554000,-6254000,405500,4055,-1279,6025,3.28589797,-112.5511322,399983
2161,49366,83,70,23592,0,341,150288,0.734,-2549000,-6254000,407000,4056,-1277,6025,3.28589797,-112.5511322,399983
2161,49367,83,70,39976,0,341,150288,0.984,-2544000,-6254000,408400,4057,-1275,6025,3.28589797,-112.5511322,399983
2161,49368,83,70,56360,0,341,150289,0.234,-2539000,-6255000,409900,4058,-1274,6025,3.28589797,-112.5511322,399983
2161,49369,83,71,7208,0,341,150289,0.484,-2534000,-6255000,411400,4058,-1272,6025,3.28589797,-112.5511322,399983
2161,49370,83,71,23592,0,341,150289,0.484,-2529000,-6255000,411400,4058,-1272,6025,3.515017748,-112.3912735,399975.6875
2161,49371,83,71,56360,0,341,150290,0.234,-2524000,-6256000,415900,4061,-1266,6024,3.515017748,-112.3912735,399975.6875
2161,49372,83,72,7208,0,341,150290,0.484,-2519000,-6256000,417400,4062,-1264,6024,3.515017748,-112.3912735,399975.6875
2161,49373,83,72,23592,0,341,150290,0.734,-2514000,-6257000,418900,4062,-1263,6024,3.515017748,-112.3912735,399975.6875
2161,49374,83,72,39976,0,341,150290,0.984,-2509000,-6257000,420400,4063,-1261,6024,3.515017748,-112.3912735,399975.6875
2161,49375,83,72,56360,0,341,150291,0.234,-2504000,-6257000,421900,4064,-1259,6024,3.515017748,-112.3912735,399975.6875
2161,49376,83,73,7208,0,341,150291,0.484,-2499000,-6258000,423400,4065,-1257,6024,3.515017748,-112.3912735,399975.6875
2161,49377,83,73,23592,0,341,150291,0.734,-2494000,-6258000,424900,4065,-1255,6023,3.515017748,-112.3912735,399975.6875
2161,49378,83,73,39976,0,341,150291,0.984,-2489000,-6258000,426300,4066,-1253,6023,3.515017748,-112.3912735,399975.6875
2161,49379,83,73,56360,0,341,150292,0.234,-2484000,-6259000,427800,4067,-1251,6023,3.515017748,-112.3912735,399975.6875
2161,49380,83,74,7208,0,341,150292,0.484,-2479000,-6259000,429300,4068,-1250,6023,3.515017748,-112.3912735,399975.6875
2161,49381,83,74,23592,0,341,150292,0.734,-2474000,-6259000,430800,4069,-1248,6023,3.515017748,-112.3912735,399975.6875
2161,49382,83,74,39976,0,341,150292,0.984,-2564000,-6259000,432300,4069,-1246,6023,3.515017748,-112.3912735,399975.6875
2161,49383,83,74,57016,0,341,150293,0.234,-2563000,-6260000,433800,4070,-1244,6023,3.515017748,-112.3912735,399975.6875
2161,49384,83,75,7864,0,341,150293,0.484,-2562000,-6260000,435300,4071,-1242,6022,3.515017748,-112.3912735,399975.6875
2161,49385,83,75,24248,0,341,150293,0.484,-2562000,-6260000,435300,4071,-1242,6022,3.718193531,-112.2493439,399963.6875
2161,49386,83,75,40632,0,341,150293,0.984,-2560000,-6261000,438200,4072,-1239,6022,3.718193531,-112.2493439,399963.6875
2161,49387,83,75,57016,0,341,150294,0.234,-2559000,-6261000,439800,4073,-1237,6022,3.718193531,-112.2493439,399963.6875
2161,49388,83,76,7864,0,341,150294,0.484,-2558000,-6261000,441300,4074,-1235,6022,3.718193531,-112.2493439,399963.6875
2161,49389,83,76,24248,0,341,150294,0.734,-2557000,-6262000,442800,4075,-1233,6022,3.718193531,-112.2493439,399963.6875
2161,49390,83,76,40632,0,341,150294,0.984,-2556000,-6262000,444200,4076,-1231,6022,3.718193531,-112.2493439,399963.6875
2161,49391,83,76,57016,0,341,150295,0.234,-2555000,-6262000,445700,4076,-1229,6021,3.718193531,-112.2493439,399963.6875
2161,49392,83,77,7864,0,341,150295,0.484,-2554000,-6262000,447200,4077,-1227,6021,3.718193531,-112.2493439,399963.6875
2161,49393,83,77,24248,0,341,150295,0.734,-2553000,-6263000,448700,4078,-1226,6021,3.718193531,-112.2493439,399963.6875
2161,49394,83,77,40632,0,341,150295,0.984,-2552000,-6263000,450200,4079,-1224,6021,3.718193531,-112.2493439,399963.6875
2161,49395,83,77,57016,0,341,150296,0.234,-2551000,-6263000,451700,4079,-1222,6021,3.718193531,-112.2493439,399963.6875
2161,49396,83,78,7864,0,341,150296,0.484,-2550000,-6264000,453200,4080,-1220,6021,3.718193531,-112.2493439,399963.6875
2161,49397,83,78,24248,0,341,150296,0.734,-2549000,-6264000,454700,4081,-1218,6021,3.718193531,-112.2493439,399963.6875
2161,49398,83,78,40632,0,341,150296,0.984,-2548000,-6264000,456100,4082,-1216,6021,3.718193531,-112.2493439,399963.6875
2161,49399,83,78,57016,0,341,150297,0.234,-2547000,-6265000,457600,4082,-1214,6020,3.718193531,-112.2493439,399963.6875
2161,49400,83,79,7864,0,341,150297,0.484,-2546000,-6265000,459100,4083,-1213,6020,3.718193531,-112.2493439,399963.6875
2161,49401,83,79,40632,0,341,150297,0.984,-2544000,-6265000,462100,4085,-1209,6020,3.718193531,-112.2493439,399963.6875
2161,49402,83,79,57016,0,341,150298,0.234,-2543000,-6266000,463600,4085,-1207,6020,3.718193531,-112.2493439,399963.6875
2161,49403,83,80,7864,0,341,150298,0.484,-2542000,-6266000,465100,4086,-1205,6020,3.718193531,-112.2493439,399963.6875
2161,49404,83,80,24248,0,341,150298,0.734,-2541000,-6266000,466600,4087,-1203,6019,3.718193531,-112.2493439,399963.6875
2161,49405,83,80,40632,0,341,150298,0.984,-2540000,-6267000,468000,4088,-1202,6019,3.718193531,-112.2493439,399963.6875
2161,49406,83,80,57016,0,341,150299,0.234,-2539000,-6267000,469600,4089,-1200,6019,3.718193531,-112.2493439,399963.6875
2161,49407,83,81,7864,0,341,150299,0.484,-2538000,-6267000,471100,4089,-1198,6019,3.718193531,-112.2493439,399963.6875
2161,49408,83,81,24248,0,341,150299,0.734,-2537000,-6268000,472600,4090,-1196,6019,3.718193531,-112.2493439,399963.6875
2161,49409,83,81,40632,0,341,150299,0.984,-2536000,-6268000,474000,4091,-1194,6019,3.718193531,-112.2493439,399963.6875
2161,49410,83,81,57016,0,341,150300,0.234,-2535000,-6268000,475500,4092,-1192,6019,3.718193531,-112.2493439,399963.6875
2161,49411,83,82,7864,0,341,150300,0.484,-2534000,-6268000,477000,4092,-1190,6018,3.718193531,-112.2493439,399963.6875
2161,49412,83,82,24248,0,341,150300,0.734,-2533000,-6269000,478500,4093,-1189,6018,3.718193531,-112.2493439,399963.6875
2161,49413,83,82,40632,0,341,150300,0.984,-2532000,-6269000,480000,4094,-1187,6018,3.718193531,-112.2493439,399963.6875
2161,49414,83,82,57016,0,341,150301,0.234,-2531000,-6269000,481500,4095,-1185,6018,3.718193531,-112.2493439,399963.6875
2161,49415,83,83,7864,0,341,150301,0.484,-2530000,-6270000,483000,4095,-1183,6018,3.718193531,-112.2493439,399963.6875
2161,49416,83,83,24248,0,341,150301,0.734,-2529000,-6270000,484500,4096,-1181,6018,3.718193531,-112.2493439,399963.6875
2161,49417,83,83,40632,0,341,150305,0.984,-2528000,-6270000,485900,4097,-1179,6017,3.718193531,-112.2493439,399963.6875
2161,49418,83,83,57016,0,341,150322,0.234,-2527000,-6270000,487400,4098,-1178,6017,3.718193531,-112.2493439,399963.6875
2161,49419,83,84,7864,0,341,150325,0.484,-2526000,-6271000,488900,4098,-1176,6017,3.718193531,-112.2493439,399963.6875
2161,49420,83,84,24248,0,342,150302,0.734,-2525000,-6271000,490400,4099,-1174,6017,3.718193531,-112.2493439,399963.6875
2161,49421,83,84,40632,0,342,150309,0.984,-2524000,-6271000,491900,4100,-1172,6017,3.718193531,-112.2493439,399963.6875
2161,49422,83,84,57016,0,345,150303,0.234,-2523000,-6272000,493400,4101,-1170,6017,3.718193531,-112.2493439,399963.6875
2161,49423,83,85,7864,0,345,150306,0.484,-2522000,-6272000,494900,4102,-1168,6016,3.718193531,-112.2493439,399963.6875
2161,49424,83,85,24248,0,341,150303,0.734,-2521000,-6272000,496400,4102,-1166,6016,3.718193531,-112.2493439,399963.6875
2161,49425,83,85,40632,0,341,150303,0.984,-2520000,-6272000,497800,4103,-1165,6016,3.718193531,-112.2493439,399963.6875
2161,49426,83,85,57016,0,341,150304,0.234,-2519000,-6273000,499300,4104,-1163,6016,3.718193531,-112.2493439,399963.6875
2161,49427,83,86,7864,0,341,150304,0.484,-2518000,-6273000,500800,4105,-1161,6016,3.718193531,-112.2493439,399963.6875
2161,49428,83,86,24248,0,341,150304,0.734,-2517000,-6273000,502300,4105,-1159,6016,3.718193531,-112.2493439,399963.6875
2161,49429,83,86,40632,0,341,150304,0.984,-2516000,-6274000,503800,4106,-1157,6016,3.718193531,-112.2493439,399963.6875
2161,49430,83,86,57671,0,341,150305,0.234,-2515000,-6274000,505300,4107,-1155,6015,3.718193531,-112.2493439,399963.6875
2161,49431,83,87,8519,0,341,150305,0.484,-2514000,-6274000,506800,4108,-1153,6015,3.718193531,-112.2493439,399963.6875
2161,49432,83,87,24903,0,341,150305,0.734,-2513000,-6275000,508300,4108,-1152,6015,3.718193531,-112.2493439,399963.6875
2161,49433,83,87,57671,0,341,150306,0.234,-2511000,-6275000,511200,4110,-1148,6015,3.718193531,-112.2493439,399963.6875
2161,49434,83,88,8519,0,341,150306,0.484,-2510000,-6275000,512800,4111,-1146,6015,3.718193531,-112.2493439,399963.6875
2161,49435,83,88,24903,0,341,150306,0.734,-2508000,-6276000,514300,4111,-1144,6014,3.718193531,-112.2493439,399963.6875
2161,49436,83,88,41287,0,341,150306,0.984,-2507000,-6276000,515700,4112,-1142,6014,3.718193531,-112.2493439,399963.6875
2161,49437,83,88,57671,0,341,150307,0.234,-2506000,-6276000,517200,4113,-1141,6014,3.718193531,-112.2493439,399963.6875
2161,49438,83,89,9175,0,341,150307,0.484,-2505000,-6276000,518700,4114,-1139,6014,3.718193531,-112.2493439,399963.6875
2161,49439,83,89,25559,0,341,150307,0.734,-2504000,-6277000,520200,4114,-1137,6014,3.718193531,-112.2493439,399963.6875
2161,49440,83,89,41943,0,341,150307,0.984,-2503000,-6277000,521700,4115,-1135,6014,3.718193531,-112.2493139,399963.6875
2161,49441,83,90,9175,0,341,150308,0.484,-2501000,-6278000,524700,4117,-1131,6013,3.718213531,-112.2493139,399963.6875
2161,49442,83,90,25559,0,341,150308,0.734,-2500000,-6278000,526200,4117,-1129,6013,3.718213531,-112.2493439,399963.6875
2161,49443,83,90,41943,0,341,150308,0.984,-2499000,-6278000,527600,4118,-1128,6013,3.718193531,-112.2493439,399963.6875
2161,49444,83,90,58327,0,341,150309,0.234,-2498000,-6278000,529100,4119,-1126,6013,3.718193531,-112.2493139,399963.6875
2161,49445,83,91,9175,0,341,150309,0.484,-2497000,-6279000,530600,4120,-1124,6013,3.718213531,-112.2493139,399963.6875
2161,49446,83,91,25559,0,341,150309,0.734,-2496000,-6279000,532100,4120,-1122,6012,3.718213531,-112.2493439,399963.6875
2161,49447,83,91,41943,0,341,150309,0.984,-2495000,-6279000,533600,4121,-1120,6012,3.718193531,-112.2493439,399963.6875
2161,49448,83,91,58327,0,341,150310,0.234,-2494000,-6280000,535100,4122,-1118,6012,3.718193531,-112.2493139,399963.6875
2161,49449,83,92,9175,0,341,150310,0.484,-2493000,-6280000,536600,4123,-1116,6012,3.718213531,-112.2493139,399963.6875
2161,49450,83,92,25559,0,341,150310,0.734,-2492000,-6280000,538100,4123,-1115,6012,3.718213531,-112.2493439,399963.6875
2161,49451,83,92,41943,0,341,150310,0.984,-2491000,-6280000,539500,4124,-1113,6012,3.718193531,-112.2493439,399963.6875
2161,49452,83,92,58327,0,341,150311,0.234,-2490000,-6281000,541000,4125,-1111,6011,3.718193531,-112.2493139,399963.6875
2161,49453,83,93,9175,0,341,150311,0.484,-2489000,-6281000,542500,4126,-1109,6011,3.718213531,-112.2493139,399963.6875
2161,49454,83,93,26214,0,341,150311,0.734,-2488000,-6281000,544000,4126,-1107,6011,3.718213531,-112.2493439,399963.6875
2161,49455,83,93,42598,0,341,150311,0.984,-2487000,-6281000,545500,4127,-1105,6011,3.718193531,-112.2493439,399963.6875
2161,49456,83,93,58982,0,341,150311,0.984,-2487000,-6281000,545500,4127,-1105,6011,4.657956123,-111.5919418,399914.8438
2161,49457,83,94,26214,0,341,150312,0.984,-2483000,-6283000,551400,4130,-1098,6010,4.657956123,-111.5919418,399914.8438
2161,49458,83,94,42598,0,341,150313,0.234,-2482000,-6283000,552900,4131,-1096,6010,4.657956123,-111.5919418,399914.8438
2161,49459,83,94,58982,0,341,150313,0.484,-2481000,-6283000,554400,4132,-1094,6010,4.657956123,-111.5919418,399914.8438
2161,49460,83,95,9830,0,341,150313,0.734,-2480000,-6283000,555900,4133,-1092,6010,4.657956123,-111.5919418,399914.8438
2161,49461,83,95,26214,0,341,150313,0.984,-2479000,-6284000,557400,4133,-1090,6009,4.657956123,-111.5919418,399914.8438
2161,49462,83,95,42598,0,341,150314,0.234,-2478000,-6284000,558900,4134,-1089,6009,4.657956123,-111.5919418,399914.8438
2161,49463,83,95,58982,0,341,150314,0.484,-2477000,-6284000,560400,4135,-1087,6009,4.657956123,-111.5919418,399914.8438
2161,49464,83,96,9830,0,341,150314,0.734,-2476000,-6284000,561900,4136,-1085,6009,4.657956123,-111.5919418,399914.8438
2161,49465,83,96,26214,0,341,150314,0.984,-2475000,-6285000,563300,4136,-1083,6009,4.657956123,-111.5919418,399914.8438
2161,49466,83,96,42598,0,341,150315,0.234,-2474000,-6285000,564800,4137,-1081,6009,4.657956123,-111.5919418,399914.8438
2161,49467,83,96,58982,0,341,150315,0.484,-2473000,-6285000,566300,4138,-1079,6008,4.657956123,-111.5919418,399914.8438
2161,49468,83,97,9830,0,341,150315,0.734,-2472000,-6286000,567800,4138,-1078,6008,4.657956123,-111.5919418,399914.8438
2161,49469,83,97,26869,0,341,150315,0.984,-2471000,-6286000,569300,4139,-1076,6008,4.657956123,-111.5919418,399914.8438
2161,49470,83,97,43253,0,341,150316,0.234,-2470000,-6286000,570800,4140,-1074,6008,4.657956123,-111.5919418,399914.8438
2161,49471,83,97,59637,0,341,150316,0.234,-2470000,-6286000,570800,4140,-1074,6008,4.873801231,-111.4405441,399902.7813
2161,49472,83,98,10485,0,341,150316,0.234,-2470000,-6286000,570800,4140,-1074,6008,4.886697769,-111.4315338,399897.4375
2161,49473,83,98,26869,0,341,150316,0.984,-2467000,-6287000,575200,4142,-1068,6007,4.886697769,-111.4315338,399897.4375
2161,49474,83,98,43253,0,341,150317,0.234,-2466000,-6287000,576700,4143,-1066,6007,4.886697769,-111.4315338,399897.4375
2161,49475,83,98,59637,0,341,150317,0.484,-2465000,-6287000,578200,4144,-1065,6007,4.886697769,-111.4315338,399897.4375
2161,49476,83,99,10485,0,341,150317,0.734,-2464000,-6288000,579700,4144,-1063,6007,4.886697769,-111.4315338,399897.4375
2161,49477,83,99,26869,0,341,150317,0.984,-2463000,-6288000,581200,4145,-1061,6007,4.886697769,-111.4315338,399897.4375
2161,49478,83,99,43253,0,341,150318,0.234,-2462000,-6288000,582600,4146,-1059,6006,4.886697769,-111.4315338,399897.4375
2161,49479,83,99,59637,0,341,150318,0.484,-2461000,-6288000,584200,4147,-1057,6006,4.886697769,-111.4315338,399897.4375
2161,49480,83,100,10485,0,341,150318,0.734,-2459000,-6289000,585600,4148,-1055,6006,4.886697769,-111.4315338,399897.4375
2161,49481,83,100,26869,0,341,150318,0.984,-2458000,-6289000,587100,4148,-1053,6006,4.886697769,-111.4315338,399897.4375
2161,49482,83,100,43253,0,341,150319,0.234,-2457000,-6289000,588600,4149,-1052,6006,4.886697769,-111.4315338,399897.4375
2161,49483,83,100,59637,0,341,150319,0.484,-2456000,-6289000,590100,4150,-1050,6005,4.886697769,-111.4315338,399897.4375
2161,49484,83,101,10485,0,341,150319,0.734,-2455000,-6290000,591600,4150,-1048,6005,4.886697769,-111.4315338,399897.4375
2161,49485,83,101,26869,0,341,150319,0.984,-2454000,-6290000,593000,4151,-1046,6005,4.886697769,-111.4315338,399897.4375
2161,49486,83,101,43253,0,341,150320,0.234,-2453000,-6290000,594600,4152,-1044,6005,4.886697769,-111.4315338,399897.4375
2161,49487,83,101,59637,0,341,150320,0.484,-2452000,-6290000,596000,4153,-1042,6005,4.886697769,-111.4315338,399897.4375
2161,49488,83,102,10485,0,341,150320,0.484,-2452000,-6290000,596000,4153,-1042,6005,5.08976841,-111.2889938,399889.125
2161,49489,83,102,26869,0,341,150320,0.984,-2450000,-6291000,599000,4154,-1039,6004,5.08976841,-111.2889938,399889.125
2161,49490,83,102,43253,0,341,150321,0.234,-2449000,-6291000,600500,4155,-1037,6004,5.08976841,-111.2889938,399889.125
2161,49491,83,102,59637,0,341,150321,0.484,-2448000,-6292000,602000,4156,-1035,6004,5.08976841,-111.2889938,399889.125
2161,49492,83,103,10485,0,341,150321,0.734,-2447000,-6292000,603500,4156,-1033,6004,5.08976841,-111.2889938,399889.125
2161,49493,83,103,26869,0,341,150321,0.984,-2446000,-6292000,604900,4157,-1031,6003,5.08976841,-111.2889938,399889.125
2161,49494,83,103,43253,0,341,150322,0.234,-2445000,-6292000,606400,4158,-1029,6003,5.08976841,-111.2889938,399889.125
2161,49495,83,103,59637,0,341,150322,0.484,-2444000,-6293000,607900,4159,-1027,6003,5.08976841,-111.2889938,399889.125
2161,49496,83,104,10485,0,341,150322,0.734,-2443000,-6293000,609400,4159,-1026,6003,5.08976841,-111.2889938,399889.125
2161,49497,83,104,26869,0,341,150322,0.984,-2442000,-6293000,610900,4160,-1024,6003,5.08976841,-111.2889938,399889.125
2161,49498,83,104,43253,0,341,150323,0.234,-2441000,-6293000,612400,4161,-1022,6003,5.08976841,-111.2889938,399889.125
2161,49499,83,104,59637,0,341,150323,0.484,-2440000,-6294000,613900,4162,-1020,6002,5.08976841,-111.2889938,399889.125
2161,49500,83,105,10485,0,341,150323,0.734,-2439000,-6294000,615400,4162,-1018,6002,5.08976841,-111.2889938,399889.125
2161,49501,83,105,26869,0,341,150323,0.984,-2438000,-6294000,616800,10,23,3,5.08976841,-111.2889938,399889.125
2161,49502,83,105,43253,0,341,150324,0.234,-2437000,-6294000,618300,10,23,3,5.08976841,-111.2889938,399889.125
2161,49503,83,105,60293,0,341,150324,0.484,-2436000,-6295000,619800,10,23,3,5.08976841,-111.2889938,399889.125
2161,49504,83,106,11141,0,341,150324,0.734,-2435000,-6295000,621300,10,23,3,5.08976841,-111.2889938,399889.125
2161,49505,83,106,27525,0,341,150324,0.984,-2434000,-6295000,622800,10,23,3,5.08976841,-111.2889938,399889.125
2161,49506,83,107,11141,0,341,150325,0.734,-2431000,-6296000,627300,10,23,3,5.08976841,-111.2889938,399889.125
2161,49507,83,107,27525,0,341,150325,0.984,-2430000,-6296000,628700,10,23,3,5.08976841,-111.2889938,399889.125
2161,49508,83,107,43909,0,341,150326,0.234,-2429000,-6296000,630200,10,23,3,5.08976841,-111.2889938,399889.125
2161,49509,83,107,60293,0,341,150326,0.484,-2428000,-6297000,631700,10,23,3,5.08976841,-111.2889938,399889.125
2161,49510,83,108,11141,0,341,150326,0.734,-2427000,-6297000,633200,10,23,3,5.08976841,-111.2889938,399889.125
2161,49511,83,108,27525,0,341,150326,0.984,-2426000,-6297000,634600,10,23,3,5.08976841,-111.2889938,399889.125
2161,49512,83,108,43909,0,341,150327,0.234,-2425000,-6297000,636100,10,23,3,5.08976841,-111.2889938,399889.125
2161,49513,83,108,60293,0,341,150327,0.484,-2423000,-6298000,637600,10,23,3,5.08976841,-111.2889938,399889.125
2161,49514,83,109,11141,0,341,150327,0.734,-2422000,-6298000,639100,10,23,3,5.08976841,-111.2889938,399889.125
2161,49515,83,109,27525,0,341,150327,0.984,-2421000,-6298000,640600,10,23,3,5.08976841,-111.2889938,399889.125
2161,49516,83,109,43909,0,341,150328,0.234,-2420000,-6298000,642100,4176,-984.8,5998,5.08976841,-111.2889938,399889.125
2161,49517,83,109,60293,0,341,150328,0.484,-2419000,-6298000,643600,4176,-982.9,5998,5.08976841,-111.2889938,399889.125
2161,49518,83,110,11796,0,341,150328,0.734,-2418000,-6299000,645100,4177,-981.1,5998,5.08976841,-111.2889938,399889.125
2161,49519,83,110,28180,0,341,150328,0.984,-2417000,-6299000,646500,4178,-979.2,5998,5.08976841,-111.2889938,399889.125
2161,49520,83,110,44564,0,341,150329,0.234,-2416000,-6299000,648000,4179,-977.4,5998,5.08976841,-111.2889938,399889.125
2161,49521,83,111,11796,0,341,150329,0.734,-2414000,-6300000,651000,4180,-973.7,5997,5.08976841,-111.2889938,399889.125
2161,49522,83,111,28180,0,341,150329,0.984,-2413000,-6300000,652500,4181,-971.8,5997,5.08976841,-111.2889938,399889.125
2161,49523,83,111,44564,0,341,150330,0.234,-2412000,-6300000,654000,4182,-969.9,5997,5.08976841,-111.2889938,399889.125
2161,49524,83,111,60948,0,341,150330,0.484,-2411000,-6300000,655400,4182,-968.1,5997,5.08976841,-111.2889938,399889.125
2161,49525,83,112,11796,0,341,150330,0.734,-2410000,-6301000,656900,4183,-966.2,5996,5.08976841,-111.2889938,399889.125
2161,49526,83,112,28180,0,341,150330,0.984,-2409000,-6301000,658400,4184,-964.4,5996,5.08976841,-111.2889938,399889.125
2161,49527,83,112,44564,0,341,150331,0.234,-2408000,-6301000,659900,4184,-962.5,5996,5.08976841,-111.2889938,399889.125
2161,49528,83,112,60948,0,341,150331,0.484,-2407000,-6301000,661400,4185,-960.7,5996,5.08976841,-111.2889938,399889.125
2161,49529,83,113,11796,0,341,150331,0.734,-2406000,-6302000,662900,4186,-958.8,5996,5.08976841,-111.2889938,399889.125
2161,49530,83,113,28180,0,341,150331,0.984,-2405000,-6302000,664300,4187,-957,5995,5.08976841,-111.2889938,399889.125
2161,49531,83,113,44564,0,341,150332,0.234,-2404000,-6302000,665800,4187,-955.1,5995,5.08976841,-111.2889938,399889.125
2161,49532,83,113,60948,0,341,150332,0.484,-2403000,-6302000,667300,4188,-953.2,5995,5.08976841,-111.2889938,399889.125
2161,49533,83,114,11796,0,341,150332,0.734,-2402000,-6303000,668800,4189,-951.3,5995,5.08976841,-111.2889938,399889.125
2161,49534,83,114,28180,0,341,150332,0.984,-2401000,-6303000,670300,4190,-949.5,5995,5.08976841,-111.2889938,399889.125
2161,49535,83,114,44564,0,341,150333,0.234,-2400000,-6303000,671800,4190,-947.7,5994,5.08976841,-111.2889938,399889.125
2161,49536,83,114,60948,0,341,150333,0.484,-2399000,-6303000,673300,4191,-945.8,5994,5.08976841,-111.2889938,399889.125
2161,49537,83,115,12451,0,341,150333,0.734,-2398000,-6303000,674800,4192,-943.9,5994,5.08976841,-111.2889938,399889.125
2161,49538,83,115,28835,0,341,150333,0.984,-2397000,-6304000,676200,4192,-942.1,5994,5.08976841,-111.2889938,399889.125
2161,49540,83,116,12451,0,341,150334,0.734,-2393000,-6304000,680700,4195,-936.5,5993,5.08976841,-111.2889938,399889.125
2161,49541,83,116,28835,0,341,150334,0.984,-2392000,-6305000,682100,4195,-934.6,5993,5.08976841,-111.2889938,399889.125
2161,49542,83,116,45219,0,341,150335,0.234,-2391000,-6305000,683600,4196,-932.8,5993,5.08976841,-111.2889938,399889.125
2161,49543,83,116,61603,0,341,150335,0.484,-2390000,-6305000,685100,4197,-930.9,5992,5.08976841,-111.2889938,399889.125
2161,49544,83,117,12451,0,341,150335,0.734,-2389000,-6305000,686600,4198,-929.1,5992,5.08976841,-111.2889938,399889.125
2161,49545,83,117,28835,0,341,150335,0.984,-2388000,-6306000,688100,4198,-927.2,5992,5.08976841,-111.2889938,399889.125
2161,49546,83,117,61603,0,341,150336,0.484,-2386000,-6306000,691100,4200,-923.5,5991,5.08976841,-111.2889938,399889.125
2161,49547,83,118,12451,0,341,150336,0.734,-2385000,-6306000,692600,4200,-921.7,5991,5.08976841,-111.2889938,399889.125
2161,49548,83,118,28835,0,341,150336,0.984,-2384000,-6306000,694000,4201,-919.8,5991,5.08976841,-111.2889938,399889.125
2161,49549,83,118,45219,0,341,150337,0.234,-2383000,-6307000,695500,4202,-917.9,5991,5.08976841,-111.2889938,399889.125
2161,49550,83,118,61603,0,341,150337,0.484,-2382000,-6307000,697000,4203,-916.1,5991,5.08976841,-111.2889938,399889.125
2161,49551,83,119,12451,0,341,150337,0.734,-2381000,-6307000,698500,4203,-914.2,5990,5.08976841,-111.2889938,399889.125
2161,49552,83,119,28835,0,341,150337,0.984,-2380000,-6307000,699900,4204,-912.3,5990,5.08976841,-111.2889938,399889.125
2161,49553,83,119,45219,0,341,150338,0.234,-2379000,-6308000,701400,4205,-910.5,5990,5.08976841,-111.2889938,399889.125
2161,49554,83,119,61603,0,341,150338,0.484,-2378000,-6308000,702900,4206,-908.6,5990,5.08976841,-111.2889938,399889.125
2161,49555,83,120,12451,0,341,150338,0.734,-2377000,-6308000,704400,4206,-906.8,5989,5.08976841,-111.2889938,399889.125
2161,49556,83,120,28835,0,341,150338,0.984,-2376000,-6308000,705900,4207,-904.9,5989,5.08976841,-111.2889938,399889.125
2161,49557,83,120,45219,0,341,150339,0.234,-2375000,-6309000,707300,4208,-903.1,5989,5.08976841,-111.2889938,399889.125
2161,49558,83,121,12451,0,341,150339,0.734,-2373000,-6309000,710300,4209,-899.3,5989,5.08976841,-111.2889938,399889.125
2161,49559,83,121,28835,0,341,150339,0.984,-2372000,-6309000,711800,4210,-897.5,5988,5.08976841,-111.2889938,399889.125
2161,49560,83,121,45219,0,341,150340,0.234,-2371000,-6309000,713300,4211,-895.7,5988,5.08976841,-111.2889938,399889.125
2161,49561,83,121,61603,0,341,150340,0.484,-2370000,-6310000,714800,4211,-893.8,5988,5.08976841,-111.2889938,399889.125
2161,49562,83,122,12451,0,341,150340,0.734,-2369000,-6310000,716300,4212,-891.9,5988,5.08976841,-111.2889938,399889.125
2161,49563,83,122,28835,0,341,150340,0.984,-2368000,-6310000,717700,4213,-890.1,5987,5.08976841,-111.2889938,399889.125
2161,49564,83,122,45219,0,341,150341,0.234,-2366000,-6310000,719200,4214,-888.2,5987,5.08976841,-111.2889938,399889.125
2161,49565,83,122,61603,0,341,150341,0.484,-2365000,-6311000,720700,4214,-886.3,5987,5.08976841,-111.2889938,399889.125
2161,49566,83,123,12451,0,341,150341,0.734,-2364000,-6311000,722200,4215,-884.5,5987,5.08976841,-111.2889938,399889.125
2161,49567,83,123,28835,0,341,150341,0.984,-2363000,-6311000,723600,4216,-882.6,5986,5.08976841,-111.2889938,399889.125
2161,49568,83,123,45219,0,341,150342,0.234,-2362000,-6311000,725100,4216,-880.8,5986,5.08976841,-111.2889938,399889.125
2161,49569,83,123,61603,0,341,150342,0.484,-2361000,-6311000,726600,4217,-878.9,5986,5.08976841,-111.2889938,399889.125
2161,49570,83,124,12451,0,341,150342,0.734,-2360000,-6312000,728100,4218,-877,5986,5.08976841,-111.2889938,399889.125
2161,49571,83,124,29491,0,341,150342,0.984,-2359000,-6312000,729600,4219,-875.2,5986,5.08976841,-111.2889938,399889.125
2161,49572,83,124,45875,0,341,150343,0.234,-2358000,-6312000,731100,4219,-873.3,5985,5.08976841,-111.2889938,399889.125
2161,49573,83,124,62259,0,341,150343,0.484,-2357000,-6312000,732600,4220,-871.5,5985,5.08976841,-111.2889938,399889.125
2161,49574,83,125,29491,0,341,150343,0.984,-2355000,-6313000,735500,4221,-867.8,5985,5.08976841,-111.2889938,399889.125
2161,49575,83,125,45875,0,341,150344,0.234,-2354000,-6313000,737000,4222,-865.9,5984,5.08976841,-111.2889938,399889.125
2161,49576,83,125,62259,0,341,150344,0.484,-2353000,-6313000,738500,4223,-864,5984,5.08976841,-111.2889938,399889.125
2161,49577,83,126,13107,0,341,150344,0.734,-2352000,-6313000,740000,4224,-862.1,5984,5.08976841,-111.2889938,399889.125
2161,49578,83,126,29491,0,341,150344,0.984,-2351000,-6314000,741400,4224,-860.3,5984,5.08976841,-111.2889938,399889.125
2161,49579,83,126,45875,0,341,150345,0.234,-2350000,-6314000,742900,4225,-858.4,5983,5.08976841,-111.2889938,399889.125
2161,49580,83,126,62259,0,341,150345,0.484,-2349000,-6314000,744400,4226,-856.6,5983,5.08976841,-111.2889938,399889.125
2161,49581,83,127,13107,0,341,150345,0.734,-2348000,-6314000,745900,4226,-854.8,5983,5.08976841,-111.2889938,399889.125
2161,49582,83,127,29491,0,341,150345,0.984,-2347000,-6314000,747300,4227,-852.9,5983,5.08976841,-111.2889938,399889.125
2161,49583,83,127,45875,0,341,150346,0.234,-2346000,-6315000,748800,4228,-851,5982,5.08976841,-111.2889938,399889.125
2161,49584,83,127,62259,0,341,150346,0.484,-2345000,-6315000,750300,4229,-849.2,5982,5.08976841,-111.2889938,399889.125
2161,49585,83,128,13107,0,341,150346,0.734,-2343000,-6315000,751800,4229,-847.3,5982,5.08976841,-111.2889938,399889.125
2161,49586,83,128,29491,0,341,150346,0.984,-2342000,-6315000,753300,4230,-845.5,5982,5.08976841,-111.2889938,399889.125
2161,49587,83,128,45875,0,341,150347,0.234,-2341000,-6315000,754800,4231,-843.6,5982,5.08976841,-111.2889938,399889.125
2161,49588,83,128,62914,0,341,150347,0.484,-2340000,-6316000,756300,4232,-841.7,5981,5.08976841,-111.2889938,399889.125
2161,49589,83,129,13762,0,341,150347,0.734,-2339000,-6316000,757700,4232,-839.9,5981,5.08976841,-111.2889938,399889.125
2161,49590,83,129,30146,0,341,150347,0.984,-2338000,-6316000,759200,4233,-838,5981,5.08976841,-111.2889938,399889.125
2161,49591,83,129,46530,0,341,150348,0.234,-2337000,-6316000,760700,4234,-836.1,5981,5.08976841,-111.2889938,399889.125
2161,49592,83,130,13762,0,341,150348,0.734,-2335000,-6317000,763700,4235,-832.4,5980,5.08976841,-111.2889938,399889.125
2161,49593,83,130,30146,0,341,150348,0.984,-2334000,-6317000,765100,4236,-830.6,5980,5.08976841,-111.2889938,399889.125
2161,49594,83,130,46530,0,341,150349,0.234,-2333000,-6317000,766600,4236,-828.7,5980,5.08976841,-111.2889938,399889.125
2161,49595,83,130,62914,0,341,150349,0.484,-2332000,-6317000,768100,4237,-826.8,5979,5.08976841,-111.2889938,399889.125
2161,49596,83,131,13762,0,341,150349,0.734,-2331000,-6317000,769600,4238,-825,5979,5.08976841,-111.2889938,399889.125
2161,49597,83,131,30146,0,341,150349,0.984,-2330000,-6318000,771000,4239,-823.1,5979,5.08976841,-111.2889938,399889.125
2161,49598,83,131,46530,0,341,150350,0.234,-2329000,-6318000,772500,4239,-821.3,5979,5.08976841,-111.2889938,399889.125
2161,49599,83,131,62914,0,341,150350,0.484,-2328000,-6318000,774000,4240,-819.4,5978,5.08976841,-111.2889938,399889.125
2161,49600,83,132,13762,0,341,150350,0.734,-2327000,-6318000,775500,4241,-817.5,5978,5.08976841,-111.2889938,399889.125
2161,49601,83,132,30146,0,341,150350,0.984,-2326000,-6318000,776900,4242,-815.7,5978,5.08976841,-111.2889938,399889.125
2161,49602,83,132,46530,0,341,150351,0.234,-2325000,-6319000,778400,4242,-813.8,5978,5.08976841,-111.2889938,399889.125
2161,49603,83,132,62914,0,341,150351,0.484,-2324000,-6319000,779900,4243,-812,5977,5.08976841,-111.2889938,399889.125
2161,49604,83,133,13762,0,341,150351,0.734,-2323000,-6319000,781400,4244,-810.1,5977,5.08976841,-111.2889938,399889.125
2161,49605,83,133,30146,0,341,150351,0.984,-2322000,-6319000,782900,4244,-808.2,5977,5.08976841,-111.2889938,399889.125
2161,49606,83,133,46530,0,341,150352,0.234,-2320000,-6319000,784400,4245,-806.4,5977,5.08976841,-111.2889938,399889.125
2161,49607,83,133,62914,0,341,150352,0.484,-2319000,-6320000,785800,4246,-804.6,5976,5.08976841,-111.2889938,399889.125
2161,49608,83,134,13762,0,341,150352,0.734,-2318000,-6320000,787300,4246,-802.6,5976,5.08976841,-111.2889938,399889.125
2161,49609,83,134,30146,0,341,150352,0.984,-2317000,-6320000,788800,4247,-800.8,5976,5.08976841,-111.2889938,399889.125
2161,49610,83,134,62914,0,341,150353,0.484,-2315000,-6320000,791800,4249,-797.1,5975,5.08976841,-111.2889938,399889.125
2161,49611,83,135,13762,0,341,150353,0.734,-2314000,-6321000,793300,4249,-795.2,5975,5.08976841,-111.2889938,399889.125
2161,49612,83,135,30146,0,341,150353,0.984,-2313000,-6321000,794700,4250,-793.3,5975,5.08976841,-111.2889938,399889.125
2161,49613,83,135,46530,0,341,150354,0.234,-2312000,-6321000,796200,4251,-791.5,5975,5.08976841,-111.2889938,399889.125
2161,49614,83,135,62914,0,341,150354,0.484,-2311000,-6321000,797700,4251,-789.6,5974,5.08976841,-111.2889938,399889.125
2161,49615,83,136,13762,0,341,150354,0.734,-2310000,-6321000,799200,4252,-787.8,5974,5.08976841,-111.2889938,399889.125
2161,49616,83,136,30146,0,341,150354,0.984,-2309000,-6322000,800600,4253,-785.9,5974,5.08976841,-111.2889938,399889.125
2161,49617,83,136,46530,0,341,150355,0.234,-2308000,-6322000,802100,4254,-784.1,5974,5.08976841,-111.2889938,399889.125
2161,49618,83,136,62914,0,341,150355,0.484,-2307000,-6322000,803600,4254,-782.2,5973,5.08976841,-111.2889938,399889.125
2161,49619,83,137,13762,0,341,150355,0.734,-2306000,-6322000,805100,4255,-780.3,5973,5.08976841,-111.2889938,399889.125
2161,49620,83,137,30146,0,341,150355,0.984,-2305000,-6322000,806500,4256,-778.5,5973,5.08976841,-111.2889938,399889.125
2161,49621,83,137,46530,0,341,150356,0.234,-2304000,-6323000,808000,4256,-776.6,5972,5.08976841,-111.2889938,399889.125
2161,49622,83,137,62914,0,341,150356,0.484,-2303000,-6323000,809500,4257,-774.8,5972,5.08976841,-111.2889938,399889.125
2161,49623,83,138,13762,0,341,150356,0.734,-2302000,-6323000,811000,4258,-772.9,5972,5.08976841,-111.2889938,399889.125
2161,49624,83,138,30146,0,341,150356,0.984,-2301000,-6323000,812400,4259,-771,5972,5.08976841,-111.2889938,399889.125
2161,49625,83,138,46530,0,341,150357,0.234,-2299000,-6323000,813900,4259,-769.2,5971,5.08976841,-111.2889938,399889.125
2161,49626,83,138,62914,0,341,150357,0.484,-2298000,-6324000,815400,4260,-767.3,5971,5.08976841,-111.2889938,399889.125
2161,49627,83,139,13762,0,341,150357,0.734,-2297000,-6324000,816900,4261,-765.4,5971,5.08976841,-111.2889938,399889.125
2161,49628,83,139,30146,0,341,150357,0.734,-2297000,-6324000,816900,4261,-765.4,5971,5.08976841,-111.2889938,399707.75
2161,49629,83,139,62914,0,341,150358,0.484,-2294000,-6324000,821300,4263,-759.8,5970,5.08976841,-111.2889938,399707.75
2161,49630,83,140,13762,0,341,150358,0.734,-2293000,-6325000,822800,4263,-758,5970,5.08976841,-111.2889938,399707.75
2161,49631,83,140,30146,0,341,150358,0.984,-2292000,-6325000,824300,4264,-756.1,5970,5.08976841,-111.2889938,399707.75
2161,49632,83,140,46530,0,341,150359,0.234,-2291000,-6325000,825700,4265,-754.2,5969,5.08976841,-111.2889938,399707.75
2161,49633,83,140,62914,0,341,150359,0.484,-2290000,-6325000,827200,4266,-752.4,5969,5.08976841,-111.2889938,399707.75
2161,49634,83,141,13762,0,341,150359,0.734,-2289000,-6325000,828700,4266,-750.5,5969,5.08976841,-111.2889938,399707.75
2161,49635,83,141,30146,0,341,150359,0.984,-2288000,-6325000,830200,4267,-748.7,5969,5.08976841,-111.2889938,399707.75
2161,49636,83,141,46530,0,341,150360,0.234,-2287000,-6326000,831700,4268,-746.8,5968,5.08976841,-111.2889938,399707.75
2161,49637,83,141,62914,0,341,150360,0.484,-2286000,-6326000,833100,4268,-745,5968,5.08976841,-111.2889938,399707.75
2161,49638,83,142,13762,0,341,150360,0.734,-2285000,-6326000,834600,4269,-743.1,5968,5.08976841,-111.2889938,399707.75
2161,49639,83,142,30146,0,341,150360,0.984,-2284000,-6326000,836100,4270,-741.2,5968,5.08976841,-111.2889938,399707.75
2161,49640,83,142,46530,0,341,150361,0.234,-2283000,-6326000,837600,4270,-739.4,5967,5.08976841,-111.2889938,399707.75
2161,49641,83,142,62914,0,341,150361,0.484,-2282000,-6327000,839000,4271,-737.5,5967,5.08976841,-111.2889938,399707.75
2161,49642,83,143,13762,0,341,150361,0.734,-2280000,-6327000,840600,4272,-735.7,5967,5.08976841,-111.2889938,399707.75
2161,49643,83,143,30146,0,341,150361,0.984,-2279000,-6327000,842000,4273,-733.8,5966,5.08976841,-111.2889938,399707.75
2161,49644,83,143,46530,0,341,150362,0.234,-2278000,-6327000,843500,4273,-731.9,5966,5.08976841,-111.2889938,399707.75
2161,49645,83,143,62914,0,341,150362,0.484,-2277000,-6327000,845000,4274,-730.1,5966,5.08976841,-111.2889938,399707.75
2161,49646,83,144,13762,0,341,150362,0.734,-2276000,-6327000,846400,4275,-728.2,5966,5.08976841,-111.2889938,399707.75
2161,49647,83,144,30146,0,341,150362,0.984,-2275000,-6328000,847900,4275,-726.3,5965,5.08976841,-111.2889938,399707.75
2161,49648,83,144,46530,0,341,150363,0.234,-2274000,-6328000,849400,4276,-724.5,5965,5.08976841,-111.2889938,399707.75
2161,49649,83,144,63569,0,341,150363,0.484,-2273000,-6328000,850900,4277,-722.6,5965,5.08976841,-111.2889938,399707.75
2161,49650,83,145,14417,0,341,150363,0.734,-2272000,-6328000,852400,4277,-720.8,5965,5.08976841,-111.2889938,399707.75
2161,49651,83,145,30801,0,341,150363,0.734,-2272000,-6328000,852400,4277,-720.8,5965,5.08976841,-111.2889938,399675.1875
2161,49652,83,145,47185,0,341,150363,0.734,-2272000,-6328000,852400,4277,-720.8,5965,5.08976841,-111.2889938,399671.75
2161,49653,83,145,63569,0,341,150364,0.484,-2269000,-6329000,856800,4280,-715.2,5964,5.08976841,-111.2889938,399671.75
2161,49654,83,146,14417,0,341,150364,0.734,-2268000,-6329000,858300,4280,-713.3,5963,5.08976841,-111.2889938,399671.75
2161,49655,83,146,30801,0,341,150364,0.984,-2267000,-6329000,859700,4281,-711.4,5963,5.08976841,-111.2889938,399671.75
2161,49656,83,146,47185,0,341,150365,0.234,-2266000,-6329000,861200,4282,-709.6,5963,5.08976841,-111.2889938,399671.75
2161,49657,83,146,63569,0,341,150365,0.484,-2265000,-6329000,862700,4282,-707.7,5963,5.08976841,-111.2889938,399671.75
2161,49658,83,147,14417,0,341,150365,0.734,-2264000,-6330000,864200,4283,-705.9,5962,5.08976841,-111.2889938,399671.75
2161,49659,83,147,30801,0,341,150365,0.984,-2262000,-6330000,865600,4284,-704,5962,5.08976841,-111.2889938,399671.75
2161,49660,83,147,47185,0,341,150366,0.234,-2261000,-6330000,867100,4284,-702.2,5962,5.08976841,-111.2889938,399671.75
2161,49661,83,147,63569,0,341,150366,0.484,-2260000,-6330000,868600,4285,-700.3,5961,5.08976841,-111.2889938,399671.75
2161,49662,83,148,14417,0,341,150366,0.734,-2259000,-6330000,870100,4286,-698.4,5961,5.08976841,-111.2889938,399671.75
2161,49663,83,148,30801,0,341,150366,0.984,-2258000,-6330000,871500,4286,-696.6,5961,5.08976841,-111.2889938,399671.75
2161,49664,83,148,47185,0,341,150367,0.234,-2257000,-6331000,873000,4287,-694.7,5961,5.08976841,-111.2889938,399671.75
2161,49665,83,148,63569,0,341,150367,0.484,-2256000,-6331000,874500,4288,-692.9,5960,5.08976841,-111.2889938,399671.75
2161,49666,83,149,14417,0,341,150367,0.734,-2255000,-6331000,876000,4289,-691,5960,5.08976841,-111.2889938,399671.75
2161,49667,83,149,31457,0,341,150367,0.984,-2254000,-6331000,877400,4289,-689.1,5960,5.08976841,-111.2889938,399671.75
2161,49668,83,149,47841,0,341,150368,0.234,-2253000,-6331000,878900,4290,-687.2,5960,5.08976841,-111.2889938,399671.75
2161,49669,83,149,64225,0,341,150368,0.484,-2252000,-6331000,880400,4291,-685.4,5959,5.08976841,-111.2889938,399671.75
2161,49670,83,150,31457,0,341,150368,0.984,-2250000,-6332000,883300,4292,-681.7,5959,5.08976841,-111.2889938,399671.75
2161,49671,83,150,47841,0,341,150369,0.234,-2249000,-6332000,884800,4293,-679.8,5958,5.08976841,-111.2889938,399671.75
2161,49672,83,150,64225,0,341,150369,0.484,-2248000,-6332000,886300,4293,-677.9,5958,5.08976841,-111.2889938,399671.75
2161,49673,83,151,15073,0,341,150369,0.734,-2247000,-6332000,887800,4294,-676.1,5958,5.08976841,-111.2889938,399671.75
2161,49674,83,151,31457,0,341,150369,0.984,-2246000,-6332000,889200,4295,-674.2,5958,5.08976841,-111.2889938,399671.75
2161,49675,83,151,47841,0,341,150370,0.234,-2244000,-6333000,890700,4295,-672.3,5957,5.08976841,-111.2889938,399671.75
2161,49676,83,151,64225,0,341,150370,0.484,-2243000,-6333000,892200,4296,-670.5,5957,5.08976841,-111.2889938,399671.75
2161,49677,83,152,15073,0,341,150370,0.734,-2242000,-6333000,893700,4297,-668.6,5957,5.08976841,-111.2889938,399671.75
2161,49678,83,152,31457,0,341,150370,0.984,-2241000,-6333000,895100,4298,-666.8,5956,5.08976841,-111.2889938,399671.75
2161,49679,83,152,47841,0,341,150371,0.234,-2240000,-6333000,896600,4298,-664.9,5956,5.08976841,-111.2889938,399671.75
2161,49680,83,152,64225,0,341,150371,0.484,-2239000,-6333000,898100,4299,-663,5956,5.08976841,-111.2889938,399671.75
2161,49681,83,153,15073,0,341,150371,0.734,-2238000,-6334000,899600,4300,-661.2,5956,5.08976841,-111.2889938,399671.75
2161,49682,83,153,32112,0,341,150371,0.984,-2237000,-6334000,901000,4300,-659.2,5955,5.08976841,-111.2889938,399671.75
2161,49683,83,153,48496,0,341,150372,0.234,-2236000,-6334000,902500,4301,-657.4,5955,5.08976841,-111.2889938,399671.75
2161,49684,83,153,64880,0,341,150372,0.234,-2236000,-6334000,902500,4301,-657.4,5955,5.08976841,-111.2889938,399627
2161,49685,83,154,15728,0,341,150372,0.734,-2234000,-6334000,905500,4302,-653.7,5954,5.08976841,-111.2889938,399627
2161,49686,83,154,32112,0,341,150372,0.984,-2233000,-6334000,906900,4303,-651.8,5954,5.08976841,-111.2889938,399627
2161,49687,83,154,48496,0,341,150373,0.234,-2232000,-6335000,908400,4304,-650,5954,5.08976841,-111.2889938,399627
2161,49688,83,154,64880,0,341,150373,0.484,-2231000,-6335000,909900,4304,-648.1,5954,5.08976841,-111.2889938,399627
2161,49689,83,155,15728,0,341,150373,0.734,-2230000,-6335000,911300,4305,-646.3,5953,5.08976841,-111.2889938,399627
2161,49690,83,155,32112,0,341,150373,0.984,-2229000,-6335000,912800,4306,-644.4,5953,5.08976841,-111.2889938,399627
2161,49691,83,155,48496,0,341,150374,0.234,-2227000,-6335000,914300,4307,-642.6,5953,5.08976841,-111.2889938,399627
2161,49692,83,155,64880,0,341,150374,0.484,-2226000,-6335000,915800,4307,-640.7,5952,5.08976841,-111.2889938,399627
2161,49693,83,156,15728,0,341,150374,0.734,-2225000,-6336000,917200,4308,-638.8,5952,5.08976841,-111.2889938,399627
2161,49694,83,156,32112,0,341,150374,0.984,-2224000,-6336000,918700,4309,-636.9,5952,5.08976841,-111.2889938,399627
2161,49695,83,156,48496,0,341,150375,0.234,-2223000,-6336000,920200,4309,-635.1,5951,5.08976841,-111.2889938,399627
2161,49696,83,156,64880,0,341,150375,0.484,-2222000,-6336000,921600,4310,-633.2,5951,5.08976841,-111.2889938,399627
2161,49697,83,157,15728,0,341,150375,0.734,-2221000,-6336000,923100,4311,-631.3,5951,5.08976841,-111.2889938,399627
2161,49698,83,157,32112,0,341,150375,0.984,-2220000,-6336000,924600,4311,-629.5,5951,5.08976841,-111.2889938,399627
2161,49699,83,157,48496,0,341,150376,0.234,-2219000,-6336000,926000,4312,-627.6,5950,5.08976841,-111.2889938,399627
2161,49700,83,157,64880,0,341,150376,0.484,-2218000,-6337000,927500,4313,-625.8,5950,5.08976841,-111.2889938,399627
2161,49701,83,158,15728,0,341,150376,0.734,-2217000,-6337000,929000,4313,-623.9,5950,5.08976841,-111.2889938,399627
2161,49702,83,158,32768,0,341,150376,0.984,-2216000,-6337000,930500,4314,-622,5949,5.08976841,-111.2889938,399627
2161,49703,83,158,49152,0,341,150377,0.234,-2215000,-6337000,931900,4315,-620.2,5949,5.08976841,-111.2889938,399627
2161,49704,83,159,0,0,341,150377,0.234,-2215000,-6337000,931900,4315,-620.2,5949,7.96594429,-109.2541275,399588.3125
2161,49705,83,159,16384,0,341,150377,0.734,-2212000,-6337000,934900,4316,-616.4,5949,7.96594429,-109.2541275,399588.3125
2161,49706,83,159,32768,0,341,150377,0.984,-2211000,-6338000,936300,4317,-614.6,5948,7.96594429,-109.2541275,399588.3125
2161,49707,83,159,49152,0,341,150378,0.234,-2210000,-6338000,937800,4317,-612.7,5948,7.96594429,-109.2541275,399588.3125
2161,49708,83,160,0,0,341,150378,0.484,-2209000,-6338000,939300,4318,-610.8,5948,7.96594429,-109.2541275,399588.3125
2161,49709,83,160,16384,0,341,150378,0.734,-2208000,-6338000,940800,4319,-609,5947,7.96594429,-109.2541275,399588.3125
2161,49710,83,161,0,0,341,150379,0.484,-2205000,-6338000,945200,4321,-603.4,5946,7.96594429,-109.2541275,399588.3125
2161,49711,83,161,16384,0,341,150379,0.734,-2204000,-6339000,946700,4322,-601.5,5946,7.96594429,-109.2541275,399588.3125
2161,49712,83,161,32768,0,341,150379,0.984,-2203000,-6339000,948100,4322,-599.6,5946,7.96594429,-109.2541275,399588.3125
2161,49713,83,161,49152,0,341,150380,0.234,-2202000,-6339000,949600,4323,-597.8,5945,7.96594429,-109.2541275,399588.3125
2161,49714,83,162,0,0,341,150380,0.484,-2201000,-6339000,951100,4324,-595.9,5945,7.96594429,-109.2541275,399588.3125
2161,49715,83,162,16384,0,341,150380,0.734,-2200000,-6339000,952600,4324,-594.1,5945,7.96594429,-109.2541275,399588.3125
2161,49716,83,162,32768,0,341,150380,0.984,-2199000,-6339000,954000,4325,-592.2,5945,7.96594429,-109.2541275,399588.3125
2161,49717,83,162,49152,0,341,150381,0.234,-2198000,-6339000,955500,4326,-590.3,5944,7.96594429,-109.2541275,399588.3125
2161,49718,83,163,0,0,341,150381,0.484,-2196000,-6340000,957000,4326,-588.5,5944,7.96594429,-109.2541275,399588.3125
2161,49719,83,163,16384,0,341,150381,0.734,-2195000,-6340000,958500,4327,-586.6,5944,7.96594429,-109.2541275,399588.3125
2161,49720,83,163,32768,0,341,150381,0.984,-2194000,-6340000,959900,4328,-584.8,5943,7.96594429,-109.2541275,399588.3125
2161,49721,83,163,49152,0,341,150382,0.234,-2193000,-6340000,961400,4328,-582.9,5943,7.96594429,-109.2541275,399588.3125
2161,49722,83,164,655,0,341,150382,0.484,-2192000,-6340000,962900,4329,-581,5943,7.96594429,-109.2541275,399588.3125
2161,49723,83,164,17039,0,341,150382,0.734,-2191000,-6340000,964300,4330,-579.2,5942,7.96594429,-109.2541275,399588.3125
2161,49725,83,165,655,0,341,150383,0.484,-2188000,-6341000,968800,4332,-573.6,5942,7.96594429,-109.2541275,399588.3125
2161,49726,83,165,17039,0,341,150383,0.734,-2187000,-6341000,970200,4332,-571.7,5941,7.96594429,-109.2541275,399588.3125
2161,49727,83,165,33423,0,341,150383,0.984,-2186000,-6341000,971700,4333,-569.8,5941,7.96594429,-109.2541275,399588.3125
2161,49728,83,165,49807,0,341,150384,0.234,-2185000,-6341000,973100,4334,-568,5941,7.96594429,-109.2541275,399588.3125
2161,49729,83,166,655,0,341,150384,0.484,-2184000,-6341000,974600,4334,-566.1,5940,7.96594429,-109.2541275,399588.3125
2161,49730,83,166,17039,0,341,150384,0.734,-2183000,-6341000,976100,4335,-564.3,5940,7.96594429,-109.2541275,399588.3125
2161,49731,83,166,33423,0,341,150384,0.984,-2182000,-6342000,977500,4336,-562.4,5940,7.96594429,-109.2541275,399588.3125
2161,49732,83,166,49807,0,341,150385,0.234,-2180000,-6342000,979000,4336,-560.5,5939,7.96594429,-109.2541275,399588.3125
2161,49733,83,167,655,0,341,150385,0.484,-2179000,-6342000,980500,4337,-558.7,5939,7.96594429,-109.2541275,399588.3125
2161,49734,83,167,17039,0,341,150385,0.734,-2178000,-6342000,982000,4338,-556.8,5939,7.96594429,-109.2541275,399588.3125
2161,49735,83,167,33423,0,341,150385,0.984,-2177000,-6342000,983400,4339,-554.9,5938,7.96594429,-109.2541275,399588.3125
2161,49736,83,167,50462,0,341,150386,0.234,-2176000,-6342000,984900,4339,-553,5938,7.96594429,-109.2541275,399588.3125
2161,49737,83,168,1310,0,341,150386,0.484,-2175000,-6342000,986400,4340,-551.2,5938,7.96594429,-109.2541275,399588.3125
2161,49738,83,168,17694,0,341,150386,0.484,-2175000,-6342000,986400,4340,-551.2,5938,8.43387413,-108.9196014,399516.1875
2161,49739,83,168,34078,0,341,150386,0.984,-2173000,-6343000,989300,4341,-547.5,5937,8.43387413,-108.9196014,399516.1875
2161,49740,83,168,50462,0,341,150387,0.234,-2172000,-6343000,990800,4342,-545.6,5937,8.43387413,-108.9196014,399516.1875
2161,49741,83,169,1310,0,341,150387,0.484,-2171000,-6343000,992300,4343,-543.7,5936,8.43387413,-108.9196014,399516.1875
2161,49742,83,169,17694,0,341,150387,0.734,-2170000,-6343000,993700,4343,-541.9,5936,8.43387413,-108.9196014,399516.1875
2161,49743,83,169,34078,0,341,150387,0.984,-2169000,-6343000,995200,4344,-540,5936,8.43387413,-108.9196014,399516.1875
2161,49744,83,169,50462,0,341,150388,0.234,-2168000,-6343000,996600,4345,-538.1,5936,8.43387413,-108.9196014,399516.1875
2161,49745,83,170,1310,0,341,150388,0.484,-2166000,-6344000,998100,4345,-536.2,5935,8.43387413,-108.9196014,399516.1875
2161,49746,83,170,17694,0,341,150388,0.734,-2165000,-6344000,999600,4346,-534.4,5935,8.43387413,-108.9196014,399516.1875
2161,49747,83,170,34078,0,341,150388,0.984,-2164000,-6344000,1001000,4347,-532.5,5935,8.43387413,-108.9196014,399516.1875
2161,49748,83,170,50462,0,341,150389,0.234,-2163000,-6344000,1003000,4347,-530.7,5934,8.43387413,-108.9196014,399516.1875
2161,49749,83,171,1310,0,341,150389,0.484,-2162000,-6344000,1004000,4348,-528.8,5934,8.43387413,-108.9196014,399516.1875
2161,49750,83,171,17694,0,341,150389,0.734,-2161000,-6344000,1005000,4349,-526.9,5934,8.43387413,-108.9196014,399516.1875
2161,49751,83,171,34734,0,341,150389,0.984,-2160000,-6344000,1007000,4349,-525.1,5933,8.43387413,-108.9196014,399516.1875
2161,49752,83,171,51118,0,341,150390,0.234,-2159000,-6344000,1008000,4350,-523.3,5933,8.43387413,-108.9196014,399516.1875
2161,49753,83,172,1966,0,341,150390,0.234,-2159000,-6344000,1008000,4350,-523.3,5933,8.623239517,-108.7838287,399491.4688
2161,49754,83,172,18350,0,341,150390,0.234,-2159000,-6344000,1008000,4350,-523.3,5933,8.636043549,-108.7746201,399498.5938
2161,49755,83,172,34734,0,341,150390,0.984,-2156000,-6345000,1013000,4352,-517.6,5932,8.636043549,-108.7746201,399498.5938
2161,49756,83,172,51118,0,341,150391,0.234,-2155000,-6345000,1014000,4353,-515.8,5932,8.636043549,-108.7746201,399498.5938
2161,49757,83,173,1966,0,341,150391,0.484,-2154000,-6345000,1016000,4353,-513.9,5931,8.636043549,-108.7746201,399498.5938
2161,49758,83,173,18350,0,341,150391,0.734,-2152000,-6345000,1017000,4354,-512,5931,8.636043549,-108.7746201,399498.5938
2161,49759,83,173,34734,0,341,150391,0.984,-2151000,-6345000,1019000,4355,-510.2,5931,8.636043549,-108.7746201,399498.5938
2161,49760,83,173,51118,0,341,150392,0.234,-2150000,-6345000,1020000,4355,-508.3,5930,8.636043549,-108.7746201,399498.5938
2161,49761,83,174,1966,0,341,150392,0.484,-2149000,-6346000,1022000,4356,-506.5,5930,8.636043549,-108.7746201,399498.5938
2161,49762,83,174,18350,0,341,150392,0.734,-2148000,-6346000,1023000,4357,-504.6,5930,8.636043549,-108.7746201,399498.5938
2161,49763,83,174,34734,0,341,150392,0.984,-2147000,-6346000,1025000,4357,-502.7,5929,8.636043549,-108.7746201,399498.5938
2161,49764,83,174,51118,0,341,150393,0.234,-2146000,-6346000,1026000,4358,-500.8,5929,8.636043549,-108.7746201,399498.5938
2161,49765,83,175,1966,0,341,150393,0.484,-2145000,-6346000,1027000,4359,-499,5929,8.636043549,-108.7746201,399498.5938
2161,49766,83,175,18350,0,341,150393,0.734,-2144000,-6346000,1029000,4359,-497.1,5928,8.636043549,-108.7746201,399498.5938
2161,49767,83,175,34734,0,341,150393,0.984,-2143000,-6346000,1030000,4360,-495.3,5928,8.636043549,-108.7746201,399498.5938
2161,49768,83,175,51118,0,341,150394,0.234,-2142000,-6346000,1032000,4361,-493.4,5928,8.636043549,-108.7746201,399498.5938
2161,49769,83,176,1966,0,341,150394,0.484,-2141000,-6347000,1033000,4361,-491.5,5927,8.636043549,-108.7746201,399498.5938
2161,49770,83,176,18350,0,341,150394,0.734,-2140000,-6347000,1035000,4362,-489.6,5927,8.636043549,-108.7746201,399498.5938
2161,49771,83,176,34734,0,341,150394,0.984,-2139000,-6347000,1036000,4363,-487.8,5927,8.636043549,-108.7746201,399498.5938
2161,49772,83,176,51118,0,341,150395,0.234,-2137000,-6347000,1038000,4363,-485.9,5926,8.636043549,-108.7746201,399498.5938
2161,49773,83,177,1966,0,341,150395,0.484,-2136000,-6347000,1039000,4364,-484,5926,8.636043549,-108.7746201,399498.5938
2161,49774,83,177,18350,0,341,150395,0.734,-2135000,-6347000,1041000,4365,-482.2,5926,8.636043549,-108.7746201,399498.5938
2161,49775,83,177,34734,0,341,150395,0.984,-2134000,-6347000,1042000,4365,-480.3,5925,8.636043549,-108.7746201,399498.5938
2161,49776,83,177,51118,0,341,150396,0.234,-2133000,-6347000,1044000,4366,-478.5,5925,8.636043549,-108.7746201,399498.5938
2161,49777,83,178,1966,0,341,150396,0.484,-2132000,-6348000,1045000,4367,-476.6,5925,8.636043549,-108.7746201,399498.5938
2161,49778,83,178,18350,0,341,150396,0.734,-2131000,-6348000,1047000,4367,-474.8,5924,8.636043549,-108.7746201,399498.5938
2161,49779,83,178,34734,0,341,150396,0.984,-2130000,-6348000,1048000,4368,-472.9,5924,8.636043549,-108.7746201,399498.5938
2161,49780,83,179,1966,0,341,150397,0.484,-2128000,-6348000,1051000,4369,-469.1,5923,8.636043549,-108.7746201,399498.5938
2161,49781,83,179,18350,0,341,150397,0.734,-2127000,-6348000,1052000,4370,-467.3,5923,8.636043549,-108.7746201,399498.5938
2161,49782,83,179,34734,0,341,150397,0.984,-2126000,-6348000,1054000,4371,-465.4,5923,8.636043549,-108.7746201,399498.5938
2161,49783,83,179,51118,0,341,150398,0.234,-2124000,-6348000,1055000,4371,-463.6,5922,8.636043549,-108.7746201,399498.5938
2161,49784,83,180,1966,0,341,150398,0.484,-2123000,-6348000,1057000,4372,-461.7,5922,8.636043549,-108.7746201,399498.5938
2161,49785,83,180,18350,0,341,150398,0.734,-2122000,-6349000,1058000,4373,-459.8,5922,8.636043549,-108.7746201,399498.5938
2161,49786,83,180,34734,0,341,150398,0.984,-2121000,-6349000,1060000,4373,-457.9,5921,8.636043549,-108.7746201,399498.5938
2161,49787,83,180,51118,0,341,150399,0.234,-2120000,-6349000,1061000,4374,-456.1,5921,8.636043549,-108.7746201,399498.5938
2161,49788,83,181,1966,0,341,150399,0.484,-2119000,-6349000,1063000,4375,-454.2,5921,8.636043549,-108.7746201,399498.5938
2161,49789,83,181,18350,0,341,150399,0.734,-2118000,-6349000,1064000,4375,-452.3,5920,8.636043549,-108.7746201,399498.5938
2161,49790,83,181,34734,0,341,150399,0.984,-2117000,-6349000,1066000,4376,-450.5,5920,8.636043549,-108.7746201,399498.5938
2161,49791,83,181,51118,0,341,150400,0.234,-2116000,-6349000,1067000,4376,-448.6,5920,8.636043549,-108.7746201,399498.5938
2161,49792,83,182,1966,0,341,150400,0.484,-2115000,-6349000,1069000,4377,-446.7,5919,8.636043549,-108.7746201,399498.5938
2161,49793,83,182,18350,0,341,150400,0.734,-2114000,-6349000,1070000,4378,-444.9,5919,8.636043549,-108.7746201,399498.5938
2161,49794,83,182,34734,0,341,150400,0.984,-2113000,-6350000,1071000,4378,-443,5919,8.636043549,-108.7746201,399498.5938
2161,49795,83,182,51773,0,341,150401,0.234,-2111000,-6350000,1073000,4379,-441.1,5918,8.636043549,-108.7746201,399498.5938
2161,49796,83,183,2621,0,341,150401,0.484,-2110000,-6350000,1074000,4380,-439.2,5918,8.636043549,-108.7746201,399498.5938
2161,49797,83,183,19005,0,341,150401,0.734,-2109000,-6350000,1076000,4380,-437.4,5918,8.636043549,-108.7746201,399498.5938
2161,49798,83,183,35389,0,341,150401,0.734,-2109000,-6350000,1076000,4380,-437.4,5918,9.203911781,-108.3665314,399403.125
2161,49799,83,183,51773,0,341,150402,0.234,-2107000,-6350000,1079000,4382,-433.7,5917,9.203911781,-108.3665314,399403.125
2161,49800,83,184,2621,0,341,150402,0.484,-2106000,-6350000,1080000,4382,-431.8,5917,9.203911781,-108.3665314,399403.125
2161,49801,83,184,19005,0,341,150402,0.734,-2105000,-6350000,1082000,4383,-430,5916,9.203911781,-108.3665314,399403.125
2161,49802,83,184,35389,0,341,150402,0.984,-2104000,-6350000,1083000,4384,-428.1,5916,9.203911781,-108.3665314,399403.125
2161,49803,83,184,51773,0,341,150403,0.234,-2103000,-6351000,1085000,4384,-426.2,5916,9.203911781,-108.3665314,399403.125
2161,49804,83,185,2621,0,341,150403,0.484,-2102000,-6351000,1086000,4385,-424.4,5915,9.203911781,-108.3665314,399403.125
2161,49805,83,185,19005,0,341,150403,0.734,-2101000,-6351000,1088000,4386,-422.5,5915,9.203911781,-108.3665314,399403.125
2161,49806,83,185,35389,0,341,150403,0.984,-2100000,-6351000,1089000,4386,-420.6,5915,9.203911781,-108.3665314,399403.125
2161,49807,83,185,51773,0,341,150404,0.234,-2098000,-6351000,1091000,4387,-418.8,5914,9.203911781,-108.3665314,399403.125
2161,49808,83,186,2621,0,341,150404,0.484,-2097000,-6351000,1092000,4388,-416.9,5914,9.203911781,-108.3665314,399403.125
2161,49809,83,186,19005,0,341,150404,0.734,-2096000,-6351000,1093000,4388,-415.1,5913,9.203911781,-108.3665314,399403.125
2161,49810,83,186,35389,0,341,150404,0.984,-2095000,-6351000,1095000,4389,-413.2,5913,9.203911781,-108.3665314,399403.125
2161,49811,83,186,51773,0,341,150405,0.234,-2094000,-6351000,1096000,4390,-411.3,5913,9.203911781,-108.3665314,399403.125
2161,49812,83,187,2621,0,341,150405,0.484,-2093000,-6351000,1098000,4390,-409.4,5912,9.203911781,-108.3665314,399403.125
2161,49813,83,187,19005,0,341,150405,0.734,-2092000,-6352000,1099000,4391,-407.6,5912,9.203911781,-108.3665314,399403.125
2161,49814,83,187,35389,0,341,150405,0.984,-2091000,-6352000,1101000,4392,-405.7,5912,9.203911781,-108.3665314,399403.125
2161,49815,83,187,51773,0,341,150406,0.234,-2090000,-6352000,1102000,4392,-403.9,5911,9.203911781,-108.3665314,399403.125
2161,49836,83,193,3276,0,341,150411,0.234,-2068000,-6354000,1131000,4405,-366.5,5904,9.683552742,-108.0202484,399322
2161,49837,83,193,36044,0,341,150411,0.984,-2065000,-6354000,1136000,4407,-360.9,5903,9.683552742,-108.0202484,399322
2161,49838,83,193,52428,0,341,150412,0.234,-2064000,-6354000,1137000,4408,-359,5903,9.683552742,-108.0202484,399322
2161,49839,83,194,3276,0,341,150412,0.484,-2063000,-6354000,1139000,4408,-357.2,5902,9.683552742,-108.0202484,399322
2161,49840,83,194,19660,0,341,150412,0.734,-2061000,-6354000,1140000,4409,-355.3,5902,9.683552742,-108.0202484,399322
2161,49841,83,194,36044,0,341,150412,0.984,-2060000,-6354000,1142000,4410,-353.5,5902,9.683552742,-108.0202484,399322
2161,49842,83,194,52428,0,341,150413,0.234,-2059000,-6354000,1143000,4410,-351.6,5901,9.683552742,-108.0202484,399322
2161,49843,83,195,3276,0,341,150413,0.484,-2058000,-6354000,1145000,4411,-349.7,5901,9.683552742,-108.0202484,399322
2161,49844,83,195,19660,0,341,150413,0.734,-2057000,-6355000,1146000,4412,-347.9,5901,9.683552742,-108.0202484,399322
2161,49845,83,195,36044,0,341,150413,0.984,-2056000,-6355000,1148000,4412,-346,5900,9.683552742,-108.0202484,399322
2161,49846,83,195,52428,0,341,150414,0.234,-2055000,-6355000,1149000,4413,-344.1,5900,9.683552742,-108.0202484,399322
2161,49847,83,196,3276,0,341,150414,0.484,-2054000,-6355000,1150000,4414,-342.2,5899,9.683552742,-108.0202484,399322
2161,49848,83,196,19660,0,341,150414,0.734,-2053000,-6355000,1152000,4414,-340.4,5899,9.683552742,-108.0202484,399322
2161,49849,83,196,36044,0,341,150414,0.984,-2052000,-6355000,1153000,4415,-338.5,5899,9.683552742,-108.0202484,399322
2161,49850,83,196,52428,0,341,150415,0.234,-2051000,-6355000,1155000,4415,-336.7,5898,9.683552742,-108.0202484,399322
2161,49851,83,197,3276,0,341,150415,0.484,-2049000,-6355000,1156000,4416,-334.8,5898,9.683552742,-108.0202484,399322
2161,49852,83,197,19660,0,341,150415,0.734,-2048000,-6355000,1158000,4417,-332.9,5898,9.683552742,-108.0202484,399322
2161,49853,83,197,36700,0,341,150415,0.984,-2047000,-6355000,1159000,4417,-331,5897,9.683552742,-108.0202484,399322
2161,49854,83,197,53084,0,341,150416,0.234,-2046000,-6355000,1161000,4418,-329.2,5897,9.683552742,-108.0202484,399322
2161,49855,83,198,3932,0,341,150416,0.484,-2045000,-6355000,1162000,4419,-327.3,5896,9.683552742,-108.0202484,399322
2161,49856,83,198,20316,0,341,150416,0.734,-2044000,-6356000,1164000,4419,-325.5,5896,9.683552742,-108.0202484,399322
2161,49857,83,198,36700,0,341,150416,0.984,-2043000,-6356000,1165000,4420,-323.6,5896,9.683552742,-108.0202484,399322
2161,49858,83,198,53084,0,341,150417,0.234,-2042000,-6356000,1167000,4421,-321.8,5895,9.683552742,-108.0202484,399322
2161,49859,83,199,3932,0,341,150417,0.484,-2041000,-6356000,1168000,4421,-319.9,5895,9.683552742,-108.0202484,399322
2161,49860,83,199,20316,0,341,150417,0.734,-2040000,-6356000,1169000,4422,-318,5895,9.683552742,-108.0202484,399322
2161,49861,83,199,36700,0,341,150417,0.984,-2039000,-6356000,1171000,4423,-316.1,5894,9.683552742,-108.0202484,399322
2161,49862,83,199,53084,0,341,150418,0.234,-2037000,-6356000,1172000,4423,-314.2,5894,9.683552742,-108.0202484,399322
2161,49863,83,200,3932,0,341,150418,0.484,-2036000,-6356000,1174000,4424,-312.4,5893,9.683552742,-108.0202484,399322
2161,49864,83,200,20316,0,341,150418,0.734,-2035000,-6356000,1175000,4424,-310.5,5893,9.683552742,-108.0202484,399322
2161,49865,83,200,36700,0,341,150418,0.984,-2034000,-6356000,1177000,4425,-308.6,5893,9.683552742,-108.0202484,399322
2161,49866,83,200,53084,0,341,150419,0.234,-2033000,-6356000,1178000,4426,-306.8,5892,9.683552742,-108.0202484,399322
2161,49867,83,201,3932,0,341,150419,0.484,-2032000,-6356000,1180000,4426,-304.9,5892,9.683552742,-108.0202484,399322
2161,49868,83,201,20316,0,341,150419,0.734,-2031000,-6356000,1181000,4427,-303,5892,9.683552742,-108.0202484,399322
2161,49869,83,201,36700,0,341,150419,0.984,-2030000,-6357000,1183000,4428,-301.2,5891,9.683552742,-108.0202484,399322
2161,49870,83,201,53084,0,341,150420,0.234,-2029000,-6357000,1184000,4428,-299.4,5891,9.683552742,-108.0202484,399322
2161,49871,83,202,3932,0,341,150420,0.484,-2028000,-6357000,1185000,4429,-297.5,5890,9.683552742,-108.0202484,399322
2161,49872,83,202,20971,0,341,150420,0.734,-2027000,-6357000,1187000,4430,-295.6,5890,9.683552742,-108.0202484,399322
2161,49873,83,202,37355,0,341,150420,0.984,-2025000,-6357000,1188000,4430,-293.7,5890,9.683552742,-108.0202484,399322
2161,49874,83,202,53739,0,341,150420,0.984,-2025000,-6357000,1188000,4430,-293.7,5890,10.17500877,-107.6640396,399239.625
2161,49875,83,203,20971,0,341,150421,0.734,-2022000,-6357000,1193000,4432,-288.1,5889,10.17500877,-107.6640396,399239.625
2161,49876,83,203,37355,0,341,150421,0.984,-2021000,-6357000,1194000,4433,-286.3,5888,10.17500877,-107.6640396,399239.625
2161,49877,83,203,53739,0,341,150422,0.234,-2020000,-6357000,1196000,4433,-284.4,5888,10.17500877,-107.6640396,399239.625
2161,49878,83,204,4587,0,341,150422,0.484,-2019000,-6357000,1197000,4434,-282.5,5887,10.17500877,-107.6640396,399239.625
2161,49879,83,204,20971,0,341,150422,0.734,-2018000,-6357000,1199000,4435,-280.7,5887,10.17500877,-107.6640396,399239.625
2161,49880,83,204,37355,0,341,150422,0.984,-2017000,-6357000,1200000,4435,-278.8,5887,10.17500877,-107.6640396,399239.625
2161,49881,83,204,53739,0,341,150423,0.234,-2016000,-6357000,1201000,4436,-276.9,5886,10.17500877,-107.6640396,399239.625
2161,49882,83,205,4587,0,341,150423,0.484,-2014000,-6358000,1203000,4436,-275,5886,10.17500877,-107.6640396,399239.625
2161,49883,83,205,20971,0,341,150423,0.734,-2013000,-6358000,1204000,4437,-273.2,5886,10.17500877,-107.6640396,399239.625
2161,49884,83,205,37355,0,341,150423,0.984,-2012000,-6358000,1206000,4438,-271.3,5885,10.17500877,-107.6640396,399239.625
2161,49885,83,205,53739,0,341,150424,0.234,-2011000,-6358000,1207000,4438,-269.4,5885,10.17500877,-107.6640396,399239.625
2161,49886,83,206,4587,0,341,150424,0.484,-2010000,-6358000,1209000,4439,-267.6,5884,10.17500877,-107.6640396,399239.625
2161,49887,83,206,21626,0,341,150424,0.734,-2009000,-6358000,1210000,4440,-265.7,5884,10.17500877,-107.6640396,399239.625
2161,49888,83,206,38010,0,341,150424,0.984,-2008000,-6358000,1212000,4440,-263.9,5884,10.17500877,-107.6640396,399239.625
2161,49889,83,206,54394,0,341,150425,0.234,-2007000,-6358000,1213000,4441,-262,5883,10.17500877,-107.6640396,399239.625
2161,49890,83,207,5242,0,341,150425,0.234,-2007000,-6358000,1213000,4441,-262,5883,10.38926697,-107.5082397,399202.4063
2161,49891,83,207,38010,0,341,150425,0.984,-2004000,-6358000,1217000,4443,-256.4,5882,10.38926697,-107.5082397,399202.4063
2161,49892,83,207,54394,0,341,150426,0.234,-2002000,-6358000,1219000,4443,-254.5,5882,10.38926697,-107.5082397,399202.4063
2161,49893,83,208,5242,0,341,150426,0.484,-2001000,-6358000,1220000,4444,-252.7,5881,10.38926697,-107.5082397,399202.4063
2161,49894,83,208,21626,0,341,150426,0.734,-2000000,-6358000,1222000,4445,-250.8,5881,10.38926697,-107.5082397,399202.4063
2161,49895,83,208,38010,0,341,150426,0.984,-1999000,-6358000,1223000,4445,-248.9,5880,10.38926697,-107.5082397,399202.4063
2161,49896,83,208,54394,0,341,150427,0.234,-1998000,-6358000,1225000,4446,-247,5880,10.38926697,-107.5082397,399202.4063
2161,49897,83,209,5242,0,341,150427,0.484,-1997000,-6359000,1226000,4447,-245.2,5880,10.38926697,-107.5082397,399202.4063
2161,49898,83,209,21626,0,341,150427,0.734,-1996000,-6359000,1228000,4447,-243.4,5879,10.38926697,-107.5082397,399202.4063
2161,49899,83,209,38010,0,341,150427,0.984,-1995000,-6359000,1229000,4448,-241.5,5879,10.38926697,-107.5082397,399202.4063
2161,49900,83,209,54394,0,341,150428,0.234,-1994000,-6359000,1231000,4448,-239.6,5878,10.38926697,-107.5082397,399202.4063
2161,49901,83,210,5242,0,341,150428,0.484,-1993000,-6359000,1232000,4449,-237.8,5878,10.38926697,-107.5082397,399202.4063
2161,49902,83,210,22282,0,341,150428,0.734,-1991000,-6359000,1234000,4450,-235.9,5878,10.38926697,-107.5082397,399202.4063
2161,49903,83,210,38666,0,341,150428,0.984,-1990000,-6359000,1235000,4450,-234,5877,10.38926697,-107.5082397,399202.4063
2161,49904,83,210,55050,0,341,150429,0.234,-1989000,-6359000,1236000,4451,-232.1,5877,10.38926697,-107.5082397,399202.4063
2161,49905,83,211,5898,0,341,150429,0.234,-1989000,-6359000,1236000,4451,-232.1,5877,10.59071541,-107.3614731,399110.247
2161,49906,83,211,38666,0,341,150429,0.984,-1986000,-6359000,1241000,4453,-226.5,5876,10.59071541,-107.3614731,399110.247
2161,49907,83,211,55050,0,341,150430,0.234,-1985000,-6359000,1242000,4453,-224.6,5875,10.59071541,-107.3614731,399110.247
2161,49908,83,212,5898,0,341,150430,0.484,-1984000,-6359000,1244000,4454,-222.8,5875,10.59071541,-107.3614731,399110.247
2161,49909,83,212,22282,0,341,150430,0.734,-1983000,-6359000,1245000,4455,-220.9,5874,10.59071541,-107.3614731,399110.247
2161,49910,83,212,38666,0,341,150430,0.984,-1982000,-6359000,1247000,4455,-219.1,5874,10.59071541,-107.3614731,399110.247
2161,49911,83,212,55050,0,341,150431,0.234,-1980000,-6359000,1248000,4456,-217.2,5874,10.59071541,-107.3614731,399110.247
2161,49912,83,213,5898,0,341,150431,0.484,-1979000,-6359000,1250000,4457,-215.4,5873,10.59071541,-107.3614731,399110.247
2161,49913,83,213,22282,0,341,150431,0.734,-1978000,-6360000,1251000,4457,-213.4,5873,10.59071541,-107.3614731,399110.247
2161,49914,83,213,38666,0,341,150431,0.984,-1977000,-6360000,1252000,4458,-211.6,5873,10.59071541,-107.3614731,399110.247
2161,49915,83,213,55050,0,341,150432,0.234,-1976000,-6360000,1254000,4458,-209.7,5872,10.59071541,-107.3614731,399110.247
2161,49916,83,214,5898,0,341,150432,0.484,-1975000,-6360000,1255000,4459,-207.9,5872,10.59071541,-107.3614731,399110.247
2161,49917,83,214,22937,0,341,150432,0.734,-1974000,-6360000,1257000,4460,-206,5871,10.59071541,-107.3614731,399110.247
2161,49918,83,214,39321,0,341,150432,0.984,-1973000,-6360000,1258000,4460,-204.2,5871,10.59071541,-107.3614731,399110.247
2161,49919,83,214,55705,0,341,150433,0.234,-1972000,-6360000,1260000,4461,-202.3,5870,10.59071541,-107.3614731,399110.247
2161,49920,83,215,22937,0,341,150433,0.734,-1969000,-6360000,1263000,4462,-198.5,5870,10.59071541,-107.3614731,399110.247
2161,49921,83,215,39321,0,341,150433,0.984,-1968000,-6360000,1264000,4463,-196.7,5869,10.59071541,-107.3614731,399110.247
2161,49922,83,215,55705,0,341,150434,0.234,-1967000,-6360000,1265000,4463,-194.8,5869,10.59071541,-107.3614731,399110.247
2161,49923,83,216,6553,0,341,150434,0.484,-1966000,-6360000,1267000,4464,-192.9,5868,10.59071541,-107.3614731,399110.247
2161,49924,83,216,22937,0,341,150434,0.734,-1965000,-6360000,1268000,4465,-191.1,5868,10.59071541,-107.3614731,399110.247
2161,49925,83,216,39321,0,341,150434,0.984,-1964000,-6360000,1270000,4465,-189.2,5868,10.59071541,-107.3614731,399110.247
2161,49926,83,216,55705,0,341,150435,0.234,-1963000,-6360000,1271000,4466,-187.3,5867,10.59071541,-107.3614731,399110.247
2161,49927,83,217,6553,0,341,150435,0.484,-1962000,-6360000,1273000,4467,-185.5,5867,10.59071541,-107.3614731,399110.247
2161,49928,83,217,22937,0,341,150435,0.734,-1961000,-6360000,1274000,4467,-183.6,5866,10.59071541,-107.3614731,399110.247
2161,49929,83,217,39321,0,341,150435,0.984,-1959000,-6360000,1276000,4468,-181.7,5866,10.59071541,-107.3614731,399110.247
2161,49930,83,217,55705,0,341,150436,0.234,-1958000,-6360000,1277000,4468,-179.9,5866,10.59071541,-107.3614731,399110.247
2161,49931,83,218,6553,0,341,150436,0.484,-1957000,-6360000,1279000,4469,-178,5865,10.59071541,-107.3614731,399110.247
2161,49932,83,218,23592,0,341,150436,0.734,-1956000,-6360000,1280000,4470,-176.2,5865,10.59071541,-107.3614731,399110.247
2161,49933,83,218,39976,0,341,150436,0.984,-1955000,-6361000,1281000,4470,-174.3,5864,10.59071541,-107.3614731,399110.247
2161,49934,83,218,56360,0,341,150437,0.234,-1954000,-6361000,1283000,4471,-172.4,5864,10.59071541,-107.3614731,399110.247
2161,49935,83,219,7208,0,341,150437,0.234,-1954000,-6361000,1283000,4471,-172.4,5864,10.9933176,-107.0673065,399082.8438
2161,49936,83,219,23592,0,341,150437,0.734,-1952000,-6361000,1286000,4472,-168.6,5863,10.9933176,-107.0673065,399082.8438
2161,49937,83,219,39976,0,341,150437,0.984,-1951000,-6361000,1287000,4473,-166.8,5863,10.9933176,-107.0673065,399082.8438
2161,49938,83,219,56360,0,341,150438,0.234,-1950000,-6361000,1289000,4473,-165,5862,10.9933176,-107.0673065,399082.8438
2161,49939,83,220,7208,0,341,150438,0.484,-1948000,-6361000,1290000,4474,-163.1,5862,10.9933176,-107.0673065,399082.8438
2161,49940,83,220,23592,0,341,150438,0.734,-1947000,-6361000,1292000,4475,-161.2,5861,10.9933176,-107.0673065,399082.8438
2161,49941,83,220,39976,0,341,150438,0.984,-1946000,-6361000,1293000,4475,-159.4,5861,10.9933176,-107.0673065,399082.8438
2161,49942,83,220,56360,0,341,150439,0.234,-1945000,-6361000,1295000,4476,-157.5,5861,10.9933176,-107.0673065,399082.8438
2161,49943,83,221,7208,0,341,150439,0.484,-1944000,-6361000,1296000,4476,-155.6,5860,10.9933176,-107.0673065,399082.8438
2161,49944,83,221,23592,0,341,150439,0.734,-1943000,-6361000,1297000,4477,-153.8,5860,10.9933176,-107.0673065,399082.8438
2161,49945,83,221,39976,0,341,150439,0.984,-1942000,-6361000,1299000,4478,-151.9,5859,10.9933176,-107.0673065,399082.8438
2161,49946,83,221,56360,0,341,150440,0.234,-1941000,-6361000,1300000,4478,-150,5859,10.9933176,-107.0673065,399082.8438
2161,49947,83,222,7208,0,341,150440,0.484,-1940000,-6361000,1302000,4479,-148.1,5859,10.9933176,-107.0673065,399082.8438
2161,49948,83,222,24248,0,341,150440,0.734,-1938000,-6361000,1303000,4479,-146.3,5858,10.9933176,-107.0673065,399082.8438
2161,49949,83,222,40632,0,341,150440,0.984,-1937000,-6361000,1305000,4480,-144.4,5858,10.9933176,-107.0673065,399082.8438
2161,49950,83,222,57016,0,341,150441,0.234,-1936000,-6361000,1306000,4481,-142.5,5857,10.9933176,-107.0673065,399082.8438
2161,49951,83,223,7864,0,341,150441,0.234,-1936000,-6361000,1306000,4481,-142.5,5857,11.19454193,-106.9198914,399049.7813
2161,49952,83,223,40632,0,341,150441,0.984,-1933000,-6361000,1310000,4483,-136.9,5856,11.19454193,-106.9198914,399049.7813
2161,49953,83,223,57016,0,341,150442,0.234,-1932000,-6361000,1312000,4483,-135.1,5856,11.19454193,-106.9198914,399049.7813
2161,49954,83,224,7864,0,341,150442,0.484,-1931000,-6361000,1313000,4484,-133.2,5855,11.19454193,-106.9198914,399049.7813
2161,49955,83,224,24248,0,341,150442,0.734,-1930000,-6361000,1315000,4484,-131.4,5855,11.19454193,-106.9198914,399049.7813
2161,49956,83,224,40632,0,341,150442,0.984,-1928000,-6361000,1316000,4485,-129.5,5854,11.19454193,-106.9198914,399049.7813
2161,49957,83,224,57016,0,341,150443,0.234,-1927000,-6361000,1318000,4486,-127.6,5854,11.19454193,-106.9198914,399049.7813
2161,49958,83,225,7864,0,341,150443,0.484,-1926000,-6361000,1319000,4486,-125.8,5854,11.19454193,-106.9198914,399049.7813
2161,49959,83,225,24248,0,341,150443,0.734,-1925000,-6362000,1321000,4487,-123.9,5853,11.19454193,-106.9198914,399049.7813
2161,49960,83,225,40632,0,341,150443,0.984,-1924000,-6362000,1322000,4487,-122,5853,11.19454193,-106.9198914,399049.7813
2161,49961,83,225,57016,0,341,150444,0.234,-1923000,-6362000,1324000,4488,-120.2,5852,11.19454193,-106.9198914,399049.7813
2161,49962,83,226,7864,0,341,150444,0.484,-1922000,-6362000,1325000,4489,-118.3,5852,11.19454193,-106.9198914,399049.7813
2161,49963,83,226,24248,0,341,150444,0.734,-1921000,-6362000,1326000,4489,-116.4,5851,11.19454193,-106.9198914,399049.7813
2161,49964,83,226,40632,0,341,150444,0.984,-1920000,-6362000,1328000,4490,-114.5,5851,11.19454193,-106.9198914,399049.7813
2161,49965,83,226,57671,0,341,150445,0.234,-1918000,-6362000,1329000,4490,-112.7,5851,11.19454193,-106.9198914,399049.7813
2161,49966,83,227,8519,0,341,150445,0.484,-1917000,-6362000,1331000,4491,-110.8,5850,11.19454193,-106.9198914,399049.7813
2161,49967,83,227,24903,0,341,150445,0.734,-1916000,-6362000,1332000,4492,-109,5850,11.19454193,-106.9198914,399049.7813
2161,49968,83,227,41287,0,341,150445,0.734,-1916000,-6362000,1332000,4492,-109,5850,11.42054367,-106.7539597,399000.9688
2161,49969,83,227,57671,0,341,150446,0.234,-1914000,-6362000,1335000,4493,-105.2,5849,11.42054367,-106.7539597,399000.9688
2161,49970,83,228,8519,0,341,150446,0.484,-1913000,-6362000,1337000,4493,-103.4,5848,11.42054367,-106.7539597,399000.9688
2161,49971,83,228,24903,0,341,150446,0.734,-1912000,-6362000,1338000,4494,-101.5,5848,11.42054367,-106.7539597,399000.9688
2161,49972,83,228,41287,0,341,150446,0.984,-1911000,-6362000,1339000,4495,-99.65,5848,11.42054367,-106.7539597,399000.9688
2161,49973,83,228,57671,0,341,150447,0.234,-1910000,-6362000,1341000,4495,-97.76,5847,11.42054367,-106.7539597,399000.9688
2161,49974,83,229,8519,0,341,150447,0.484,-1908000,-6362000,1342000,4496,-95.9,5847,11.42054367,-106.7539597,399000.9688
2161,49975,83,229,24903,0,341,150447,0.734,-1907000,-6362000,1344000,4497,-94.03,5846,11.42054367,-106.7539597,399000.9688
2161,49976,83,229,41287,0,341,150447,0.984,-1906000,-6362000,1345000,4497,-92.18,5846,11.42054367,-106.7539597,399000.9688
2161,49977,83,229,57671,0,341,150448,0.234,-1905000,-6362000,1347000,4498,-90.31,5845,11.42054367,-106.7539597,399000.9688
2161,49978,83,230,8519,0,341,150448,0.484,-1904000,-6362000,1348000,4498,-88.42,5845,11.42054367,-106.7539597,399000.9688
2161,49979,83,230,24903,0,341,150448,0.734,-1903000,-6362000,1350000,4499,-86.56,5845,11.42054367,-106.7539597,399000.9688
2161,49980,83,230,41287,0,341,150448,0.984,-1902000,-6362000,1351000,4500,-84.69,5844,11.42054367,-106.7539597,399000.9688
2161,49981,83,230,57671,0,341,150449,0.234,-1901000,-6362000,1352000,4500,-82.85,5844,11.42054367,-106.7539597,399000.9688
2161,49982,83,231,9175,0,341,150449,0.484,-1900000,-6362000,1354000,4501,-81,5843,11.42054367,-106.7539597,399000.9688
2161,49983,83,231,25559,0,341,150449,0.734,-1898000,-6362000,1355000,4501,-79.09,5843,11.42054367,-106.7539597,399000.9688
2161,49984,83,231,41943,0,341,150449,0.984,-1897000,-6362000,1357000,4502,-77.25,5842,11.42054367,-106.7539597,399000.9688
2161,49985,83,231,58327,0,341,150449,0.984,-1897000,-6362000,1357000,4502,-77.25,5842,11.63425446,-106.5967484,398958.75
2161,49986,83,232,9175,0,341,150450,0.484,-1895000,-6362000,1360000,4503,-73.5,5842,11.63425446,-106.5967484,398958.75
2161,49987,83,232,25559,0,341,150450,0.734,-1894000,-6362000,1361000,4504,-71.62,5841,11.63425446,-106.5967484,398958.75
2161,49988,83,232,41943,0,341,150450,0.984,-1893000,-6362000,1363000,4504,-69.83,5841,11.63425446,-106.5967484,398958.75
2161,49989,83,232,58327,0,341,150451,0.234,-1892000,-6362000,1364000,4505,-67.93,5840,11.63425446,-106.5967484,398958.75
2161,49990,83,233,9175,0,341,150451,0.484,-1891000,-6362000,1366000,4506,-66.05,5840,11.63425446,-106.5967484,398958.75
2161,49991,83,233,25559,0,341,150451,0.734,-1890000,-6362000,1367000,4506,-64.19,5839,11.63425446,-106.5967484,398958.75
2161,49992,83,233,41943,0,341,150451,0.984,-1888000,-6362000,1368000,4507,-62.28,5839,11.63425446,-106.5967484,398958.75
2161,49993,83,233,58327,0,341,150452,0.234,-1887000,-6362000,1370000,4507,-60.47,5838,11.63425446,-106.5967484,398958.75
2161,49994,83,234,9175,0,341,150452,0.484,-1886000,-6362000,1371000,4508,-58.58,5838,11.63425446,-106.5967484,398958.75
2161,49995,83,234,25559,0,341,150452,0.734,-1885000,-6362000,1373000,4509,-56.74,5838,11.63425446,-106.5967484,398958.75
2161,49996,83,234,41943,0,341,150452,0.984,-1884000,-6362000,1374000,4509,-54.84,5837,11.63425446,-106.5967484,398958.75
2161,49997,83,234,58327,0,341,150453,0.234,-1883000,-6362000,1376000,4510,-52.95,5837,11.63425446,-106.5967484,398958.75
2161,49998,83,235,9175,0,341,150453,0.484,-1882000,-6362000,1377000,4510,-51.12,5836,11.63425446,-106.5967484,398958.75
2161,49999,83,235,25559,0,341,150453,0.734,-1881000,-6362000,1379000,4511,-49.27,5836,11.63425446,-106.5967484,398958.75
2161,50000,83,235,41943,0,341,150453,0.984,-1880000,-6362000,1380000,4512,-47.4,5835,11.63425446,-106.5967484,398958.75
2161,50001,83,235,58327,0,341,150454,0.234,-1878000,-6362000,1381000,4512,-45.5,5835,11.63425446,-106.5967484,398958.75
2161,50002,83,236,9175,0,341,150454,0.484,-1877000,-6362000,1383000,4513,-43.64,5835,11.63425446,-106.5967484,398958.75
2161,50003,83,236,58327,0,341,150455,0.234,-1874000,-6362000,1387000,4515,-38.05,5833,11.63425446,-106.5967484,398958.75
2161,50004,83,237,9175,0,341,150455,0.484,-1873000,-6362000,1389000,4515,-36.21,5833,11.63425446,-106.5967484,398958.75
2161,50005,83,237,25559,0,341,150455,0.734,-1872000,-6362000,1390000,4516,-34.33,5832,11.63425446,-106.5967484,398958.75
2161,50006,83,237,41943,0,341,150455,0.984,-1871000,-6362000,1391000,4516,-32.44,5832,11.63425446,-106.5967484,398958.75
2161,50007,83,237,58327,0,341,150456,0.234,-1869000,-6362000,1393000,4517,-30.62,5831,11.63425446,-106.5967484,398958.75
2161,50008,83,238,9175,0,341,150456,0.484,-1868000,-6362000,1394000,4518,-28.75,5831,11.63425446,-106.5967484,398958.75
2161,50009,83,238,25559,0,341,150456,0.734,-1867000,-6362000,1396000,4518,-26.89,5831,11.63425446,-106.5967484,398958.75
2161,50010,83,238,41943,0,341,150456,0.984,-1866000,-6362000,1397000,4519,-25.02,5830,11.63425446,-106.5967484,398958.75
2161,50011,83,238,58327,0,341,150457,0.234,-1865000,-6362000,1399000,4519,-23.14,5830,11.63425446,-106.5967484,398958.75
2161,50012,83,239,9175,0,341,150457,0.484,-1864000,-6362000,1400000,4520,-21.29,5829,11.63425446,-106.5967484,398958.75
2161,50013,83,239,25559,0,341,150457,0.734,-1863000,-6362000,1402000,4520,-19.4,5829,11.63425446,-106.5967484,398958.75
2161,50014,83,239,41943,0,341,150457,0.984,-1862000,-6362000,1403000,4521,-17.51,5828,11.63425446,-106.5967484,398958.75
2161,50015,83,239,58327,0,341,150458,0.234,-1861000,-6362000,1404000,4522,-15.69,5828,11.63425446,-106.5967484,398958.75
2161,50016,83,240,9175,0,341,150458,0.484,-1859000,-6362000,1406000,4522,-13.8,5827,11.63425446,-106.5967484,398958.75
2161,50017,83,240,25559,0,341,150458,0.734,-1858000,-6362000,1407000,4523,-11.95,5827,11.63425446,-106.5967484,398958.75
2161,50018,83,240,41943,0,341,150458,0.984,-1857000,-6362000,1409000,4523,-10.07,5826,11.63425446,-106.5967484,398958.75
2161,50019,83,240,58982,0,341,150459,0.234,-1856000,-6362000,1410000,4524,-8.211,5826,11.63425446,-106.5967484,398958.75
2161,50020,83,241,9830,0,341,150459,0.484,-1855000,-6362000,1412000,4525,-6.348,5826,11.63425446,-106.5967484,398958.75
2161,50021,83,241,26214,0,341,150459,0.734,-1854000,-6362000,1413000,4525,-4.483,5825,11.63425446,-106.5967484,398958.75
2161,50022,83,241,58982,0,341,150460,0.484,-1850000,-6362000,1417000,4527,1.126,5824,11.63425446,-106.5967484,398958.75
2161,50023,83,242,9830,0,341,150460,0.734,-1849000,-6362000,1419000,4528,2.991,5823,11.63425446,-106.5967484,398958.75
2161,50024,83,242,26214,0,341,150460,0.984,-1848000,-6362000,1420000,4528,4.836,5823,11.63425446,-106.5967484,398958.75
2161,50025,83,242,42598,0,341,150461,0.234,-1847000,-6362000,1422000,4529,6.71,5822,11.63425446,-106.5967484,398958.75
2161,50026,83,242,58982,0,341,150461,0.484,-1846000,-6362000,1423000,4529,8.566,5822,11.63425446,-106.5967484,398958.75
2161,50027,83,243,9830,0,341,150461,0.734,-1845000,-6362000,1425000,4530,10.46,5821,11.63425446,-106.5967484,398958.75
2161,50028,83,243,26214,0,341,150461,0.984,-1844000,-6362000,1426000,4531,12.35,5821,11.63425446,-106.5967484,398958.75
2161,50029,83,243,42598,0,341,150462,0.234,-1843000,-6362000,1428000,4531,14.2,5821,11.63425446,-106.5967484,398958.75
2161,50030,83,243,58982,0,341,150462,0.484,-1842000,-6362000,1429000,4532,16.06,5820,11.63425446,-106.5967484,398958.75
2161,50031,83,244,9830,0,341,150462,0.734,-1840000,-6362000,1430000,4532,17.91,5820,11.63425446,-106.5967484,398958.75
2161,50032,83,244,26214,0,341,150462,0.984,-1839000,-6362000,1432000,4533,19.77,5819,11.63425446,-106.5967484,398958.75
2161,50033,83,244,42598,0,341,150463,0.234,-1838000,-6362000,1433000,4533,21.66,5819,11.63425446,-106.5967484,398958.75
2161,50034,83,244,58982,0,341,150463,0.484,-1837000,-6362000,1435000,4534,23.49,5818,11.63425446,-106.5967484,398958.75
2161,50035,83,245,9830,0,341,150463,0.484,-1837000,-6362000,1435000,4534,23.49,5818,11.63425446,-106.5967484,398958.75
2161,50036,83,245,26214,0,341,150463,0.484,-1837000,-6362000,1435000,4534,23.49,5818,12.3121376,-106.0954437,398805.7813
2161,50037,83,245,58982,0,341,150464,0.484,-1833000,-6362000,1441000,4536,30.97,5816,12.3121376,-106.0954437,398805.7813
2161,50038,83,246,9830,0,341,150464,0.734,-1831000,-6362000,1442000,4537,32.8,5816,12.3121376,-106.0954437,398805.7813
2161,50039,83,246,26214,0,341,150464,0.984,-1830000,-6362000,1443000,4538,34.73,5815,12.3121376,-106.0954437,398805.7813
2161,50040,83,246,42598,0,341,150465,0.234,-1829000,-6362000,1445000,4538,36.56,5815,12.3121376,-106.0954437,398805.7813
2161,50041,83,246,58982,0,341,150465,0.484,-1828000,-6362000,1446000,4539,38.41,5815,12.3121376,-106.0954437,398805.7813
2161,50042,83,247,9830,0,341,150465,0.734,-1827000,-6362000,1448000,4539,40.31,5814,12.3121376,-106.0954437,398805.7813
2161,50043,83,247,26214,0,341,150465,0.984,-1826000,-6362000,1449000,4540,42.14,5814,12.3121376,-106.0954437,398805.7813
2161,50044,83,247,42598,0,341,150466,0.234,-1825000,-6362000,1451000,4541,44.03,5813,12.3121376,-106.0954437,398805.7813
2161,50045,83,247,58982,0,341,150466,0.484,-1824000,-6362000,1452000,4541,45.87,5813,12.3121376,-106.0954437,398805.7813
2161,50046,83,248,9830,0,341,150466,0.734,-1822000,-6362000,1453000,4542,47.78,5812,12.3121376,-106.0954437,398805.7813
2161,50047,83,248,26214,0,341,150466,0.984,-1821000,-6362000,1455000,4542,49.6,5812,12.3121376,-106.0954437,398805.7813
2161,50048,83,248,43253,0,341,150467,0.234,-1820000,-6362000,1456000,4543,51.46,5811,12.3121376,-106.0954437,398805.7813
2161,50049,83,248,59637,0,341,150467,0.484,-1819000,-6362000,1458000,4543,53.34,5811,12.3121376,-106.0954437,398805.7813
2161,50050,83,249,10485,0,341,150467,0.484,-1819000,-6362000,1458000,4543,53.34,5811,12.51277828,-105.9465027,398762
2161,50051,83,249,43253,0,341,150468,0.234,-1816000,-6362000,1462000,4545,58.94,5810,12.51277828,-105.9465027,398762
2161,50052,83,249,59637,0,341,150468,0.484,-1815000,-6362000,1464000,4546,60.79,5809,12.51277828,-105.9465027,398762
2161,50053,83,250,10485,0,341,150468,0.734,-1813000,-6362000,1465000,4546,62.66,5809,12.51277828,-105.9465027,398762
2161,50054,83,250,26869,0,341,150468,0.984,-1812000,-6362000,1466000,4547,64.54,5808,12.51277828,-105.9465027,398762
2161,50055,83,250,43253,0,341,150469,0.234,-1811000,-6362000,1468000,4548,66.4,5808,12.51277828,-105.9465027,398762
2161,50056,83,250,59637,0,341,150469,0.484,-1810000,-6362000,1469000,4548,68.28,5807,12.51277828,-105.9465027,398762
2161,50057,83,251,10485,0,341,150469,0.734,-1809000,-6362000,1471000,4549,70.09,5807,12.51277828,-105.9465027,398762
2161,50058,83,251,26869,0,341,150469,0.984,-1808000,-6362000,1472000,4549,72.02,5806,12.51277828,-105.9465027,398762
2161,50059,83,251,43253,0,341,150470,0.234,-1807000,-6362000,1474000,4550,73.85,5806,12.51277828,-105.9465027,398762
2161,50060,83,251,59637,0,341,150470,0.484,-1806000,-6362000,1475000,4550,75.71,5805,12.51277828,-105.9465027,398762
2161,50061,83,252,10485,0,341,150470,0.734,-1804000,-6362000,1476000,4551,77.54,5805,12.51277828,-105.9465027,398762
2161,50062,83,252,26869,0,341,150470,0.984,-1803000,-6362000,1478000,4552,79.46,5804,12.51277828,-105.9465027,398762
2161,50063,83,252,43253,0,341,150471,0.234,-1802000,-6362000,1479000,4552,81.32,5804,12.51277828,-105.9465027,398762
2161,50064,83,252,59637,0,341,150471,0.484,-1801000,-6362000,1481000,4553,83.17,5803,12.51277828,-105.9465027,398762
2161,50065,83,253,10485,0,341,150471,0.734,-1800000,-6362000,1482000,4553,85.05,5803,12.51277828,-105.9465027,398762
2161,50066,83,253,26869,0,341,150471,0.984,-1799000,-6362000,1484000,4554,86.89,5802,12.51277828,-105.9465027,398762
2161,50067,83,253,43253,0,341,150471,0.984,-1799000,-6362000,1484000,4554,86.89,5802,12.73805809,-105.7787552,398708.7188
2161,50068,83,254,10485,0,341,150472,0.734,-1795000,-6362000,1488000,4556,92.51,5801,12.73805809,-105.7787552,398708.7188
2161,50069,83,254,26869,0,341,150472,0.984,-1794000,-6362000,1489000,4556,94.36,5800,12.73805809,-105.7787552,398708.7188
2161,50070,83,254,43253,0,341,150473,0.234,-1793000,-6362000,1491000,4557,96.2,5800,12.73805809,-105.7787552,398708.7188
2161,50071,83,254,59637,0,341,150473,0.484,-1792000,-6362000,1492000,4557,98.1,5800,12.73805809,-105.7787552,398708.7188
2161,50072,83,255,10485,0,341,150473,0.734,-1791000,-6362000,1494000,4558,99.96,5799,12.73805809,-105.7787552,398708.7188
2161,50073,83,255,26869,0,341,150473,0.984,-1790000,-6362000,1495000,4558,101.8,5799,12.73805809,-105.7787552,398708.7188
2161,50074,83,255,43253,0,341,150474,0.234,-1789000,-6362000,1497000,4559,103.7,5798,12.73805809,-105.7787552,398708.7188
2161,50075,83,255,59637,0,341,150474,0.484,-1788000,-6362000,1498000,4560,105.5,5798,12.73805809,-105.7787552,398708.7188
2161,50076,83,256,10485,0,341,150474,0.734,-1786000,-6362000,1499000,4560,107.4,5797,12.73805809,-105.7787552,398708.7188
2161,50077,83,256,26869,0,341,150474,0.984,-1785000,-6362000,1501000,4561,109.3,5797,12.73805809,-105.7787552,398708.7188
2161,50078,83,256,43253,0,341,150475,0.234,-1784000,-6362000,1502000,4561,111.1,5796,12.73805809,-105.7787552,398708.7188
2161,50079,83,256,59637,0,341,150475,0.484,-1783000,-6362000,1504000,4562,113,5796,12.73805809,-105.7787552,398708.7188
2161,50080,83,257,10485,0,341,150475,0.734,-1782000,-6362000,1505000,4562,114.8,5795,12.73805809,-105.7787552,398708.7188
2161,50081,83,257,27525,0,341,150475,0.984,-1781000,-6362000,1507000,4563,116.7,5795,12.73805809,-105.7787552,398708.7188
2161,50082,83,257,43909,0,341,150476,0.234,-1780000,-6362000,1508000,4564,118.6,5794,12.73805809,-105.7787552,398708.7188
2161,50083,83,257,60293,0,341,150476,0.484,-1779000,-6362000,1509000,4564,120.5,5794,12.73805809,-105.7787552,398708.7188
2161,50084,83,258,27525,0,341,150476,0.984,-1776000,-6361000,1512000,4565,124.2,5793,12.73805809,-105.7787552,398708.7188
2161,50085,83,258,43909,0,341,150477,0.234,-1775000,-6361000,1514000,4566,126.1,5792,12.73805809,-105.7787552,398708.7188
2161,50086,83,258,60293,0,341,150477,0.484,-1774000,-6361000,1515000,4566,127.9,5792,12.73805809,-105.7787552,398708.7188
2161,50087,83,259,11141,0,341,150477,0.734,-1773000,-6361000,1517000,4567,129.8,5791,12.73805809,-105.7787552,398708.7188
2161,50088,83,259,27525,0,341,150477,0.984,-1772000,-6361000,1518000,4568,131.7,5791,12.73805809,-105.7787552,398708.7188
2161,50089,83,259,43909,0,341,150478,0.234,-1771000,-6361000,1519000,4568,133.5,5790,12.73805809,-105.7787552,398708.7188
2161,50090,83,259,60293,0,341,150478,0.484,-1769000,-6361000,1521000,4569,135.3,5790,12.73805809,-105.7787552,398708.7188
2161,50091,83,260,11141,0,341,150478,0.734,-1768000,-6361000,1522000,4569,137.2,5789,12.73805809,-105.7787552,398708.7188
2161,50092,83,260,27525,0,341,150478,0.984,-1767000,-6361000,1524000,4570,139.1,5789,12.73805809,-105.7787552,398708.7188
2161,50093,83,260,43909,0,341,150479,0.234,-1766000,-6361000,1525000,4570,140.9,5788,12.73805809,-105.7787552,398708.7188
2161,50094,83,260,60293,0,341,150479,0.484,-1765000,-6361000,1527000,4571,142.9,5788,12.73805809,-105.7787552,398708.7188
2161,50095,83,261,11796,0,341,150479,0.734,-1764000,-6361000,1528000,4572,144.7,5787,12.73805809,-105.7787552,398708.7188
2161,50096,83,261,28180,0,341,150479,0.984,-1763000,-6361000,1530000,4572,146.6,5787,12.73805809,-105.7787552,398708.7188
2161,50097,83,261,44564,0,341,150480,0.234,-1762000,-6361000,1531000,4573,148.4,5786,12.73805809,-105.7787552,398708.7188
2161,50098,83,262,11796,0,341,150480,0.734,-1759000,-6361000,1534000,4574,152.1,5785,12.73805809,-105.7787552,398708.7188
2161,50099,83,262,28180,0,341,150480,0.984,-1758000,-6361000,1535000,4574,154,5785,12.73805809,-105.7787552,398708.7188
2161,50100,83,262,44564,0,341,150481,0.234,-1757000,-6361000,1537000,4575,155.8,5784,12.73805809,-105.7787552,398708.7188
2161,50101,83,262,60948,0,341,150481,0.484,-1756000,-6361000,1538000,4576,157.7,5784,12.73805809,-105.7787552,398708.7188
2161,50102,83,263,11796,0,341,150481,0.734,-1755000,-6361000,1540000,4576,159.6,5784,12.73805809,-105.7787552,398708.7188
2161,50103,83,263,28180,0,341,150481,0.984,-1754000,-6361000,1541000,4577,161.4,5783,12.73805809,-105.7787552,398708.7188
2161,50104,83,263,44564,0,341,150482,0.234,-1753000,-6361000,1542000,4577,163.3,5783,12.73805809,-105.7787552,398708.7188
2161,50105,83,263,60948,0,341,150482,0.484,-1751000,-6361000,1544000,4578,165.2,5782,12.73805809,-105.7787552,398708.7188
2161,50106,83,264,11796,0,341,150482,0.734,-1750000,-6361000,1545000,4578,167,5781,12.73805809,-105.7787552,398708.7188
2161,50107,83,264,28180,0,341,150482,0.984,-1749000,-6361000,1547000,4579,168.9,5781,12.73805809,-105.7787552,398708.7188
2161,50108,83,264,44564,0,341,150483,0.234,-1748000,-6361000,1548000,4579,170.7,5781,12.73805809,-105.7787552,398708.7188
2161,50109,83,264,60948,0,341,150483,0.484,-1747000,-6360000,1550000,4580,172.6,5780,12.73805809,-105.7787552,398708.7188
2161,50110,83,265,12451,0,341,150483,0.734,-1746000,-6360000,1551000,4581,174.5,5780,12.73805809,-105.7787552,398708.7188
2161,50111,83,265,28835,0,341,150483,0.984,-1745000,-6360000,1552000,4581,176.4,5779,12.73805809,-105.7787552,398708.7188
2161,50112,83,265,45219,0,341,150484,0.234,-1743000,-6360000,1554000,4582,178.2,5779,12.73805809,-105.7787552,398708.7188
2161,50113,83,265,61603,0,341,150484,0.484,-1742000,-6360000,1555000,4582,180.1,5778,12.73805809,-105.7787552,398708.7188
2161,50114,83,266,12451,0,341,150484,0.734,-1741000,-6360000,1557000,4583,181.9,5778,12.73805809,-105.7787552,398708.7188
2161,50115,83,266,28835,0,341,150484,0.984,-1740000,-6360000,1558000,4583,183.8,5777,12.73805809,-105.7787552,398708.7188
2161,50116,83,266,45219,0,341,150485,0.234,-1739000,-6360000,1560000,4584,185.7,5777,12.73805809,-105.7787552,398708.7188
2161,50117,83,266,61603,0,341,150485,0.484,-1738000,-6360000,1561000,4585,187.5,5776,12.73805809,-105.7787552,398708.7188
2161,50118,83,267,12451,0,341,150485,0.734,-1737000,-6360000,1562000,4585,189.4,5776,12.73805809,-105.7787552,398708.7188
2161,50119,83,267,28835,0,341,150485,0.984,-1736000,-6360000,1564000,4586,191.2,5775,12.73805809,-105.7787552,398708.7188
2161,50120,83,267,45219,0,341,150486,0.234,-1734000,-6360000,1565000,4586,193.1,5775,12.73805809,-105.7787552,398708.7188
2161,50121,83,267,61603,0,341,150486,0.484,-1733000,-6360000,1567000,4587,195,5774,12.73805809,-105.7787552,398708.7188
2161,50122,83,268,12451,0,341,150486,0.734,-1732000,-6360000,1568000,4587,196.9,5774,12.73805809,-105.7787552,398708.7188
2161,50123,83,268,28835,0,341,150486,0.984,-1731000,-6360000,1570000,4588,198.7,5773,12.73805809,-105.7787552,398708.7188
2161,50124,83,268,45219,0,341,150487,0.234,-1730000,-6360000,1571000,4588,200.6,5773,12.73805809,-105.7787552,398708.7188
2161,50125,83,268,61603,0,341,150487,0.484,-1729000,-6360000,1572000,4589,202.4,5772,12.73805809,-105.7787552,398708.7188
2161,50126,83,269,12451,0,341,150487,0.734,-1728000,-6360000,1574000,4590,204.3,5772,12.73805809,-105.7787552,398708.7188
2161,50127,83,269,28835,0,341,150487,0.984,-1726000,-6360000,1575000,4590,206.2,5771,12.73805809,-105.7787552,398708.7188
2161,50128,83,269,45219,0,341,150488,0.234,-1725000,-6360000,1577000,4591,208,5771,12.73805809,-105.7787552,398708.7188
2161,50129,83,269,61603,0,341,150488,0.484,-1724000,-6360000,1578000,4591,209.9,5770,12.73805809,-105.7787552,398708.7188
2161,50130,83,270,12451,0,341,150488,0.484,-1724000,-6360000,1578000,4591,209.9,5770,13.56410789,-105.1599731,398496.2813
2161,50131,83,270,28835,0,341,150488,0.484,-1724000,-6360000,1578000,4591,209.9,5770,13.57620335,-105.1508179,398494.25
2161,50132,83,270,61603,0,341,150489,0.484,-1720000,-6359000,1584000,4594,217.3,5768,13.57620335,-105.1508179,398494.25
2161,50133,83,271,12451,0,341,150489,0.734,-1719000,-6359000,1585000,4594,219.2,5767,13.57620335,-105.1508179,398494.25
2161,50134,83,271,28835,0,341,150489,0.984,-1717000,-6359000,1587000,4595,221.1,5767,13.57620335,-105.1508179,398494.25
2161,50135,83,271,45219,0,341,150490,0.234,-1716000,-6359000,1588000,4595,222.9,5766,13.57620335,-105.1508179,398494.25
2161,50136,83,271,61603,0,341,150490,0.484,-1715000,-6359000,1590000,4596,224.8,5766,13.57620335,-105.1508179,398494.25
2161,50137,83,272,12451,0,341,150490,0.734,-1714000,-6359000,1591000,4596,226.6,5765,13.57620335,-105.1508179,398494.25
2161,50138,83,272,28835,0,341,150490,0.984,-1713000,-6359000,1592000,4597,228.5,5765,13.57620335,-105.1508179,398494.25
2161,50139,83,272,45219,0,341,150491,0.234,-1712000,-6359000,1594000,4597,230.4,5764,13.57620335,-105.1508179,398494.25
2161,50140,83,272,61603,0,341,150491,0.484,-1711000,-6359000,1595000,4598,232.2,5764,13.57620335,-105.1508179,398494.25
2161,50141,83,273,12451,0,341,150491,0.734,-1709000,-6359000,1597000,4599,234.1,5763,13.57620335,-105.1508179,398494.25
2161,50142,83,273,28835,0,341,150491,0.984,-1708000,-6359000,1598000,4599,236,5763,13.57620335,-105.1508179,398494.25
2161,50143,83,273,45219,0,341,150492,0.234,-1707000,-6359000,1600000,4600,237.8,5762,13.57620335,-105.1508179,398494.25
2161,50144,83,273,61603,0,341,150492,0.484,-1706000,-6359000,1601000,4600,239.7,5762,13.57620335,-105.1508179,398494.25
2161,50145,83,274,13107,0,341,150492,0.734,-1705000,-6359000,1602000,4601,241.5,5761,13.57620335,-105.1508179,398494.25
2161,50146,83,274,29491,0,341,150492,0.984,-1704000,-6359000,1604000,4601,243.4,5761,13.57620335,-105.1508179,398494.25
2161,50147,83,274,45875,0,341,150493,0.234,-1703000,-6358000,1605000,4602,245.3,5760,13.57620335,-105.1508179,398494.25
2161,50148,83,274,62259,0,341,150493,0.234,-1703000,-6358000,1605000,4602,245.3,5760,13.80140305,-104.9810638,398441.2188
2161,50149,83,275,29491,0,341,150493,0.984,-1699000,-6358000,1610000,4603,250.9,5759,13.80140305,-104.9810638,398441.2188
2161,50150,83,275,45875,0,341,150494,0.234,-1698000,-6358000,1611000,4604,252.7,5758,13.80140305,-104.9810638,398441.2188
2161,50151,83,275,62259,0,341,150494,0.484,-1697000,-6358000,1612000,4605,254.6,5758,13.80140305,-104.9810638,398441.2188
2161,50152,83,276,13107,0,341,150494,0.734,-1696000,-6358000,1614000,4605,256.4,5757,13.80140305,-104.9810638,398441.2188
2161,50153,83,276,29491,0,341,150494,0.984,-1695000,-6358000,1615000,4606,258.3,5757,13.80140305,-104.9810638,398441.2188
2161,50154,83,276,45875,0,341,150495,0.234,-1694000,-6358000,1617000,4606,260.2,5756,13.80140305,-104.9810638,398441.2188
2161,50155,83,276,62259,0,341,150495,0.484,-1692000,-6358000,1618000,4607,262,5756,13.80140305,-104.9810638,398441.2188
2161,50156,83,277,13107,0,341,150495,0.734,-1691000,-6358000,1620000,4607,263.9,5755,13.80140305,-104.9810638,398441.2188
2161,50157,83,277,29491,0,341,150495,0.984,-1690000,-6358000,1621000,4608,265.7,5755,13.80140305,-104.9810638,398441.2188
2161,50158,83,277,45875,0,341,150496,0.234,-1689000,-6358000,1622000,4608,267.6,5754,13.80140305,-104.9810638,398441.2188
2161,50159,83,277,62259,0,341,150496,0.484,-1688000,-6358000,1624000,4609,269.4,5754,13.80140305,-104.9810638,398441.2188
2161,50160,83,278,13107,0,341,150496,0.734,-1687000,-6358000,1625000,4610,271.4,5753,13.80140305,-104.9810638,398441.2188
2161,50161,83,278,30146,0,341,150496,0.984,-1686000,-6357000,1627000,4610,273.2,5753,13.80140305,-104.9810638,398441.2188
2161,50162,83,278,46530,0,341,150497,0.234,-1684000,-6357000,1628000,4611,275.1,5752,13.80140305,-104.9810638,398441.2188
2161,50163,83,278,62914,0,341,150497,0.484,-1683000,-6357000,1629000,4611,276.9,5752,13.80140305,-104.9810638,398441.2188
2161,50164,83,279,13762,0,341,150497,0.734,-1682000,-6357000,1631000,4612,278.7,5751,13.80140305,-104.9810638,398441.2188
2161,50165,83,279,30146,0,341,150497,0.984,-1681000,-6357000,1632000,4612,280.6,5750,13.80140305,-104.9810638,398441.2188
2161,50166,83,279,46530,0,341,150498,0.234,-1680000,-6357000,1634000,4613,282.5,5750,13.80140305,-104.9810638,398441.2188
2161,50167,83,279,62914,0,341,150498,0.484,-1679000,-6357000,1635000,4613,284.4,5749,13.80140305,-104.9810638,398441.2188
2161,50168,83,280,13762,0,341,150498,0.734,-1678000,-6357000,1637000,4614,286.2,5749,13.80140305,-104.9810638,398441.2188
2161,50169,83,280,30146,0,341,150498,0.984,-1676000,-6357000,1638000,4614,288.1,5748,13.80140305,-104.9810638,398441.2188
2161,50170,83,280,46530,0,341,150499,0.234,-1675000,-6357000,1639000,4615,289.9,5748,13.80140305,-104.9810638,398441.2188
2161,50171,83,280,62914,0,341,150499,0.484,-1674000,-6357000,1641000,4616,291.8,5747,13.80140305,-104.9810638,398441.2188
2161,50172,83,281,13762,0,341,150499,0.734,-1673000,-6357000,1642000,4616,293.7,5747,13.80140305,-104.9810638,398441.2188
2161,50173,83,281,30146,0,341,150499,0.984,-1672000,-6357000,1644000,4617,295.5,5746,13.80140305,-104.9810638,398441.2188
2161,50174,83,281,46530,0,341,150500,0.234,-1671000,-6357000,1645000,4617,297.3,5746,13.80140305,-104.9810638,398441.2188
2161,50175,83,281,63569,0,341,150500,0.484,-1670000,-6356000,1647000,4618,299.2,5745,13.80140305,-104.9810638,398441.2188
2161,50176,83,282,14417,0,341,150500,0.734,-1668000,-6356000,1648000,4618,301.1,5745,13.80140305,-104.9810638,398441.2188
2161,50177,83,282,30801,0,341,150500,0.734,-1668000,-6356000,1648000,4618,301.1,5745,14.17557621,-104.6977844,398343.5625
2161,50178,83,282,47185,0,341,150501,0.234,-1666000,-6356000,1651000,4619,304.8,5744,14.17557621,-104.6977844,398343.5625
2161,50179,83,282,63569,0,341,150501,0.484,-1665000,-6356000,1652000,4620,306.7,5743,14.17557621,-104.6977844,398343.5625
2161,50180,83,283,30801,0,341,150501,0.984,-1663000,-6356000,1655000,4621,310.4,5742,14.17557621,-104.6977844,398343.5625
2161,50181,83,283,47185,0,341,150502,0.234,-1662000,-6356000,1657000,4622,312.3,5742,14.17557621,-104.6977844,398343.5625
2161,50182,83,283,63569,0,341,150502,0.484,-1660000,-6356000,1658000,4622,314.2,5741,14.17557621,-104.6977844,398343.5625
2161,50183,83,284,14417,0,341,150502,0.734,-1659000,-6356000,1659000,4623,316,5740,14.17557621,-104.6977844,398343.5625
2161,50184,83,284,30801,0,341,150502,0.984,-1658000,-6356000,1661000,4623,317.8,5740,14.17557621,-104.6977844,398343.5625
2161,50185,83,284,47185,0,341,150503,0.234,-1657000,-6356000,1662000,4624,319.7,5739,14.17557621,-104.6977844,398343.5625
2161,50186,83,284,63569,0,341,150503,0.484,-1656000,-6356000,1664000,4624,321.6,5739,14.17557621,-104.6977844,398343.5625
2161,50187,83,285,14417,0,341,150503,0.734,-1655000,-6355000,1665000,4625,323.4,5738,14.17557621,-104.6977844,398343.5625
2161,50188,83,285,30801,0,341,150503,0.984,-1654000,-6355000,1666000,4625,325.3,5738,14.17557621,-104.6977844,398343.5625
2161,50189,83,285,47185,0,341,150504,0.234,-1652000,-6355000,1668000,4626,327.2,5737,14.17557621,-104.6977844,398343.5625
2161,50190,83,285,63569,0,341,150504,0.484,-1651000,-6355000,1669000,4626,329,5737,14.17557621,-104.6977844,398343.5625
2161,50191,83,286,14417,0,341,150504,0.734,-1650000,-6355000,1671000,4627,330.9,5736,14.17557621,-104.6977844,398343.5625
2161,50192,83,286,30801,0,341,150504,0.984,-1649000,-6355000,1672000,4627,332.8,5736,14.17557621,-104.6977844,398343.5625
2161,50193,83,286,47185,0,341,150505,0.234,-1648000,-6355000,1674000,4628,334.6,5735,14.17557621,-104.6977844,398343.5625
2161,50194,83,286,63569,0,341,150505,0.234,-1648000,-6355000,1674000,4628,334.6,5735,14.40035152,-104.5271149,398281.0313
2161,50195,83,287,14417,0,341,150505,0.734,-1646000,-6355000,1676000,4629,338.3,5734,14.40035152,-104.5271149,398281.0313
2161,50196,83,287,30801,0,341,150505,0.984,-1644000,-6355000,1678000,4630,340.2,5733,14.40035152,-104.5271149,398281.0313
2161,50197,83,287,47185,0,341,150506,0.234,-1643000,-6355000,1679000,4630,342,5733,14.40035152,-104.5271149,398281.0313
2161,50198,83,287,63569,0,341,150506,0.484,-1642000,-6355000,1681000,4631,343.9,5732,14.40035152,-104.5271149,398281.0313
2161,50199,83,288,14417,0,341,150506,0.734,-1641000,-6354000,1682000,4631,345.8,5732,14.40035152,-104.5271149,398281.0313
2161,50200,83,288,30801,0,341,150506,0.984,-1640000,-6354000,1683000,4632,347.6,5731,14.40035152,-104.5271149,398281.0313
2161,50201,83,288,47185,0,341,150507,0.234,-1639000,-6354000,1685000,4632,349.5,5731,14.40035152,-104.5271149,398281.0313
2161,50202,83,288,63569,0,341,150507,0.484,-1638000,-6354000,1686000,4633,351.3,5730,14.40035152,-104.5271149,398281.0313
