CCSDS_STREAMID,CCSDS_SEQUENCE,CCSDS_LENGTH,CCSDS_SECONDS,CCSDS_SUBSECS,CCSDS_SPARE,GPS_WEEKS,GPS_SECONDS,GPS_FRAC_SECS,ECEF_X,ECEF_Y,ECEF_Z,VEL_X,VEL_Y,VEL_Z,LAT,LON,ALT
2161,49333,83,61,39976,0,341,150279,0.9839999999967404,-2616000.0,-6243000.0,354700.0,4029.0,-1342.0,6029.0,2.6376984119415283,-113.00283813476562,400004.5625
2161,49334,83,61,56360,0,341,150280,0.23399999999674037,-2615000.0,-6243000.0,356200.0,4030.0,-1340.0,6029.0,2.6376984119415283,-113.00283813476562,400004.5625
2161,49335,83,62,7208,0,341,150280,0.48399999999674037,-2614000.0,-6243000.0,357700.0,4030.0,-1338.0,6029.0,2.6376984119415283,-113.00283813476562,400004.5625
2161,49336,83,62,23592,0,341,150280,0.48399999999674037,-2614000.0,-6243000.0,357700.0,4030.0,-1338.0,6029.0,3.057379722595215,-112.71041870117188,399992.46875
2161,49337,83,62,56360,0,341,150281,0.23399999999674037,-2611000.0,-6244000.0,362200.0,4033.0,-1333.0,6029.0,3.057379722595215,-112.71041870117188,399992.46875
2161,49338,83,63,7208,0,341,150281,0.48399999999674037,-2610000.0,-6245000.0,363700.0,4034.0,-1331.0,6029.0,3.057379722595215,-112.71041870117188,399992.46875
2161,49339,83,63,23592,0,341,150281,0.7339999999967404,-2609000.0,-6245000.0,365200.0,4034.0,-1329.0,6028.0,3.057379722595215,-112.71041870117188,399992.46875
2161,49340,83,63,39976,0,341,150281,0.9839999999967404,-2608000.0,-6245000.0,366700.0,4035.0,-1327.0,6028.0,3.057379722595215,-112.71041870117188,399992.46875
2161,49341,83,63,56360,0,341,150282,0.23399999999674037,-2607000.0,-6246000.0,368200.0,4036.0,-1325.0,6028.0,3.057379722595215,-112.71041870117188,399992.46875
2161,49342,83,64,7208,0,341,150282,0.48399999999674037,-2606000.0,-6246000.0,369700.0,4037.0,-1323.0,6028.0,3.057379722595215,-112.71041870117188,399992.46875
2161,49343,83,64,23592,0,341,150282,0.7339999999967404,-2605000.0,-6246000.0,371200.0,4037.0,-1322.0,6028.0,3.057379722595215,-112.71041870117188,399992.46875
2161,49344,83,64,39976,0,341,150282,0.9839999999967404,-2604000.0,-6247000.0,372600.0,4038.0,-1320.0,6028.0,3.057379722595215,-112.71041870117188,399992.46875
2161,49345,83,64,56360,0,341,150283,0.23399999999674037,-2603000.0,-6247000.0,374100.0,4039.0,-1318.0,6028.0,3.057379722595215,-112.71041870117188,399992.46875
2161,49346,83,65,7208,0,341,150283,0.48399999999674037,-2602000.0,-6247000.0,375600.0,4040.0,-1316.0,6028.0,3.057379722595215,-112.71041870117188,399992.46875
2161,49347,83,65,23592,0,341,150283,0.7339999999967404,-2601000.0,-6248000.0,377100.0,4041.0,-1314.0,6028.0,3.057379722595215,-112.71041870117188,399992.46875
2161,49348,83,65,39976,0,341,150283,0.9839999999967404,-2600000.0,-6248000.0,378600.0,4041.0,-1312.0,6027.0,3.057379722595215,-112.71041870117188,399992.46875
2161,49349,83,65,56360,0,341,150284,0.23399999999674037,-2599000.0,-6248000.0,380100.0,4042.0,-1311.0,6027.0,3.057379722595215,-112.71041870117188,399992.46875
2161,49350,83,66,7208,0,341,150284,0.48399999999674037,-2598000.0,-6249000.0,381600.0,4043.0,-1309.0,6027.0,3.057379722595215,-112.71041870117188,399992.46875
2161,49351,83,66,23592,0,341,150284,0.7339999999967404,-2597000.0,-6249000.0,383100.0,4044.0,-1307.0,6027.0,3.057379722595215,-112.71041870117188,399992.46875
2161,49352,83,66,39976,0,341,150284,0.9839999999967404,-2596000.0,-6249000.0,384600.0,4044.0,-1305.0,6027.0,3.057379722595215,-112.71041870117188,399992.46875
2161,49353,83,66,56360,0,341,150284,0.9839999999967404,-2596000.0,-6249000.0,384600.0,4044.0,-1305.0,6027.0,3.285897970199585,-112.55113220214844,399983.0
2161,49354,83,67,23592,0,341,150285,0.7339999999967404,-2593000.0,-6250000.0,389100.0,4047.0,-1299.0,6027.0,3.285897970199585,-112.55113220214844,399983.0
2161,49355,83,67,39976,0,341,150285,0.9839999999967404,-2592000.0,-6251000.0,390500.0,4048.0,-1298.0,6026.0,3.285897970199585,-112.55113220214844,399983.0
2161,49356,83,67,56360,0,341,150286,0.23399999999674037,-2591000.0,-6251000.0,392000.0,4048.0,-1296.0,6026.0,3.285897970199585,-112.55113220214844,399983.0
2161,49357,83,68,7208,0,341,150286,0.48399999999674037,-2590000.0,-6251000.0,393500.0,4049.0,-1294.0,6026.0,3.285897970199585,-112.55113220214844,399983.0
2161,49358,83,68,23592,0,341,150286,0.7339999999967404,-2589000.0,-6252000.0,395100.0,4050.0,-1292.0,6026.0,3.285897970199585,-112.55113220214844,399983.0
2161,49359,83,68,39976,0,341,150286,0.9839999999967404,-2588000.0,-6252000.0,396500.0,4051.0,-1290.0,6026.0,3.285897970199585,-112.55113220214844,399983.0
2161,49360,83,68,56360,0,341,150287,0.23399999999674037,-2587000.0,-6252000.0,398000.0,4051.0,-1288.0,6026.0,3.285897970199585,-112.55113220214844,399983.0
2161,49361,83,69,7208,0,341,150287,0.48399999999674037,-2586000.0,-6252000.0,399500.0,4052.0,-1286.0,6026.0,3.285897970199585,-112.55113220214844,399983.0
2161,49362,83,69,23592,0,341,150287,0.7339999999967404,-2585000.0,-6253000.0,401000.0,4053.0,-1285.0,6026.0,3.285897970199585,-112.55113220214844,399983.0
2161,49363,83,69,39976,0,341,150287,0.9839999999967404,-2584000.0,-6253000.0,402500.0,4054.0,-1283.0,6025.0,3.285897970199585,-112.55113220214844,399983.0
2161,49364,83,69,56360,0,341,150288,0.23399999999674037,-2583000.0,-6253000.0,404000.0,4055.0,-1281.0,6025.0,3.285897970199585,-112.55113220214844,399983.0
2161,49365,83,70,7208,0,341,150288,0.48399999999674037,-2582000.0,-6254000.0,405500.0,4055.0,-1279.0,6025.0,3.285897970199585,-112.55113220214844,399983.0
2161,49366,83,70,23592,0,341,150288,0.7339999999967404,-2581000.0,-6254000.0,407000.0,4056.0,-1277.0,6025.0,3.285897970199585,-112.55113220214844,399983.0
2161,49367,83,70,39976,0,341,150288,0.9839999999967404,-2580000.0,-6254000.0,408400.0,4057.0,-1275.0,6025.0,3.285897970199585,-112.55113220214844,399983.0
2161,49368,83,70,56360,0,341,150289,0.23399999999674037,-2579000.0,-6255000.0,409900.0,4058.0,-1274.0,6025.0,3.285897970199585,-112.55113220214844,399983.0
2161,49369,83,71,7208,0,341,150289,0.48399999999674037,-2578000.0,-6255000.0,411400.0,4058.0,-1272.0,6025.0,3.285897970199585,-112.55113220214844,399983.0
2161,49370,83,71,23592,0,341,150289,0.48399999999674037,-2578000.0,-6255000.0,411400.0,4058.0,-1272.0,6025.0,3.5150177478790283,-112.39127349853516,399975.6875
2161,49371,83,71,56360,0,341,150290,0.23399999999674037,-2575000.0,-6256000.0,415900.0,4061.0,-1266.0,6024.0,3.5150177478790283,-112.39127349853516,399975.6875
2161,49372,83,72,7208,0,341,150290,0.48399999999674037,-2574000.0,-6256000.0,417400.0,4062.0,-1264.0,6024.0,3.5150177478790283,-112.39127349853516,399975.6875
2161,49373,83,72,23592,0,341,150290,0.7339999999967404,-2573000.0,-6257000.0,418900.0,4062.0,-1263.0,6024.0,3.5150177478790283,-112.39127349853516,399975.6875
2161,49374,83,72,39976,0,341,150290,0.9839999999967404,-2572000.0,-6257000.0,420400.0,4063.0,-1261.0,6024.0,3.5150177478790283,-112.39127349853516,399975.6875
2161,49375,83,72,56360,0,341,150291,0.23399999999674037,-2571000.0,-6257000.0,421900.0,4064.0,-1259.0,6024.0,3.5150177478790283,-112.39127349853516,399975.6875
2161,49376,83,73,7208,0,341,150291,0.48399999999674037,-2570000.0,-6258000.0,423400.0,4065.0,-1257.0,6024.0,3.5150177478790283,-112.39127349853516,399975.6875
2161,49377,83,73,23592,0,341,150291,0.7339999999967404,-2569000.0,-6258000.0,424900.0,4065.0,-1255.0,6023.0,3.5150177478790283,-112.39127349853516,399975.6875
2161,49378,83,73,39976,0,341,150291,0.9839999999967404,-2568000.0,-6258000.0,426300.0,4066.0,-1253.0,6023.0,3.5150177478790283,-112.39127349853516,399975.6875
2161,49379,83,73,56360,0,341,150292,0.23399999999674037,-2567000.0,-6258000.0,427800.0,4067.0,-1251.0,6023.0,3.5150177478790283,-112.39127349853516,399975.6875
2161,49380,83,74,7208,0,341,150292,0.48399999999674037,-2566000.0,-6259000.0,429300.0,4068.0,-1250.0,6023.0,3.5150177478790283,-112.39127349853516,399975.6875
2161,49381,83,74,23592,0,341,150292,0.7339999999967404,-2565000.0,-6259000.0,430800.0,4069.0,-1248.0,6023.0,3.5150177478790283,-112.39127349853516,399975.6875
2161,49382,83,74,39976,0,341,150292,0.9839999999967404,-2564000.0,-6259000.0,432300.0,4069.0,-1246.0,6023.0,3.5150177478790283,-112.39127349853516,399975.6875
2161,49383,83,74,57016,0,341,150293,0.23399999999674037,-2563000.0,-6260000.0,433800.0,4070.0,-1244.0,6023.0,3.5150177478790283,-112.39127349853516,399975.6875
2161,49384,83,75,7864,0,341,150293,0.48399999999674037,-2562000.0,-6260000.0,435300.0,4071.0,-1242.0,6022.0,3.5150177478790283,-112.39127349853516,399975.6875
2161,49385,83,75,24248,0,341,150293,0.48399999999674037,-2562000.0,-6260000.0,435300.0,4071.0,-1242.0,6022.0,3.718193531036377,-112.24934387207031,399963.6875
2161,49386,83,75,40632,0,341,150293,0.9839999999967404,-2560000.0,-6261000.0,438200.0,4072.0,-1239.0,6022.0,3.718193531036377,-112.24934387207031,399963.6875
2161,49387,83,75,57016,0,341,150294,0.23399999999674037,-2559000.0,-6261000.0,439800.0,4073.0,-1237.0,6022.0,3.718193531036377,-112.24934387207031,399963.6875
2161,49388,83,76,7864,0,341,150294,0.48399999999674037,-2558000.0,-6261000.0,441300.0,4074.0,-1235.0,6022.0,3.718193531036377,-112.24934387207031,399963.6875
2161,49389,83,76,24248,0,341,150294,0.7339999999967404,-2557000.0,-6262000.0,442800.0,4075.0,-1233.0,6022.0,3.718193531036377,-112.24934387207031,399963.6875
2161,49390,83,76,40632,0,341,150294,0.9839999999967404,-2556000.0,-6262000.0,444200.0,4076.0,-1231.0,6022.0,3.718193531036377,-112.24934387207031,399963.6875
2161,49391,83,76,57016,0,341,150295,0.23399999999674037,-2555000.0,-6262000.0,445700.0,4076.0,-1229.0,6021.0,3.718193531036377,-112.24934387207031,399963.6875
2161,49392,83,77,7864,0,341,150295,0.48399999999674037,-2554000.0,-6262000.0,447200.0,4077.0,-1227.0,6021.0,3.718193531036377,-112.24934387207031,399963.6875
2161,49393,83,77,24248,0,341,150295,0.7339999999967404,-2553000.0,-6263000.0,448700.0,4078.0,-1226.0,6021.0,3.718193531036377,-112.24934387207031,399963.6875
2161,49394,83,77,40632,0,341,150295,0.9839999999967404,-2552000.0,-6263000.0,450200.0,4079.0,-1224.0,6021.0,3.718193531036377,-112.24934387207031,399963.6875
2161,49395,83,77,57016,0,341,150296,0.23399999999674037,-2551000.0,-6263000.0,451700.0,4079.0,-1222.0,6021.0,3.718193531036377,-112.24934387207031,399963.6875
2161,49396,83,78,7864,0,341,150296,0.48399999999674037,-2550000.0,-6264000.0,453200.0,4080.0,-1220.0,6021.0,3.718193531036377,-112.24934387207031,399963.6875
2161,49397,83,78,24248,0,341,150296,0.7339999999967404,-2549000.0,-6264000.0,454700.0,4081.0,-1218.0,6021.0,3.718193531036377,-112.24934387207031,399963.6875
2161,49398,83,78,40632,0,341,150296,0.9839999999967404,-2548000.0,-6264000.0,456100.0,4082.0,-1216.0,6021.0,3.718193531036377,-112.24934387207031,399963.6875
2161,49399,83,78,57016,0,341,150297,0.23399999999674037,-2547000.0,-6265000.0,457600.0,4082.0,-1214.0,6020.0,3.718193531036377,-112.24934387207031,399963.6875
2161,49400,83,79,7864,0,341,150297,0.48399999999674037,-2546000.0,-6265000.0,459100.0,4083.0,-1213.0,6020.0,3.718193531036377,-112.24934387207031,399963.6875
2161,49401,83,79,40632,0,341,150297,0.9839999999967404,-2544000.0,-6265000.0,462100.0,4085.0,-1209.0,6020.0,3.718193531036377,-112.24934387207031,399963.6875
2161,49402,83,79,57016,0,341,150298,0.23399999999674037,-2543000.0,-6266000.0,463600.0,4085.0,-1207.0,6020.0,3.718193531036377,-112.24934387207031,399963.6875
2161,49403,83,80,7864,0,341,150298,0.48399999999674037,-2542000.0,-6266000.0,465100.0,4086.0,-1205.0,6020.0,3.718193531036377,-112.24934387207031,399963.6875
2161,49404,83,80,24248,0,341,150298,0.7339999999967404,-2541000.0,-6266000.0,466600.0,4087.0,-1203.0,6019.0,3.718193531036377,-112.24934387207031,399963.6875
2161,49405,83,80,40632,0,341,150298,0.9839999999967404,-2540000.0,-6267000.0,468000.0,4088.0,-1202.0,6019.0,3.718193531036377,-112.24934387207031,399963.6875
2161,49406,83,80,57016,0,341,150299,0.23399999999674037,-2539000.0,-6267000.0,469600.0,4089.0,-1200.0,6019.0,3.718193531036377,-112.24934387207031,399963.6875
2161,49407,83,81,7864,0,341,150299,0.48399999999674037,-2538000.0,-6267000.0,471100.0,4089.0,-1198.0,6019.0,3.718193531036377,-112.24934387207031,399963.6875
2161,49408,83,81,24248,0,341,150299,0.7339999999967404,-2537000.0,-6268000.0,472600.0,4090.0,-1196.0,6019.0,3.718193531036377,-112.24934387207031,399963.6875
2161,49409,83,81,40632,0,341,150299,0.9839999999967404,-2536000.0,-6268000.0,474000.0,4091.0,-1194.0,6019.0,3.718193531036377,-112.24934387207031,399963.6875
2161,49410,83,81,57016,0,341,150300,0.23399999999674037,-2535000.0,-6268000.0,475500.0,4092.0,-1192.0,6019.0,3.718193531036377,-112.24934387207031,399963.6875
2161,49411,83,82,7864,0,341,150300,0.48399999999674037,-2534000.0,-6268000.0,477000.0,4092.0,-1190.0,6018.0,3.718193531036377,-112.24934387207031,399963.6875
2161,49412,83,82,24248,0,341,150300,0.7339999999967404,-2533000.0,-6269000.0,478500.0,4093.0,-1189.0,6018.0,3.718193531036377,-112.24934387207031,399963.6875
2161,49413,83,82,40632,0,341,150300,0.9839999999967404,-2532000.0,-6269000.0,480000.0,4094.0,-1187.0,6018.0,3.718193531036377,-112.24934387207031,399963.6875
2161,49414,83,82,57016,0,341,150301,0.23399999999674037,-2531000.0,-6269000.0,481500.0,4095.0,-1185.0,6018.0,3.718193531036377,-112.24934387207031,399963.6875
2161,49415,83,83,7864,0,341,150301,0.48399999999674037,-2530000.0,-6270000.0,483000.0,4095.0,-1183.0,6018.0,3.718193531036377,-112.24934387207031,399963.6875
2161,49416,83,83,24248,0,341,150301,0.7339999999967404,-2529000.0,-6270000.0,484500.0,4096.0,-1181.0,6018.0,3.718193531036377,-112.24934387207031,399963.6875
2161,49417,83,83,40632,0,341,150301,0.9839999999967404,-2528000.0,-6270000.0,485900.0,4097.0,-1179.0,6017.0,3.718193531036377,-112.24934387207031,399963.6875
2161,49418,83,83,57016,0,341,150302,0.23399999999674037,-2527000.0,-6270000.0,487400.0,4098.0,-1178.0,6017.0,3.718193531036377,-112.24934387207031,399963.6875
2161,49419,83,84,7864,0,341,150302,0.48399999999674037,-2526000.0,-6271000.0,488900.0,4098.0,-1176.0,6017.0,3.718193531036377,-112.24934387207031,399963.6875
2161,49420,83,84,24248,0,341,150302,0.7339999999967404,-2525000.0,-6271000.0,490400.0,4099.0,-1174.0,6017.0,3.718193531036377,-112.24934387207031,399963.6875
2161,49421,83,84,40632,0,341,150302,0.9839999999967404,-2524000.0,-6271000.0,491900.0,4100.0,-1172.0,6017.0,3.718193531036377,-112.24934387207031,399963.6875
2161,49422,83,84,57016,0,341,150303,0.23399999999674037,-2523000.0,-6272000.0,493400.0,4101.0,-1170.0,6017.0,3.718193531036377,-112.24934387207031,399963.6875
2161,49423,83,85,7864,0,341,150303,0.48399999999674037,-2522000.0,-6272000.0,494900.0,4102.0,-1168.0,6016.0,3.718193531036377,-112.24934387207031,399963.6875
2161,49424,83,85,24248,0,341,150303,0.7339999999967404,-2521000.0,-6272000.0,496400.0,4102.0,-1166.0,6016.0,3.718193531036377,-112.24934387207031,399963.6875
2161,49425,83,85,40632,0,341,150303,0.9839999999967404,-2520000.0,-6272000.0,497800.0,4103.0,-1165.0,6016.0,3.718193531036377,-112.24934387207031,399963.6875
2161,49426,83,85,57016,0,341,150304,0.23399999999674037,-2519000.0,-6273000.0,499300.0,4104.0,-1163.0,6016.0,3.718193531036377,-112.24934387207031,399963.6875
2161,49427,83,86,7864,0,341,150304,0.48399999999674037,-2518000.0,-6273000.0,500800.0,4105.0,-1161.0,6016.0,3.718193531036377,-112.24934387207031,399963.6875
2161,49428,83,86,24248,0,341,150304,0.7339999999967404,-2517000.0,-6273000.0,502300.0,4105.0,-1159.0,6016.0,3.718193531036377,-112.24934387207031,399963.6875
2161,49429,83,86,40632,0,341,150304,0.9839999999967404,-2516000.0,-6274000.0,503800.0,4106.0,-1157.0,6016.0,3.718193531036377,-112.24934387207031,399963.6875
2161,49430,83,86,57671,0,341,150305,0.23399999999674037,-2515000.0,-6274000.0,505300.0,4107.0,-1155.0,6015.0,3.718193531036377,-112.24934387207031,399963.6875
2161,49431,83,87,8519,0,341,150305,0.48399999999674037,-2514000.0,-6274000.0,506800.0,4108.0,-1153.0,6015.0,3.718193531036377,-112.24934387207031,399963.6875
2161,49432,83,87,24903,0,341,150305,0.7339999999967404,-2513000.0,-6275000.0,508300.0,4108.0,-1152.0,6015.0,3.718193531036377,-112.24934387207031,399963.6875
2161,49433,83,87,57671,0,341,150306,0.23399999999674037,-2511000.0,-6275000.0,511200.0,4110.0,-1148.0,6015.0,3.718193531036377,-112.24934387207031,399963.6875
2161,49434,83,88,8519,0,341,150306,0.48399999999674037,-2510000.0,-6275000.0,512800.0,4111.0,-1146.0,6015.0,3.718193531036377,-112.24934387207031,399963.6875
2161,49435,83,88,24903,0,341,150306,0.7339999999967404,-2508000.0,-6276000.0,514300.0,4111.0,-1144.0,6014.0,3.718193531036377,-112.24934387207031,399963.6875
2161,49436,83,88,41287,0,341,150306,0.9839999999967404,-2507000.0,-6276000.0,515700.0,4112.0,-1142.0,6014.0,3.718193531036377,-112.24934387207031,399963.6875
2161,49437,83,88,57671,0,341,150307,0.23399999999674037,-2506000.0,-6276000.0,517200.0,4113.0,-1141.0,6014.0,3.718193531036377,-112.24934387207031,399963.6875
2161,49438,83,89,9175,0,341,150307,0.48399999999674037,-2505000.0,-6276000.0,518700.0,4114.0,-1139.0,6014.0,3.718193531036377,-112.24934387207031,399963.6875
2161,49439,83,89,25559,0,341,150307,0.7339999999967404,-2504000.0,-6277000.0,520200.0,4114.0,-1137.0,6014.0,3.718193531036377,-112.24934387207031,399963.6875
2161,49440,83,89,41943,0,341,150307,0.9839999999967404,-2503000.0,-6277000.0,521700.0,4115.0,-1135.0,6014.0,3.718193531036377,-112.24934387207031,399963.6875
2161,49441,83,90,9175,0,341,150308,0.48399999999674037,-2501000.0,-6278000.0,524700.0,4117.0,-1131.0,6013.0,3.718193531036377,-112.24934387207031,399963.6875
2161,49442,83,90,25559,0,341,150308,0.7339999999967404,-2500000.0,-6278000.0,526200.0,4117.0,-1129.0,6013.0,3.718193531036377,-112.24934387207031,399963.6875
2161,49443,83,90,41943,0,341,150308,0.9839999999967404,-2499000.0,-6278000.0,527600.0,4118.0,-1128.0,6013.0,3.718193531036377,-112.24934387207031,399963.6875
2161,49444,83,90,58327,0,341,150309,0.23399999999674037,-2498000.0,-6278000.0,529100.0,4119.0,-1126.0,6013.0,3.718193531036377,-112.24934387207031,399963.6875
2161,49445,83,91,9175,0,341,150309,0.48399999999674037,-2497000.0,-6279000.0,530600.0,4120.0,-1124.0,6013.0,3.718193531036377,-112.24934387207031,399963.6875
2161,49446,83,91,25559,0,341,150309,0.7339999999967404,-2496000.0,-6279000.0,532100.0,4120.0,-1122.0,6012.0,3.718193531036377,-112.24934387207031,399963.6875
2161,49447,83,91,41943,0,341,150309,0.9839999999967404,-2495000.0,-6279000.0,533600.0,4121.0,-1120.0,6012.0,3.718193531036377,-112.24934387207031,399963.6875
2161,49448,83,91,58327,0,341,150310,0.23399999999674037,-2494000.0,-6280000.0,535100.0,4122.0,-1118.0,6012.0,3.718193531036377,-112.24934387207031,399963.6875
2161,49449,83,92,9175,0,341,150310,0.48399999999674037,-2493000.0,-6280000.0,536600.0,4123.0,-1116.0,6012.0,3.718193531036377,-112.24934387207031,399963.6875
2161,49450,83,92,25559,0,341,150310,0.7339999999967404,-2492000.0,-6280000.0,538100.0,4123.0,-1115.0,6012.0,3.718193531036377,-112.24934387207031,399963.6875
2161,49451,83,92,41943,0,341,150310,0.9839999999967404,-2491000.0,-6280000.0,539500.0,4124.0,-1113.0,6012.0,3.718193531036377,-112.24934387207031,399963.6875
2161,49452,83,92,58327,0,341,150311,0.23399999999674037,-2490000.0,-6281000.0,541000.0,4125.0,-1111.0,6011.0,3.718193531036377,-112.24934387207031,399963.6875
2161,49453,83,93,9175,0,341,150311,0.48399999999674037,-2489000.0,-6281000.0,542500.0,4126.0,-1109.0,6011.0,3.718193531036377,-112.24934387207031,399963.6875
2161,49454,83,93,26214,0,341,150311,0.7339999999967404,-2488000.0,-6281000.0,544000.0,4126.0,-1107.0,6011.0,3.718193531036377,-112.24934387207031,399963.6875
2161,49455,83,93,42598,0,341,150311,0.9839999999967404,-2487000.0,-6281000.0,545500.0,4127.0,-1105.0,6011.0,3.718193531036377,-112.24934387207031,399963.6875
2161,49456,83,93,58982,0,341,150311,0.9839999999967404,-2487000.0,-6281000.0,545500.0,4127.0,-1105.0,6011.0,4.657956123352051,-111.5919418334961,399914.84375
2161,49457,83,94,26214,0,341,150312,0.9839999999967404,-2483000.0,-6283000.0,551400.0,4130.0,-1098.0,6010.0,4.657956123352051,-111.5919418334961,399914.84375
2161,49458,83,94,42598,0,341,150313,0.23399999999674037,-2482000.0,-6283000.0,552900.0,4131.0,-1096.0,6010.0,4.657956123352051,-111.5919418334961,399914.84375
2161,49459,83,94,58982,0,341,150313,0.48399999999674037,-2481000.0,-6283000.0,554400.0,4132.0,-1094.0,6010.0,4.657956123352051,-111.5919418334961,399914.84375
2161,49460,83,95,9830,0,341,150313,0.7339999999967404,-2480000.0,-6283000.0,555900.0,4133.0,-1092.0,6010.0,4.657956123352051,-111.5919418334961,399914.84375
2161,49461,83,95,26214,0,341,150313,0.9839999999967404,-2479000.0,-6284000.0,557400.0,4133.0,-1090.0,6009.0,4.657956123352051,-111.5919418334961,399914.84375
2161,49462,83,95,42598,0,341,150314,0.23399999999674037,-2478000.0,-6284000.0,558900.0,4134.0,-1089.0,6009.0,4.657956123352051,-111.5919418334961,399914.84375
2161,49463,83,95,58982,0,341,150314,0.48399999999674037,-2477000.0,-6284000.0,560400.0,4135.0,-1087.0,6009.0,4.657956123352051,-111.5919418334961,399914.84375
2161,49464,83,96,9830,0,341,150314,0.7339999999967404,-2476000.0,-6284000.0,561900.0,4136.0,-1085.0,6009.0,4.657956123352051,-111.5919418334961,399914.84375
2161,49465,83,96,26214,0,341,150314,0.9839999999967404,-2475000.0,-6285000.0,563300.0,4136.0,-1083.0,6009.0,4.657956123352051,-111.5919418334961,399914.84375
2161,49466,83,96,42598,0,341,150315,0.23399999999674037,-2474000.0,-6285000.0,564800.0,4137.0,-1081.0,6009.0,4.657956123352051,-111.5919418334961,399914.84375
2161,49467,83,96,58982,0,341,150315,0.48399999999674037,-2473000.0,-6285000.0,566300.0,4138.0,-1079.0,6008.0,4.657956123352051,-111.5919418334961,399914.84375
2161,49468,83,97,9830,0,341,150315,0.7339999999967404,-2472000.0,-6286000.0,567800.0,4138.0,-1078.0,6008.0,4.657956123352051,-111.5919418334961,399914.84375
2161,49469,83,97,26869,0,341,150315,0.9839999999967404,-2471000.0,-6286000.0,569300.0,4139.0,-1076.0,6008.0,4.657956123352051,-111.5919418334961,399914.84375
2161,49470,83,97,43253,0,341,150316,0.23399999999674037,-2470000.0,-6286000.0,570800.0,4140.0,-1074.0,6008.0,4.657956123352051,-111.5919418334961,399914.84375
2161,49471,83,97,59637,0,341,150316,0.23399999999674037,-2470000.0,-6286000.0,570800.0,4140.0,-1074.0,6008.0,4.873801231384277,-111.44054412841797,399902.78125
2161,49472,83,98,10485,0,341,150316,0.23399999999674037,-2470000.0,-6286000.0,570800.0,4140.0,-1074.0,6008.0,4.886697769165039,-111.43153381347656,399897.4375
2161,49473,83,98,26869,0,341,150316,0.9839999999967404,-2467000.0,-6287000.0,575200.0,4142.0,-1068.0,6007.0,4.886697769165039,-111.43153381347656,399897.4375
2161,49474,83,98,43253,0,341,150317,0.23399999999674037,-2466000.0,-6287000.0,576700.0,4143.0,-1066.0,6007.0,4.886697769165039,-111.43153381347656,399897.4375
2161,49475,83,98,59637,0,341,150317,0.48399999999674037,-2465000.0,-6287000.0,578200.0,4144.0,-1065.0,6007.0,4.886697769165039,-111.43153381347656,399897.4375
2161,49476,83,99,10485,0,341,150317,0.7339999999967404,-2464000.0,-6288000.0,579700.0,4144.0,-1063.0,6007.0,4.886697769165039,-111.43153381347656,399897.4375
2161,49477,83,99,26869,0,341,150317,0.9839999999967404,-2463000.0,-6288000.0,581200.0,4145.0,-1061.0,6007.0,4.886697769165039,-111.43153381347656,399897.4375
2161,49478,83,99,43253,0,341,150318,0.23399999999674037,-2462000.0,-6288000.0,582600.0,4146.0,-1059.0,6006.0,4.886697769165039,-111.43153381347656,399897.4375
2161,49479,83,99,59637,0,341,150318,0.48399999999674037,-2461000.0,-6288000.0,584200.0,4147.0,-1057.0,6006.0,4.886697769165039,-111.43153381347656,399897.4375
2161,49480,83,100,10485,0,341,150318,0.7339999999967404,-2459000.0,-6289000.0,585600.0,4148.0,-1055.0,6006.0,4.886697769165039,-111.43153381347656,399897.4375
2161,49481,83,100,26869,0,341,150318,0.9839999999967404,-2458000.0,-6289000.0,587100.0,4148.0,-1053.0,6006.0,4.886697769165039,-111.43153381347656,399897.4375
2161,49482,83,100,43253,0,341,150319,0.23399999999674037,-2457000.0,-6289000.0,588600.0,4149.0,-1052.0,6006.0,4.886697769165039,-111.43153381347656,399897.4375
2161,49483,83,100,59637,0,341,150319,0.48399999999674037,-2456000.0,-6289000.0,590100.0,4150.0,-1050.0,6005.0,4.886697769165039,-111.43153381347656,399897.4375
2161,49484,83,101,10485,0,341,150319,0.7339999999967404,-2455000.0,-6290000.0,591600.0,4150.0,-1048.0,6005.0,4.886697769165039,-111.43153381347656,399897.4375
2161,49485,83,101,26869,0,341,150319,0.9839999999967404,-2454000.0,-6290000.0,593000.0,4151.0,-1046.0,6005.0,4.886697769165039,-111.43153381347656,399897.4375
2161,49486,83,101,43253,0,341,150320,0.23399999999674037,-2453000.0,-6290000.0,594600.0,4152.0,-1044.0,6005.0,4.886697769165039,-111.43153381347656,399897.4375
2161,49487,83,101,59637,0,341,150320,0.48399999999674037,-2452000.0,-6290000.0,596000.0,4153.0,-1042.0,6005.0,4.886697769165039,-111.43153381347656,399897.4375
2161,49488,83,102,10485,0,341,150320,0.48399999999674037,-2452000.0,-6290000.0,596000.0,4153.0,-1042.0,6005.0,5.089768409729004,-111.28899383544922,399889.125
2161,49489,83,102,26869,0,341,150320,0.9839999999967404,-2450000.0,-6291000.0,599000.0,4154.0,-1039.0,6004.0,5.089768409729004,-111.28899383544922,399889.125
2161,49490,83,102,43253,0,341,150321,0.23399999999674037,-2449000.0,-6291000.0,600500.0,4155.0,-1037.0,6004.0,5.089768409729004,-111.28899383544922,399889.125
2161,49491,83,102,59637,0,341,150321,0.48399999999674037,-2448000.0,-6292000.0,602000.0,4156.0,-1035.0,6004.0,5.089768409729004,-111.28899383544922,399889.125
2161,49492,83,103,10485,0,341,150321,0.7339999999967404,-2447000.0,-6292000.0,603500.0,4156.0,-1033.0,6004.0,5.089768409729004,-111.28899383544922,399889.125
2161,49493,83,103,26869,0,341,150321,0.9839999999967404,-2446000.0,-6292000.0,604900.0,4157.0,-1031.0,6003.0,5.089768409729004,-111.28899383544922,399889.125
2161,49494,83,103,43253,0,341,150322,0.23399999999674037,-2445000.0,-6292000.0,606400.0,4158.0,-1029.0,6003.0,5.089768409729004,-111.28899383544922,399889.125
2161,49495,83,103,59637,0,341,150322,0.48399999999674037,-2444000.0,-6293000.0,607900.0,4159.0,-1027.0,6003.0,5.089768409729004,-111.28899383544922,399889.125
2161,49496,83,104,10485,0,341,150322,0.7339999999967404,-2443000.0,-6293000.0,609400.0,4159.0,-1026.0,6003.0,5.089768409729004,-111.28899383544922,399889.125
2161,49497,83,104,26869,0,341,150322,0.9839999999967404,-2442000.0,-6293000.0,610900.0,4160.0,-1024.0,6003.0,5.089768409729004,-111.28899383544922,399889.125
2161,49498,83,104,43253,0,341,150323,0.23399999999674037,-2441000.0,-6293000.0,612400.0,4161.0,-1022.0,6003.0,5.089768409729004,-111.28899383544922,399889.125
2161,49499,83,104,59637,0,341,150323,0.48399999999674037,-2440000.0,-6294000.0,613900.0,4162.0,-1020.0,6002.0,5.089768409729004,-111.28899383544922,399889.125
2161,49500,83,105,10485,0,341,150323,0.7339999999967404,-2439000.0,-6294000.0,615400.0,4162.0,-1018.0,6002.0,5.089768409729004,-111.28899383544922,399889.125
2161,49501,83,105,26869,0,341,150323,0.9839999999967404,-2438000.0,-6294000.0,616800.0,4163.0,-1016.0,6002.0,5.089768409729004,-111.28899383544922,399889.125
2161,49502,83,105,43253,0,341,150324,0.23399999999674037,-2437000.0,-6294000.0,618300.0,4164.0,-1014.0,6002.0,5.089768409729004,-111.28899383544922,399889.125
2161,49503,83,105,60293,0,341,150324,0.48399999999674037,-2436000.0,-6295000.0,619800.0,4165.0,-1013.0,6002.0,5.089768409729004,-111.28899383544922,399889.125
2161,49504,83,106,11141,0,341,150324,0.7339999999967404,-2435000.0,-6295000.0,621300.0,4165.0,-1011.0,6001.0,5.089768409729004,-111.28899383544922,399889.125
2161,49505,83,106,27525,0,341,150324,0.9839999999967404,-2434000.0,-6295000.0,622800.0,4166.0,-1009.0,6001.0,5.089768409729004,-111.28899383544922,399889.125
2161,49506,83,107,11141,0,341,150325,0.7339999999967404,-2431000.0,-6296000.0,627300.0,4168.0,-1003.0,6001.0,5.089768409729004,-111.28899383544922,399889.125
2161,49507,83,107,27525,0,341,150325,0.9839999999967404,-2430000.0,-6296000.0,628700.0,4169.0,-1001.0,6000.0,5.089768409729004,-111.28899383544922,399889.125
2161,49508,83,107,43909,0,341,150326,0.23399999999674037,-2429000.0,-6296000.0,630200.0,4170.0,-999.6,6000.0,5.089768409729004,-111.28899383544922,399889.125
2161,49509,83,107,60293,0,341,150326,0.48399999999674037,-2428000.0,-6297000.0,631700.0,4170.0,-997.7,6000.0,5.089768409729004,-111.28899383544922,399889.125
2161,49510,83,108,11141,0,341,150326,0.7339999999967404,-2427000.0,-6297000.0,633200.0,4171.0,-995.9,6000.0,5.089768409729004,-111.28899383544922,399889.125
2161,49511,83,108,27525,0,341,150326,0.9839999999967404,-2426000.0,-6297000.0,634600.0,4172.0,-994.0,6000.0,5.089768409729004,-111.28899383544922,399889.125
2161,49512,83,108,43909,0,341,150327,0.23399999999674037,-2425000.0,-6297000.0,636100.0,4173.0,-992.2,5999.0,5.089768409729004,-111.28899383544922,399889.125
2161,49513,83,108,60293,0,341,150327,0.48399999999674037,-2423000.0,-6298000.0,637600.0,4173.0,-990.3,5999.0,5.089768409729004,-111.28899383544922,399889.125
2161,49514,83,109,11141,0,341,150327,0.7339999999967404,-2422000.0,-6298000.0,639100.0,4174.0,-988.5,5999.0,5.089768409729004,-111.28899383544922,399889.125
2161,49515,83,109,27525,0,341,150327,0.9839999999967404,-2421000.0,-6298000.0,640600.0,4175.0,-986.6,5999.0,5.089768409729004,-111.28899383544922,399889.125
2161,49516,83,109,43909,0,341,150328,0.23399999999674037,-2420000.0,-6298000.0,642100.0,4176.0,-984.8,5998.0,5.089768409729004,-111.28899383544922,399889.125
2161,49517,83,109,60293,0,341,150328,0.48399999999674037,-2419000.0,-6298000.0,643600.0,4176.0,-982.9,5998.0,5.089768409729004,-111.28899383544922,399889.125
2161,49518,83,110,11796,0,341,150328,0.7339999999967404,-2418000.0,-6299000.0,645100.0,4177.0,-981.1,5998.0,5.089768409729004,-111.28899383544922,399889.125
2161,49519,83,110,28180,0,341,150328,0.9839999999967404,-2417000.0,-6299000.0,646500.0,4178.0,-979.2,5998.0,5.089768409729004,-111.28899383544922,399889.125
2161,49520,83,110,44564,0,341,150329,0.23399999999674037,-2416000.0,-6299000.0,648000.0,4179.0,-977.4,5998.0,5.089768409729004,-111.28899383544922,399889.125
2161,49521,83,111,11796,0,341,150329,0.7339999999967404,-2414000.0,-6300000.0,651000.0,4180.0,-973.7,5997.0,5.089768409729004,-111.28899383544922,399889.125
2161,49522,83,111,28180,0,341,150329,0.9839999999967404,-2413000.0,-6300000.0,652500.0,4181.0,-971.8,5997.0,5.089768409729004,-111.28899383544922,399889.125
2161,49523,83,111,44564,0,341,150330,0.23399999999674037,-2412000.0,-6300000.0,654000.0,4182.0,-969.9,5997.0,5.089768409729004,-111.28899383544922,399889.125
2161,49524,83,111,60948,0,341,150330,0.48399999999674037,-2411000.0,-6300000.0,655400.0,4182.0,-968.1,5997.0,5.089768409729004,-111.28899383544922,399889.125
2161,49525,83,112,11796,0,341,150330,0.7339999999967404,-2410000.0,-6301000.0,656900.0,4183.0,-966.2,5996.0,5.089768409729004,-111.28899383544922,399889.125
2161,49526,83,112,28180,0,341,150330,0.9839999999967404,-2409000.0,-6301000.0,658400.0,4184.0,-964.4,5996.0,5.089768409729004,-111.28899383544922,399889.125
2161,49527,83,112,44564,0,341,150331,0.23399999999674037,-2408000.0,-6301000.0,659900.0,4184.0,-962.5,5996.0,5.089768409729004,-111.28899383544922,399889.125
2161,49528,83,112,60948,0,341,150331,0.48399999999674037,-2407000.0,-6301000.0,661400.0,4185.0,-960.7,5996.0,5.089768409729004,-111.28899383544922,399889.125
2161,49529,83,113,11796,0,341,150331,0.7339999999967404,-2406000.0,-6302000.0,662900.0,4186.0,-958.8,5996.0,5.089768409729004,-111.28899383544922,399889.125
2161,49530,83,113,28180,0,341,150331,0.9839999999967404,-2405000.0,-6302000.0,664300.0,4187.0,-957.0,5995.0,5.089768409729004,-111.28899383544922,399889.125
2161,49531,83,113,44564,0,341,150332,0.23399999999674037,-2404000.0,-6302000.0,665800.0,4187.0,-955.1,5995.0,5.089768409729004,-111.28899383544922,399889.125
2161,49532,83,113,60948,0,341,150332,0.48399999999674037,-2403000.0,-6302000.0,667300.0,4188.0,-953.2,5995.0,5.089768409729004,-111.28899383544922,399889.125
2161,49533,83,114,11796,0,341,150332,0.7339999999967404,-2402000.0,-6303000.0,668800.0,4189.0,-951.3,5995.0,5.089768409729004,-111.28899383544922,399889.125
2161,49534,83,114,28180,0,341,150332,0.9839999999967404,-2401000.0,-6303000.0,670300.0,4190.0,-949.5,5995.0,5.089768409729004,-111.28899383544922,399889.125
2161,49535,83,114,44564,0,341,150333,0.23399999999674037,-2400000.0,-6303000.0,671800.0,4190.0,-947.7,5994.0,5.089768409729004,-111.28899383544922,399889.125
2161,49536,83,114,60948,0,341,150333,0.48399999999674037,-2399000.0,-6303000.0,673300.0,4191.0,-945.8,5994.0,5.089768409729004,-111.28899383544922,399889.125
2161,49537,83,115,12451,0,341,150333,0.7339999999967404,-2398000.0,-6303000.0,674800.0,4192.0,-943.9,5994.0,5.089768409729004,-111.28899383544922,399889.125
2161,49538,83,115,28835,0,341,150333,0.9839999999967404,-2397000.0,-6304000.0,676200.0,4192.0,-942.1,5994.0,5.089768409729004,-111.28899383544922,399889.125
2161,49539,83,115,45219,0,341,150334,0.23399999999674037,-2396000.0,-6.0,174425.06,10.0,1.0,399827.451,5.089768409729004,-111.28899383544922,399889.125
2161,49540,83,116,12451,0,341,150334,0.7339999999967404,-2393000.0,-6304000.0,680700.0,4195.0,-936.5,5993.0,5.089768409729004,-111.28899383544922,399889.125
2161,49541,83,116,28835,0,341,150334,0.9839999999967404,-2392000.0,-6305000.0,682100.0,4195.0,-934.6,5993.0,5.089768409729004,-111.28899383544922,399889.125
2161,49542,83,116,45219,0,341,150335,0.23399999999674037,-2391000.0,-6305000.0,683600.0,4196.0,-932.8,5993.0,5.089768409729004,-111.28899383544922,399889.125
2161,49543,83,116,61603,0,341,150335,0.48399999999674037,-2390000.0,-6305000.0,685100.0,4197.0,-930.9,5992.0,5.089768409729004,-111.28899383544922,399889.125
2161,49544,83,117,12451,0,341,150335,0.7339999999967404,-2389000.0,-6305000.0,686600.0,4198.0,-929.1,5992.0,5.089768409729004,-111.28899383544922,399889.125
2161,49545,83,117,28835,0,341,150335,0.9839999999967404,-2388000.0,-6306000.0,688100.0,4198.0,-927.2,5992.0,5.089768409729004,-111.28899383544922,399889.125
2161,49546,83,117,61603,0,341,150336,0.48399999999674037,-2386000.0,-6306000.0,691100.0,4200.0,-923.5,5991.0,5.089768409729004,-111.28899383544922,399889.125
2161,49547,83,118,12451,0,341,150336,0.7339999999967404,-2385000.0,-6306000.0,692600.0,4200.0,-921.7,5991.0,5.089768409729004,-111.28899383544922,399889.125
2161,49548,83,118,28835,0,341,150336,0.9839999999967404,-2384000.0,-6306000.0,694000.0,4201.0,-919.8,5991.0,5.089768409729004,-111.28899383544922,399889.125
2161,49549,83,118,45219,0,341,150337,0.23399999999674037,-2383000.0,-6307000.0,695500.0,4202.0,-917.9,5991.0,5.089768409729004,-111.28899383544922,399889.125
2161,49550,83,118,61603,0,341,150337,0.48399999999674037,-2382000.0,-6307000.0,697000.0,4203.0,-916.1,5991.0,5.089768409729004,-111.28899383544922,399889.125
2161,49551,83,119,12451,0,341,150337,0.7339999999967404,-2381000.0,-6307000.0,698500.0,4203.0,-914.2,5990.0,5.089768409729004,-111.28899383544922,399889.125
2161,49552,83,119,28835,0,341,150337,0.9839999999967404,-2380000.0,-6307000.0,699900.0,4204.0,-912.3,5990.0,5.089768409729004,-111.28899383544922,399889.125
2161,49553,83,119,45219,0,341,150338,0.23399999999674037,-2379000.0,-6308000.0,701400.0,4205.0,-910.5,5990.0,5.089768409729004,-111.28899383544922,399889.125
2161,49554,83,119,61603,0,341,150338,0.48399999999674037,-2378000.0,-6308000.0,702900.0,4206.0,-908.6,5990.0,5.089768409729004,-111.28899383544922,399889.125
2161,49555,83,120,12451,0,341,150338,0.7339999999967404,-2377000.0,-6308000.0,704400.0,4206.0,-906.8,5989.0,5.089768409729004,-111.28899383544922,399889.125
2161,49556,83,120,28835,0,341,150338,0.9839999999967404,-2376000.0,-6308000.0,705900.0,4207.0,-904.9,5989.0,5.089768409729004,-111.28899383544922,399889.125
2161,49557,83,120,45219,0,341,150339,0.23399999999674037,-2375000.0,-6309000.0,707300.0,4208.0,-903.1,5989.0,5.089768409729004,-111.28899383544922,399889.125
2161,49558,83,121,12451,0,341,150339,0.7339999999967404,-2373000.0,-6309000.0,710300.0,4209.0,-899.3,5989.0,5.089768409729004,-111.28899383544922,399889.125
2161,49559,83,121,28835,0,341,150339,0.9839999999967404,-2372000.0,-6309000.0,711800.0,4210.0,-897.5,5988.0,5.089768409729004,-111.28899383544922,399889.125
2161,49560,83,121,45219,0,341,150340,0.23399999999674037,-2371000.0,-6309000.0,713300.0,4211.0,-895.7,5988.0,5.089768409729004,-111.28899383544922,399889.125
2161,49561,83,121,61603,0,341,150340,0.48399999999674037,-2370000.0,-6310000.0,714800.0,4211.0,-893.8,5988.0,5.089768409729004,-111.28899383544922,399889.125
2161,49562,83,122,12451,0,341,150340,0.7339999999967404,-2369000.0,-6310000.0,716300.0,4212.0,-891.9,5988.0,5.089768409729004,-111.28899383544922,399889.125
2161,49563,83,122,28835,0,341,150340,0.9839999999967404,-2368000.0,-6310000.0,717700.0,4213.0,-890.1,5987.0,5.089768409729004,-111.28899383544922,399889.125
2161,49564,83,122,45219,0,341,150341,0.23399999999674037,-2366000.0,-6310000.0,719200.0,4214.0,-888.2,5987.0,5.089768409729004,-111.28899383544922,399889.125
2161,49565,83,122,61603,0,341,150341,0.48399999999674037,-2365000.0,-6311000.0,720700.0,4214.0,-886.3,5987.0,5.089768409729004,-111.28899383544922,399889.125
2161,49566,83,123,12451,0,341,150341,0.7339999999967404,-2364000.0,-6311000.0,722200.0,4215.0,-884.5,5987.0,5.089768409729004,-111.28899383544922,399889.125
2161,49567,83,123,28835,0,341,150341,0.9839999999967404,-2363000.0,-6311000.0,723600.0,4216.0,-882.6,5986.0,5.089768409729004,-111.28899383544922,399889.125
2161,49568,83,123,45219,0,341,150342,0.23399999999674037,-2362000.0,-6311000.0,725100.0,4216.0,-880.8,5986.0,5.089768409729004,-111.28899383544922,399889.125
2161,49569,83,123,61603,0,341,150342,0.48399999999674037,-2361000.0,-6311000.0,726600.0,4217.0,-878.9,5986.0,5.089768409729004,-111.28899383544922,399889.125
2161,49570,83,124,12451,0,341,150342,0.7339999999967404,-2360000.0,-6312000.0,728100.0,4218.0,-877.0,5986.0,5.089768409729004,-111.28899383544922,399889.125
2161,49571,83,124,29491,0,341,150342,0.9839999999967404,-2359000.0,-6312000.0,729600.0,4219.0,-875.2,5986.0,5.089768409729004,-111.28899383544922,399889.125
2161,49572,83,124,45875,0,341,150343,0.23399999999674037,-2358000.0,-6312000.0,731100.0,4219.0,-873.3,5985.0,5.089768409729004,-111.28899383544922,399889.125
2161,49573,83,124,62259,0,341,150343,0.48399999999674037,-2357000.0,-6312000.0,732600.0,4220.0,-871.5,5985.0,5.089768409729004,-111.28899383544922,399889.125
2161,49574,83,125,29491,0,341,150343,0.9839999999967404,-2355000.0,-6313000.0,735500.0,4221.0,-867.8,5985.0,5.089768409729004,-111.28899383544922,399889.125
2161,49575,83,125,45875,0,341,150344,0.23399999999674037,-2354000.0,-6313000.0,737000.0,4222.0,-865.9,5984.0,5.089768409729004,-111.28899383544922,399889.125
2161,49576,83,125,62259,0,341,150344,0.48399999999674037,-2353000.0,-6313000.0,738500.0,4223.0,-864.0,5984.0,5.089768409729004,-111.28899383544922,399889.125
2161,49577,83,126,13107,0,341,150344,0.7339999999967404,-2352000.0,-6313000.0,740000.0,4224.0,-862.1,5984.0,5.089768409729004,-111.28899383544922,399889.125
2161,49578,83,126,29491,0,341,150344,0.9839999999967404,-2351000.0,-6314000.0,741400.0,4224.0,-860.3,5984.0,5.089768409729004,-111.28899383544922,399889.125
2161,49579,83,126,45875,0,341,150345,0.23399999999674037,-2350000.0,-6314000.0,742900.0,4225.0,-858.4,5983.0,5.089768409729004,-111.28899383544922,399889.125
2161,49580,83,126,62259,0,341,150345,0.48399999999674037,-2349000.0,-6314000.0,744400.0,4226.0,-856.6,5983.0,5.089768409729004,-111.28899383544922,399889.125
2161,49581,83,127,13107,0,341,150345,0.7339999999967404,-2348000.0,-6314000.0,745900.0,4226.0,-854.8,5983.0,5.089768409729004,-111.28899383544922,399889.125
2161,49582,83,127,29491,0,341,150345,0.9839999999967404,-2347000.0,-6314000.0,747300.0,4227.0,-852.9,5983.0,5.089768409729004,-111.28899383544922,399889.125
2161,49583,83,127,45875,0,341,150346,0.23399999999674037,-2346000.0,-6315000.0,748800.0,4228.0,-851.0,5982.0,5.089768409729004,-111.28899383544922,399889.125
2161,49584,83,127,62259,0,341,150346,0.48399999999674037,-2345000.0,-6315000.0,750300.0,4229.0,-849.2,5982.0,5.089768409729004,-111.28899383544922,399889.125
2161,49585,83,128,13107,0,341,150346,0.7339999999967404,-2343000.0,-6315000.0,751800.0,4229.0,-847.3,5982.0,5.089768409729004,-111.28899383544922,399889.125
2161,49586,83,128,29491,0,341,150346,0.9839999999967404,-2342000.0,-6315000.0,753300.0,4230.0,-845.5,5982.0,5.089768409729004,-111.28899383544922,399889.125
2161,49587,83,128,45875,0,341,150347,0.23399999999674037,-2341000.0,-6315000.0,754800.0,4231.0,-843.6,5982.0,5.089768409729004,-111.28899383544922,399889.125
2161,49588,83,128,62914,0,341,150347,0.48399999999674037,-2340000.0,-6316000.0,756300.0,4232.0,-841.7,5981.0,5.089768409729004,-111.28899383544922,399889.125
2161,49589,83,129,13762,0,341,150347,0.7339999999967404,-2339000.0,-6316000.0,757700.0,4232.0,-839.9,5981.0,5.089768409729004,-111.28899383544922,399889.125
2161,49590,83,129,30146,0,341,150347,0.9839999999967404,-2338000.0,-6316000.0,759200.0,4233.0,-838.0,5981.0,5.089768409729004,-111.28899383544922,399889.125
2161,49591,83,129,46530,0,341,150348,0.23399999999674037,-2337000.0,-6316000.0,760700.0,4234.0,-836.1,5981.0,5.089768409729004,-111.28899383544922,399889.125
2161,49592,83,130,13762,0,341,150348,0.7339999999967404,-2335000.0,-6317000.0,763700.0,4235.0,-832.4,5980.0,5.089768409729004,-111.28899383544922,399889.125
2161,49593,83,130,30146,0,341,150348,0.9839999999967404,-2334000.0,-6317000.0,765100.0,4236.0,-830.6,5980.0,5.089768409729004,-111.28899383544922,399889.125
2161,49594,83,130,46530,0,341,150349,0.23399999999674037,-2333000.0,-6317000.0,766600.0,4236.0,-828.7,5980.0,5.089768409729004,-111.28899383544922,399889.125
2161,49595,83,130,62914,0,341,150349,0.48399999999674037,-2332000.0,-6317000.0,768100.0,4237.0,-826.8,5979.0,5.089768409729004,-111.28899383544922,399889.125
2161,49596,83,131,13762,0,341,150349,0.7339999999967404,-2331000.0,-6317000.0,769600.0,4238.0,-825.0,5979.0,5.089768409729004,-111.28899383544922,399889.125
2161,49597,83,131,30146,0,341,150349,0.9839999999967404,-2330000.0,-6318000.0,771000.0,4239.0,-823.1,5979.0,5.089768409729004,-111.28899383544922,399889.125
2161,49598,83,131,46530,0,341,150350,0.23399999999674037,-2329000.0,-6318000.0,772500.0,4239.0,-821.3,5979.0,5.089768409729004,-111.28899383544922,399889.125
2161,49599,83,131,62914,0,341,150350,0.48399999999674037,-2328000.0,-6318000.0,774000.0,4240.0,-819.4,5978.0,5.089768409729004,-111.28899383544922,399889.125
2161,49600,83,132,13762,0,341,150350,0.7339999999967404,-2327000.0,-6318000.0,775500.0,4241.0,-817.5,5978.0,5.089768409729004,-111.28899383544922,399889.125
2161,49601,83,132,30146,0,341,150350,0.9839999999967404,-2326000.0,-6318000.0,776900.0,4242.0,-815.7,5978.0,5.089768409729004,-111.28899383544922,399889.125
2161,49602,83,132,46530,0,341,150351,0.23399999999674037,-2325000.0,-6319000.0,778400.0,4242.0,-813.8,5978.0,5.089768409729004,-111.28899383544922,399889.125
2161,49603,83,132,62914,0,341,150351,0.48399999999674037,-2324000.0,-6319000.0,779900.0,4243.0,-812.0,5977.0,5.089768409729004,-111.28899383544922,399889.125
2161,49604,83,133,13762,0,341,150351,0.7339999999967404,-2323000.0,-6319000.0,781400.0,4244.0,-810.1,5977.0,5.089768409729004,-111.28899383544922,399889.125
2161,49605,83,133,30146,0,341,150351,0.9839999999967404,-2322000.0,-6319000.0,782900.0,4244.0,-808.2,5977.0,5.089768409729004,-111.28899383544922,399889.125
2161,49606,83,133,46530,0,341,150352,0.23399999999674037,-2320000.0,-6319000.0,784400.0,4245.0,-806.4,5977.0,5.089768409729004,-111.28899383544922,399889.125
2161,49607,83,133,62914,0,341,150352,0.48399999999674037,-2319000.0,-6320000.0,785800.0,4246.0,-804.6,5976.0,5.089768409729004,-111.28899383544922,399889.125
2161,49608,83,134,13762,0,341,150352,0.7339999999967404,-2318000.0,-6320000.0,787300.0,4246.0,-802.6,5976.0,5.089768409729004,-111.28899383544922,399889.125
2161,49609,83,134,30146,0,341,150352,0.9839999999967404,-2317000.0,-6320000.0,788800.0,4247.0,-800.8,5976.0,5.089768409729004,-111.28899383544922,399889.125
2161,49610,83,134,62914,0,341,150353,0.48399999999674037,-2315000.0,-6320000.0,791800.0,4249.0,-797.1,5975.0,5.089768409729004,-111.28899383544922,399889.125
2161,49611,83,135,13762,0,341,150353,0.7339999999967404,-2314000.0,-6321000.0,793300.0,4249.0,-795.2,5975.0,5.089768409729004,-111.28899383544922,399889.125
2161,49612,83,135,30146,0,341,150353,0.9839999999967404,-2313000.0,-6321000.0,794700.0,4250.0,-793.3,5975.0,5.089768409729004,-111.28899383544922,399889.125
2161,49613,83,135,46530,0,341,150354,0.23399999999674037,-2312000.0,-6321000.0,796200.0,4251.0,-791.5,5975.0,5.089768409729004,-111.28899383544922,399889.125
2161,49614,83,135,62914,0,341,150354,0.48399999999674037,-2311000.0,-6321000.0,797700.0,4251.0,-789.6,5974.0,5.089768409729004,-111.28899383544922,399889.125
2161,49615,83,136,13762,0,341,150354,0.7339999999967404,-2310000.0,-6321000.0,799200.0,4252.0,-787.8,5974.0,5.089768409729004,-111.28899383544922,399889.125
2161,49616,83,136,30146,0,341,150354,0.9839999999967404,-2309000.0,-6322000.0,800600.0,4253.0,-785.9,5974.0,5.089768409729004,-111.28899383544922,399889.125
2161,49617,83,136,46530,0,341,150355,0.23399999999674037,-2308000.0,-6322000.0,802100.0,4254.0,-784.1,5974.0,5.089768409729004,-111.28899383544922,399889.125
2161,49618,83,136,62914,0,341,150355,0.48399999999674037,-2307000.0,-6322000.0,803600.0,4254.0,-782.2,5973.0,5.089768409729004,-111.28899383544922,399889.125
2161,49619,83,137,13762,0,341,150355,0.7339999999967404,-2306000.0,-6322000.0,805100.0,4255.0,-780.3,5973.0,5.089768409729004,-111.28899383544922,399889.125
2161,49620,83,137,30146,0,341,150355,0.9839999999967404,-2305000.0,-6322000.0,806500.0,4256.0,-778.5,5973.0,5.089768409729004,-111.28899383544922,399889.125
2161,49621,83,137,46530,0,341,150356,0.23399999999674037,-2304000.0,-6323000.0,808000.0,4256.0,-776.6,5972.0,5.089768409729004,-111.28899383544922,399889.125
2161,49622,83,137,62914,0,341,150356,0.48399999999674037,-2303000.0,-6323000.0,809500.0,4257.0,-774.8,5972.0,5.089768409729004,-111.28899383544922,399889.125
2161,49623,83,138,13762,0,341,150356,0.7339999999967404,-2302000.0,-6323000.0,811000.0,4258.0,-772.9,5972.0,5.089768409729004,-111.28899383544922,399889.125
2161,49624,83,138,30146,0,341,150356,0.9839999999967404,-2301000.0,-6323000.0,812400.0,4259.0,-771.0,5972.0,5.089768409729004,-111.28899383544922,399889.125
2161,49625,83,138,46530,0,341,150357,0.23399999999674037,-2299000.0,-6323000.0,813900.0,4259.0,-769.2,5971.0,5.089768409729004,-111.28899383544922,399889.125
2161,49626,83,138,62914,0,341,150357,0.48399999999674037,-2298000.0,-6324000.0,815400.0,4260.0,-767.3,5971.0,5.089768409729004,-111.28899383544922,399889.125
2161,49627,83,139,13762,0,341,150357,0.7339999999967404,-2297000.0,-6324000.0,816900.0,4261.0,-765.4,5971.0,5.089768409729004,-111.28899383544922,399889.125
2161,49628,83,139,30146,0,341,150357,0.7339999999967404,-2297000.0,-6324000.0,816900.0,4261.0,-765.4,5971.0,6.978524684906006,-109.9565658569336,399707.75
2161,49629,83,139,62914,0,341,150358,0.48399999999674037,-2294000.0,-6324000.0,821300.0,4263.0,-759.8,5970.0,6.978524684906006,-109.9565658569336,399707.75
2161,49630,83,140,13762,0,341,150358,0.7339999999967404,-2293000.0,-6325000.0,822800.0,4263.0,-758.0,5970.0,6.978524684906006,-109.9565658569336,399707.75
2161,49631,83,140,30146,0,341,150358,0.9839999999967404,-2292000.0,-6325000.0,824300.0,4264.0,-756.1,5970.0,6.978524684906006,-109.9565658569336,399707.75
2161,49632,83,140,46530,0,341,150359,0.23399999999674037,-2291000.0,-6325000.0,825700.0,4265.0,-754.2,5969.0,6.978524684906006,-109.9565658569336,399707.75
2161,49633,83,140,62914,0,341,150359,0.48399999999674037,-2290000.0,-6325000.0,827200.0,4266.0,-752.4,5969.0,6.978524684906006,-109.9565658569336,399707.75
2161,49634,83,141,13762,0,341,150359,0.7339999999967404,-2289000.0,-6325000.0,828700.0,4266.0,-750.5,5969.0,6.978524684906006,-109.9565658569336,399707.75
2161,49635,83,141,30146,0,341,150359,0.9839999999967404,-2288000.0,-6325000.0,830200.0,4267.0,-748.7,5969.0,6.978524684906006,-109.9565658569336,399707.75
2161,49636,83,141,46530,0,341,150360,0.23399999999674037,-2287000.0,-6326000.0,831700.0,4268.0,-746.8,5968.0,6.978524684906006,-109.9565658569336,399707.75
2161,49637,83,141,62914,0,341,150360,0.48399999999674037,-2286000.0,-6326000.0,833100.0,4268.0,-745.0,5968.0,6.978524684906006,-109.9565658569336,399707.75
2161,49638,83,142,13762,0,341,150360,0.7339999999967404,-2285000.0,-6326000.0,834600.0,4269.0,-743.1,5968.0,6.978524684906006,-109.9565658569336,399707.75
2161,49639,83,142,30146,0,341,150360,0.9839999999967404,-2284000.0,-6326000.0,836100.0,4270.0,-741.2,5968.0,6.978524684906006,-109.9565658569336,399707.75
2161,49640,83,142,46530,0,341,150361,0.23399999999674037,-2283000.0,-6326000.0,837600.0,4270.0,-739.4,5967.0,6.978524684906006,-109.9565658569336,399707.75
2161,49641,83,142,62914,0,341,150361,0.48399999999674037,-2282000.0,-6327000.0,839000.0,4271.0,-737.5,5967.0,6.978524684906006,-109.9565658569336,399707.75
2161,49642,83,143,13762,0,341,150361,0.7339999999967404,-2280000.0,-6327000.0,840600.0,4272.0,-735.7,5967.0,6.978524684906006,-109.9565658569336,399707.75
2161,49643,83,143,30146,0,341,150361,0.9839999999967404,-2279000.0,-6327000.0,842000.0,4273.0,-733.8,5966.0,6.978524684906006,-109.9565658569336,399707.75
2161,49644,83,143,46530,0,341,150362,0.23399999999674037,-2278000.0,-6327000.0,843500.0,4273.0,-731.9,5966.0,6.978524684906006,-109.9565658569336,399707.75
2161,49645,83,143,62914,0,341,150362,0.48399999999674037,-2277000.0,-6327000.0,845000.0,4274.0,-730.1,5966.0,6.978524684906006,-109.9565658569336,399707.75
2161,49646,83,144,13762,0,341,150362,0.7339999999967404,-2276000.0,-6327000.0,846400.0,4275.0,-728.2,5966.0,6.978524684906006,-109.9565658569336,399707.75
2161,49647,83,144,30146,0,341,150362,0.9839999999967404,-2275000.0,-6328000.0,847900.0,4275.0,-726.3,5965.0,6.978524684906006,-109.9565658569336,399707.75
2161,49648,83,144,46530,0,341,150363,0.23399999999674037,-2274000.0,-6328000.0,849400.0,4276.0,-724.5,5965.0,6.978524684906006,-109.9565658569336,399707.75
2161,49649,83,144,63569,0,341,150363,0.48399999999674037,-2273000.0,-6328000.0,850900.0,4277.0,-722.6,5965.0,6.978524684906006,-109.9565658569336,399707.75
2161,49650,83,145,14417,0,341,150363,0.7339999999967404,-2272000.0,-6328000.0,852400.0,4277.0,-720.8,5965.0,6.978524684906006,-109.9565658569336,399707.75
2161,49651,83,145,30801,0,341,150363,0.7339999999967404,-2272000.0,-6328000.0,852400.0,4277.0,-720.8,5965.0,7.282406806945801,-109.7408447265625,399675.1875
2161,49652,83,145,47185,0,341,150363,0.7339999999967404,-2272000.0,-6328000.0,852400.0,4277.0,-720.8,5965.0,7.295196533203125,-109.73175811767578,399671.75
2161,49653,83,145,63569,0,341,150364,0.48399999999674037,-2269000.0,-6329000.0,856800.0,4280.0,-715.2,5964.0,7.295196533203125,-109.73175811767578,399671.75
2161,49654,83,146,14417,0,341,150364,0.7339999999967404,-2268000.0,-6329000.0,858300.0,4280.0,-713.3,5963.0,7.295196533203125,-109.73175811767578,399671.75
2161,49655,83,146,30801,0,341,150364,0.9839999999967404,-2267000.0,-6329000.0,859700.0,4281.0,-711.4,5963.0,7.295196533203125,-109.73175811767578,399671.75
2161,49656,83,146,47185,0,341,150365,0.23399999999674037,-2266000.0,-6329000.0,861200.0,4282.0,-709.6,5963.0,7.295196533203125,-109.73175811767578,399671.75
2161,49657,83,146,63569,0,341,150365,0.48399999999674037,-2265000.0,-6329000.0,862700.0,4282.0,-707.7,5963.0,7.295196533203125,-109.73175811767578,399671.75
2161,49658,83,147,14417,0,341,150365,0.7339999999967404,-2264000.0,-6330000.0,864200.0,4283.0,-705.9,5962.0,7.295196533203125,-109.73175811767578,399671.75
2161,49659,83,147,30801,0,341,150365,0.9839999999967404,-2262000.0,-6330000.0,865600.0,4284.0,-704.0,5962.0,7.295196533203125,-109.73175811767578,399671.75
2161,49660,83,147,47185,0,341,150366,0.23399999999674037,-2261000.0,-6330000.0,867100.0,4284.0,-702.2,5962.0,7.295196533203125,-109.73175811767578,399671.75
2161,49661,83,147,63569,0,341,150366,0.48399999999674037,-2260000.0,-6330000.0,868600.0,4285.0,-700.3,5961.0,7.295196533203125,-109.73175811767578,399671.75
2161,49662,83,148,14417,0,341,150366,0.7339999999967404,-2259000.0,-6330000.0,870100.0,4286.0,-698.4,5961.0,7.295196533203125,-109.73175811767578,399671.75
2161,49663,83,148,30801,0,341,150366,0.9839999999967404,-2258000.0,-6330000.0,871500.0,4286.0,-696.6,5961.0,7.295196533203125,-109.73175811767578,399671.75
2161,49664,83,148,47185,0,341,150367,0.23399999999674037,-2257000.0,-6331000.0,873000.0,4287.0,-694.7,5961.0,7.295196533203125,-109.73175811767578,399671.75
2161,49665,83,148,63569,0,341,150367,0.48399999999674037,-2256000.0,-6331000.0,874500.0,4288.0,-692.9,5960.0,7.295196533203125,-109.73175811767578,399671.75
2161,49666,83,149,14417,0,341,150367,0.7339999999967404,-2255000.0,-6331000.0,876000.0,4289.0,-691.0,5960.0,7.295196533203125,-109.73175811767578,399671.75
2161,49667,83,149,31457,0,341,150367,0.9839999999967404,-2254000.0,-6331000.0,877400.0,4289.0,-689.1,5960.0,7.295196533203125,-109.73175811767578,399671.75
2161,49668,83,149,47841,0,341,150368,0.23399999999674037,-2253000.0,-6331000.0,878900.0,4290.0,-687.2,5960.0,7.295196533203125,-109.73175811767578,399671.75
2161,49669,83,149,64225,0,341,150368,0.48399999999674037,-2252000.0,-6331000.0,880400.0,4291.0,-685.4,5959.0,7.295196533203125,-109.73175811767578,399671.75
2161,49670,83,150,31457,0,341,150368,0.9839999999967404,-2250000.0,-6332000.0,883300.0,4292.0,-681.7,5959.0,7.295196533203125,-109.73175811767578,399671.75
2161,49671,83,150,47841,0,341,150369,0.23399999999674037,-2249000.0,-6332000.0,884800.0,4293.0,-679.8,5958.0,7.295196533203125,-109.73175811767578,399671.75
2161,49672,83,150,64225,0,341,150369,0.48399999999674037,-2248000.0,-6332000.0,886300.0,4293.0,-677.9,5958.0,7.295196533203125,-109.73175811767578,399671.75
2161,49673,83,151,15073,0,341,150369,0.7339999999967404,-2247000.0,-6332000.0,887800.0,4294.0,-676.1,5958.0,7.295196533203125,-109.73175811767578,399671.75
2161,49674,83,151,31457,0,341,150369,0.9839999999967404,-2246000.0,-6332000.0,889200.0,4295.0,-674.2,5958.0,7.295196533203125,-109.73175811767578,399671.75
2161,49675,83,151,47841,0,341,150370,0.23399999999674037,-2244000.0,-6333000.0,890700.0,4295.0,-672.3,5957.0,7.295196533203125,-109.73175811767578,399671.75
2161,49676,83,151,64225,0,341,150370,0.48399999999674037,-2243000.0,-6333000.0,892200.0,4296.0,-670.5,5957.0,7.295196533203125,-109.73175811767578,399671.75
2161,49677,83,152,15073,0,341,150370,0.7339999999967404,-2242000.0,-6333000.0,893700.0,4297.0,-668.6,5957.0,7.295196533203125,-109.73175811767578,399671.75
2161,49678,83,152,31457,0,341,150370,0.9839999999967404,-2241000.0,-6333000.0,895100.0,4298.0,-666.8,5956.0,7.295196533203125,-109.73175811767578,399671.75
2161,49679,83,152,47841,0,341,150371,0.23399999999674037,-2240000.0,-6333000.0,896600.0,4298.0,-664.9,5956.0,7.295196533203125,-109.73175811767578,399671.75
2161,49680,83,152,64225,0,341,150371,0.48399999999674037,-2239000.0,-6333000.0,898100.0,4299.0,-663.0,5956.0,7.295196533203125,-109.73175811767578,399671.75
2161,49681,83,153,15073,0,341,150371,0.7339999999967404,-2238000.0,-6334000.0,899600.0,4300.0,-661.2,5956.0,7.295196533203125,-109.73175811767578,399671.75
2161,49682,83,153,32112,0,341,150371,0.9839999999967404,-2237000.0,-6334000.0,901000.0,4300.0,-659.2,5955.0,7.295196533203125,-109.73175811767578,399671.75
2161,49683,83,153,48496,0,341,150372,0.23399999999674037,-2236000.0,-6334000.0,902500.0,4301.0,-657.4,5955.0,7.295196533203125,-109.73175811767578,399671.75
2161,49684,83,153,64880,0,341,150372,0.23399999999674037,-2236000.0,-6334000.0,902500.0,4301.0,-657.4,5955.0,7.712986469268799,-109.43451690673828,399627.0
2161,49685,83,154,15728,0,341,150372,0.7339999999967404,-2234000.0,-6334000.0,905500.0,4302.0,-653.7,5954.0,7.712986469268799,-109.43451690673828,399627.0
2161,49686,83,154,32112,0,341,150372,0.9839999999967404,-2233000.0,-6334000.0,906900.0,4303.0,-651.8,5954.0,7.712986469268799,-109.43451690673828,399627.0
2161,49687,83,154,48496,0,341,150373,0.23399999999674037,-2232000.0,-6335000.0,908400.0,4304.0,-650.0,5954.0,7.712986469268799,-109.43451690673828,399627.0
2161,49688,83,154,64880,0,341,150373,0.48399999999674037,-2231000.0,-6335000.0,909900.0,4304.0,-648.1,5954.0,7.712986469268799,-109.43451690673828,399627.0
2161,49689,83,155,15728,0,341,150373,0.7339999999967404,-2230000.0,-6335000.0,911300.0,4305.0,-646.3,5953.0,7.712986469268799,-109.43451690673828,399627.0
2161,49690,83,155,32112,0,341,150373,0.9839999999967404,-2229000.0,-6335000.0,912800.0,4306.0,-644.4,5953.0,7.712986469268799,-109.43451690673828,399627.0
2161,49691,83,155,48496,0,341,150374,0.23399999999674037,-2227000.0,-6335000.0,914300.0,4307.0,-642.6,5953.0,7.712986469268799,-109.43451690673828,399627.0
2161,49692,83,155,64880,0,341,150374,0.48399999999674037,-2226000.0,-6335000.0,915800.0,4307.0,-640.7,5952.0,7.712986469268799,-109.43451690673828,399627.0
2161,49693,83,156,15728,0,341,150374,0.7339999999967404,-2225000.0,-6336000.0,917200.0,4308.0,-638.8,5952.0,7.712986469268799,-109.43451690673828,399627.0
2161,49694,83,156,32112,0,341,150374,0.9839999999967404,-2224000.0,-6336000.0,918700.0,4309.0,-636.9,5952.0,7.712986469268799,-109.43451690673828,399627.0
2161,49695,83,156,48496,0,341,150375,0.23399999999674037,-2223000.0,-6336000.0,920200.0,4309.0,-635.1,5951.0,7.712986469268799,-109.43451690673828,399627.0
2161,49696,83,156,64880,0,341,150375,0.48399999999674037,-2222000.0,-6336000.0,921600.0,4310.0,-633.2,5951.0,7.712986469268799,-109.43451690673828,399627.0
2161,49697,83,157,15728,0,341,150375,0.7339999999967404,-2221000.0,-6336000.0,923100.0,4311.0,-631.3,5951.0,7.712986469268799,-109.43451690673828,399627.0
2161,49698,83,157,32112,0,341,150375,0.9839999999967404,-2220000.0,-6336000.0,924600.0,4311.0,-629.5,5951.0,7.712986469268799,-109.43451690673828,399627.0
2161,49699,83,157,48496,0,341,150376,0.23399999999674037,-2219000.0,-6336000.0,926000.0,4312.0,-627.6,5950.0,7.712986469268799,-109.43451690673828,399627.0
2161,49700,83,157,64880,0,341,150376,0.48399999999674037,-2218000.0,-6337000.0,927500.0,4313.0,-625.8,5950.0,7.712986469268799,-109.43451690673828,399627.0
2161,49701,83,158,15728,0,341,150376,0.7339999999967404,-2217000.0,-6337000.0,929000.0,4313.0,-623.9,5950.0,7.712986469268799,-109.43451690673828,399627.0
2161,49702,83,158,32768,0,341,150376,0.9839999999967404,-2216000.0,-6337000.0,930500.0,4314.0,-622.0,5949.0,7.712986469268799,-109.43451690673828,399627.0
2161,49703,83,158,49152,0,341,150377,0.23399999999674037,-2215000.0,-6337000.0,931900.0,4315.0,-620.2,5949.0,7.712986469268799,-109.43451690673828,399627.0
2161,49704,83,159,0,0,341,150377,0.23399999999674037,-2215000.0,-6337000.0,931900.0,4315.0,-620.2,5949.0,7.965944290161133,-109.2541275024414,399588.3125
2161,49705,83,159,16384,0,341,150377,0.7339999999967404,-2212000.0,-6337000.0,934900.0,4316.0,-616.4,5949.0,7.965944290161133,-109.2541275024414,399588.3125
2161,49706,83,159,32768,0,341,150377,0.9839999999967404,-2211000.0,-6338000.0,936300.0,4317.0,-614.6,5948.0,7.965944290161133,-109.2541275024414,399588.3125
2161,49707,83,159,49152,0,341,150378,0.23399999999674037,-2210000.0,-6338000.0,937800.0,4317.0,-612.7,5948.0,7.965944290161133,-109.2541275024414,399588.3125
2161,49708,83,160,0,0,341,150378,0.48399999999674037,-2209000.0,-6338000.0,939300.0,4318.0,-610.8,5948.0,7.965944290161133,-109.2541275024414,399588.3125
2161,49709,83,160,16384,0,341,150378,0.7339999999967404,-2208000.0,-6338000.0,940800.0,4319.0,-609.0,5947.0,7.965944290161133,-109.2541275024414,399588.3125
2161,49710,83,161,0,0,341,150379,0.48399999999674037,-2205000.0,-6338000.0,945200.0,4321.0,-603.4,5946.0,7.965944290161133,-109.2541275024414,399588.3125
2161,49711,83,161,16384,0,341,150379,0.7339999999967404,-2204000.0,-6339000.0,946700.0,4322.0,-601.5,5946.0,7.965944290161133,-109.2541275024414,399588.3125
2161,49712,83,161,32768,0,341,150379,0.9839999999967404,-2203000.0,-6339000.0,948100.0,4322.0,-599.6,5946.0,7.965944290161133,-109.2541275024414,399588.3125
2161,49713,83,161,49152,0,341,150380,0.23399999999674037,-2202000.0,-6339000.0,949600.0,4323.0,-597.8,5945.0,7.965944290161133,-109.2541275024414,399588.3125
2161,49714,83,162,0,0,341,150380,0.48399999999674037,-2201000.0,-6339000.0,951100.0,4324.0,-595.9,5945.0,7.965944290161133,-109.2541275024414,399588.3125
2161,49715,83,162,16384,0,341,150380,0.7339999999967404,-2200000.0,-6339000.0,952600.0,4324.0,-594.1,5945.0,7.965944290161133,-109.2541275024414,399588.3125
2161,49716,83,162,32768,0,341,150380,0.9839999999967404,-2199000.0,-6339000.0,954000.0,4325.0,-592.2,5945.0,7.965944290161133,-109.2541275024414,399588.3125
2161,49717,83,162,49152,0,341,150381,0.23399999999674037,-2198000.0,-6339000.0,955500.0,4326.0,-590.3,5944.0,7.965944290161133,-109.2541275024414,399588.3125
2161,49718,83,163,0,0,341,150381,0.48399999999674037,-2196000.0,-6340000.0,957000.0,4326.0,-588.5,5944.0,7.965944290161133,-109.2541275024414,399588.3125
2161,49719,83,163,16384,0,341,150381,0.7339999999967404,-2195000.0,-6340000.0,958500.0,4327.0,-586.6,5944.0,7.965944290161133,-109.2541275024414,399588.3125
2161,49720,83,163,32768,0,341,150381,0.9839999999967404,-2194000.0,-6340000.0,959900.0,4328.0,-584.8,5943.0,7.965944290161133,-109.2541275024414,399588.3125
2161,49721,83,163,49152,0,341,150382,0.23399999999674037,-2193000.0,-6340000.0,961400.0,4328.0,-582.9,5943.0,7.965944290161133,-109.2541275024414,399588.3125
2161,49722,83,164,655,0,341,150382,0.48399999999674037,-2192000.0,-6340000.0,962900.0,4329.0,-581.0,5943.0,7.965944290161133,-109.2541275024414,399588.3125
2161,49723,83,164,17039,0,341,150382,0.7339999999967404,-2191000.0,-6340000.0,964300.0,4330.0,-579.2,5942.0,7.965944290161133,-109.2541275024414,399588.3125
2161,49724,83,164,33423,0,341,150382,0.9839999999967404,-2190000.0,-6340000.0,9.658,8.0,10.0,1.0,7.965944290161133,-109.2541275024414,399588.3125
2161,49725,83,165,655,0,341,150383,0.48399999999674037,-2188000.0,-6341000.0,968800.0,4332.0,-573.6,5942.0,7.965944290161133,-109.2541275024414,399588.3125
2161,49726,83,165,17039,0,341,150383,0.7339999999967404,-2187000.0,-6341000.0,970200.0,4332.0,-571.7,5941.0,7.965944290161133,-109.2541275024414,399588.3125
2161,49727,83,165,33423,0,341,150383,0.9839999999967404,-2186000.0,-6341000.0,971700.0,4333.0,-569.8,5941.0,7.965944290161133,-109.2541275024414,399588.3125
2161,49728,83,165,49807,0,341,150384,0.23399999999674037,-2185000.0,-6341000.0,973100.0,4334.0,-568.0,5941.0,7.965944290161133,-109.2541275024414,399588.3125
2161,49729,83,166,655,0,341,150384,0.48399999999674037,-2184000.0,-6341000.0,974600.0,4334.0,-566.1,5940.0,7.965944290161133,-109.2541275024414,399588.3125
2161,49730,83,166,17039,0,341,150384,0.7339999999967404,-2183000.0,-6341000.0,976100.0,4335.0,-564.3,5940.0,7.965944290161133,-109.2541275024414,399588.3125
2161,49731,83,166,33423,0,341,150384,0.9839999999967404,-2182000.0,-6342000.0,977500.0,4336.0,-562.4,5940.0,7.965944290161133,-109.2541275024414,399588.3125
2161,49732,83,166,49807,0,341,150385,0.23399999999674037,-2180000.0,-6342000.0,979000.0,4336.0,-560.5,5939.0,7.965944290161133,-109.2541275024414,399588.3125
2161,49733,83,167,655,0,341,150385,0.48399999999674037,-2179000.0,-6342000.0,980500.0,4337.0,-558.7,5939.0,7.965944290161133,-109.2541275024414,399588.3125
2161,49734,83,167,17039,0,341,150385,0.7339999999967404,-2178000.0,-6342000.0,982000.0,4338.0,-556.8,5939.0,7.965944290161133,-109.2541275024414,399588.3125
2161,49735,83,167,33423,0,341,150385,0.9839999999967404,-2177000.0,-6342000.0,983400.0,4339.0,-554.9,5938.0,7.965944290161133,-109.2541275024414,399588.3125
2161,49736,83,167,50462,0,341,150386,0.23399999999674037,-2176000.0,-6342000.0,984900.0,4339.0,-553.0,5938.0,7.965944290161133,-109.2541275024414,399588.3125
2161,49737,83,168,1310,0,341,150386,0.48399999999674037,-2175000.0,-6342000.0,986400.0,4340.0,-551.2,5938.0,7.965944290161133,-109.2541275024414,399588.3125
2161,49738,83,168,17694,0,341,150386,0.48399999999674037,-2175000.0,-6342000.0,986400.0,4340.0,-551.2,5938.0,8.433874130249023,-108.91960144042969,399516.1875
2161,49739,83,168,34078,0,341,150386,0.9839999999967404,-2173000.0,-6343000.0,989300.0,4341.0,-547.5,5937.0,8.433874130249023,-108.91960144042969,399516.1875
2161,49740,83,168,50462,0,341,150387,0.23399999999674037,-2172000.0,-6343000.0,990800.0,4342.0,-545.6,5937.0,8.433874130249023,-108.91960144042969,399516.1875
2161,49741,83,169,1310,0,341,150387,0.48399999999674037,-2171000.0,-6343000.0,992300.0,4343.0,-543.7,5936.0,8.433874130249023,-108.91960144042969,399516.1875
2161,49742,83,169,17694,0,341,150387,0.7339999999967404,-2170000.0,-6343000.0,993700.0,4343.0,-541.9,5936.0,8.433874130249023,-108.91960144042969,399516.1875
2161,49743,83,169,34078,0,341,150387,0.9839999999967404,-2169000.0,-6343000.0,995200.0,4344.0,-540.0,5936.0,8.433874130249023,-108.91960144042969,399516.1875
2161,49744,83,169,50462,0,341,150388,0.23399999999674037,-2168000.0,-6343000.0,996600.0,4345.0,-538.1,5936.0,8.433874130249023,-108.91960144042969,399516.1875
2161,49745,83,170,1310,0,341,150388,0.48399999999674037,-2166000.0,-6344000.0,998100.0,4345.0,-536.2,5935.0,8.433874130249023,-108.91960144042969,399516.1875
2161,49746,83,170,17694,0,341,150388,0.7339999999967404,-2165000.0,-6344000.0,999600.0,4346.0,-534.4,5935.0,8.433874130249023,-108.91960144042969,399516.1875
2161,49747,83,170,34078,0,341,150388,0.9839999999967404,-2164000.0,-6344000.0,1001000.0,4347.0,-532.5,5935.0,8.433874130249023,-108.91960144042969,399516.1875
2161,49748,83,170,50462,0,341,150389,0.23399999999674037,-2163000.0,-6344000.0,1003000.0,4347.0,-530.7,5934.0,8.433874130249023,-108.91960144042969,399516.1875
2161,49749,83,171,1310,0,341,150389,0.48399999999674037,-2162000.0,-6344000.0,1004000.0,4348.0,-528.8,5934.0,8.433874130249023,-108.91960144042969,399516.1875
2161,49750,83,171,17694,0,341,150389,0.7339999999967404,-2161000.0,-6344000.0,1005000.0,4349.0,-526.9,5934.0,8.433874130249023,-108.91960144042969,399516.1875
2161,49751,83,171,34734,0,341,150389,0.9839999999967404,-2160000.0,-6344000.0,1007000.0,4349.0,-525.1,5933.0,8.433874130249023,-108.91960144042969,399516.1875
2161,49752,83,171,51118,0,341,150390,0.23399999999674037,-2159000.0,-6344000.0,1008000.0,4350.0,-523.3,5933.0,8.433874130249023,-108.91960144042969,399516.1875
2161,49753,83,172,1966,0,341,150390,0.23399999999674037,-2159000.0,-6344000.0,1008000.0,4350.0,-523.3,5933.0,8.623239517211914,-108.78382873535156,399491.46875
2161,49754,83,172,18350,0,341,150390,0.23399999999674037,-2159000.0,-6344000.0,1008000.0,4350.0,-523.3,5933.0,8.636043548583984,-108.77462005615234,399498.59375
2161,49755,83,172,34734,0,341,150390,0.9839999999967404,-2156000.0,-6345000.0,1013000.0,4352.0,-517.6,5932.0,8.636043548583984,-108.77462005615234,399498.59375
2161,49756,83,172,51118,0,341,150391,0.23399999999674037,-2155000.0,-6345000.0,1014000.0,4353.0,-515.8,5932.0,8.636043548583984,-108.77462005615234,399498.59375
2161,49757,83,173,1966,0,341,150391,0.48399999999674037,-2154000.0,-6345000.0,1016000.0,4353.0,-513.9,5931.0,8.636043548583984,-108.77462005615234,399498.59375
2161,49758,83,173,18350,0,341,150391,0.7339999999967404,-2152000.0,-6345000.0,1017000.0,4354.0,-512.0,5931.0,8.636043548583984,-108.77462005615234,399498.59375
2161,49759,83,173,34734,0,341,150391,0.9839999999967404,-2151000.0,-6345000.0,1019000.0,4355.0,-510.2,5931.0,8.636043548583984,-108.77462005615234,399498.59375
2161,49760,83,173,51118,0,341,150392,0.23399999999674037,-2150000.0,-6345000.0,1020000.0,4355.0,-508.3,5930.0,8.636043548583984,-108.77462005615234,399498.59375
2161,49761,83,174,1966,0,341,150392,0.48399999999674037,-2149000.0,-6346000.0,1022000.0,4356.0,-506.5,5930.0,8.636043548583984,-108.77462005615234,399498.59375
2161,49762,83,174,18350,0,341,150392,0.7339999999967404,-2148000.0,-6346000.0,1023000.0,4357.0,-504.6,5930.0,8.636043548583984,-108.77462005615234,399498.59375
2161,49763,83,174,34734,0,341,150392,0.9839999999967404,-2147000.0,-6346000.0,1025000.0,4357.0,-502.7,5929.0,8.636043548583984,-108.77462005615234,399498.59375
2161,49764,83,174,51118,0,341,150393,0.23399999999674037,-2146000.0,-6346000.0,1026000.0,4358.0,-500.8,5929.0,8.636043548583984,-108.77462005615234,399498.59375
2161,49765,83,175,1966,0,341,150393,0.48399999999674037,-2145000.0,-6346000.0,1027000.0,4359.0,-499.0,5929.0,8.636043548583984,-108.77462005615234,399498.59375
2161,49766,83,175,18350,0,341,150393,0.7339999999967404,-2144000.0,-6346000.0,1029000.0,4359.0,-497.1,5928.0,8.636043548583984,-108.77462005615234,399498.59375
2161,49767,83,175,34734,0,341,150393,0.9839999999967404,-2143000.0,-6346000.0,1030000.0,4360.0,-495.3,5928.0,8.636043548583984,-108.77462005615234,399498.59375
2161,49768,83,175,51118,0,341,150394,0.23399999999674037,-2142000.0,-6346000.0,1032000.0,4361.0,-493.4,5928.0,8.636043548583984,-108.77462005615234,399498.59375
2161,49769,83,176,1966,0,341,150394,0.48399999999674037,-2141000.0,-6347000.0,1033000.0,4361.0,-491.5,5927.0,8.636043548583984,-108.77462005615234,399498.59375
2161,49770,83,176,18350,0,341,150394,0.7339999999967404,-2140000.0,-6347000.0,1035000.0,4362.0,-489.6,5927.0,8.636043548583984,-108.77462005615234,399498.59375
2161,49771,83,176,34734,0,341,150394,0.9839999999967404,-2139000.0,-6347000.0,1036000.0,4363.0,-487.8,5927.0,8.636043548583984,-108.77462005615234,399498.59375
2161,49772,83,176,51118,0,341,150395,0.23399999999674037,-2137000.0,-6347000.0,1038000.0,4363.0,-485.9,5926.0,8.636043548583984,-108.77462005615234,399498.59375
2161,49773,83,177,1966,0,341,150395,0.48399999999674037,-2136000.0,-6347000.0,1039000.0,4364.0,-484.0,5926.0,8.636043548583984,-108.77462005615234,399498.59375
2161,49774,83,177,18350,0,341,150395,0.7339999999967404,-2135000.0,-6347000.0,1041000.0,4365.0,-482.2,5926.0,8.636043548583984,-108.77462005615234,399498.59375
2161,49775,83,177,34734,0,341,150395,0.9839999999967404,-2134000.0,-6347000.0,1042000.0,4365.0,-480.3,5925.0,8.636043548583984,-108.77462005615234,399498.59375
2161,49776,83,177,51118,0,341,150396,0.23399999999674037,-2133000.0,-6347000.0,1044000.0,4366.0,-478.5,5925.0,8.636043548583984,-108.77462005615234,399498.59375
2161,49777,83,178,1966,0,341,150396,0.48399999999674037,-2132000.0,-6348000.0,1045000.0,4367.0,-476.6,5925.0,8.636043548583984,-108.77462005615234,399498.59375
2161,49778,83,178,18350,0,341,150396,0.7339999999967404,-2131000.0,-6348000.0,1047000.0,4367.0,-474.8,5924.0,8.636043548583984,-108.77462005615234,399498.59375
2161,49779,83,178,34734,0,341,150396,0.9839999999967404,-2130000.0,-6348000.0,1048000.0,4368.0,-472.9,5924.0,8.636043548583984,-108.77462005615234,399498.59375
2161,49780,83,179,1966,0,341,150397,0.48399999999674037,-2128000.0,-6348000.0,1051000.0,4369.0,-469.1,5923.0,8.636043548583984,-108.77462005615234,399498.59375
2161,49781,83,179,18350,0,341,150397,0.7339999999967404,-2127000.0,-6348000.0,1052000.0,4370.0,-467.3,5923.0,8.636043548583984,-108.77462005615234,399498.59375
2161,49782,83,179,34734,0,341,150397,0.9839999999967404,-2126000.0,-6348000.0,1054000.0,4371.0,-465.4,5923.0,8.636043548583984,-108.77462005615234,399498.59375
2161,49783,83,179,51118,0,341,150398,0.23399999999674037,-2124000.0,-6348000.0,1055000.0,4371.0,-463.6,5922.0,8.636043548583984,-108.77462005615234,399498.59375
2161,49784,83,180,1966,0,341,150398,0.48399999999674037,-2123000.0,-6348000.0,1057000.0,4372.0,-461.7,5922.0,8.636043548583984,-108.77462005615234,399498.59375
2161,49785,83,180,18350,0,341,150398,0.7339999999967404,-2122000.0,-6349000.0,1058000.0,4373.0,-459.8,5922.0,8.636043548583984,-108.77462005615234,399498.59375
2161,49786,83,180,34734,0,341,150398,0.9839999999967404,-2121000.0,-6349000.0,1060000.0,4373.0,-457.9,5921.0,8.636043548583984,-108.77462005615234,399498.59375
2161,49787,83,180,51118,0,341,150399,0.23399999999674037,-2120000.0,-6349000.0,1061000.0,4374.0,-456.1,5921.0,8.636043548583984,-108.77462005615234,399498.59375
2161,49788,83,181,1966,0,341,150399,0.48399999999674037,-2119000.0,-6349000.0,1063000.0,4375.0,-454.2,5921.0,8.636043548583984,-108.77462005615234,399498.59375
2161,49789,83,181,18350,0,341,150399,0.7339999999967404,-2118000.0,-6349000.0,1064000.0,4375.0,-452.3,5920.0,8.636043548583984,-108.77462005615234,399498.59375
2161,49790,83,181,34734,0,341,150399,0.9839999999967404,-2117000.0,-6349000.0,1066000.0,4376.0,-450.5,5920.0,8.636043548583984,-108.77462005615234,399498.59375
2161,49791,83,181,51118,0,341,150400,0.23399999999674037,-2116000.0,-6349000.0,1067000.0,4376.0,-448.6,5920.0,8.636043548583984,-108.77462005615234,399498.59375
2161,49792,83,182,1966,0,341,150400,0.48399999999674037,-2115000.0,-6349000.0,1069000.0,4377.0,-446.7,5919.0,8.636043548583984,-108.77462005615234,399498.59375
2161,49793,83,182,18350,0,341,150400,0.7339999999967404,-2114000.0,-6349000.0,1070000.0,4378.0,-444.9,5919.0,8.636043548583984,-108.77462005615234,399498.59375
2161,49794,83,182,34734,0,341,150400,0.9839999999967404,-2113000.0,-6350000.0,1071000.0,4378.0,-443.0,5919.0,8.636043548583984,-108.77462005615234,399498.59375
2161,49795,83,182,51773,0,341,150401,0.23399999999674037,-2111000.0,-6350000.0,1073000.0,4379.0,-441.1,5918.0,8.636043548583984,-108.77462005615234,399498.59375
2161,49796,83,183,2621,0,341,150401,0.48399999999674037,-2110000.0,-6350000.0,1074000.0,4380.0,-439.2,5918.0,8.636043548583984,-108.77462005615234,399498.59375
2161,49797,83,183,19005,0,341,150401,0.7339999999967404,-2109000.0,-6350000.0,1076000.0,4380.0,-437.4,5918.0,8.636043548583984,-108.77462005615234,399498.59375
2161,49798,83,183,35389,0,341,150401,0.7339999999967404,-2109000.0,-6350000.0,1076000.0,4380.0,-437.4,5918.0,9.203911781311035,-108.36653137207031,399403.125
2161,49799,83,183,51773,0,341,150402,0.23399999999674037,-2107000.0,-6350000.0,1079000.0,4382.0,-433.7,5917.0,9.203911781311035,-108.36653137207031,399403.125
2161,49800,83,184,2621,0,341,150402,0.48399999999674037,-2106000.0,-6350000.0,1080000.0,4382.0,-431.8,5917.0,9.203911781311035,-108.36653137207031,399403.125
2161,49801,83,184,19005,0,341,150402,0.7339999999967404,-2105000.0,-6350000.0,1082000.0,4383.0,-430.0,5916.0,9.203911781311035,-108.36653137207031,399403.125
2161,49802,83,184,35389,0,341,150402,0.9839999999967404,-2104000.0,-6350000.0,1083000.0,4384.0,-428.1,5916.0,9.203911781311035,-108.36653137207031,399403.125
2161,49803,83,184,51773,0,341,150403,0.23399999999674037,-2103000.0,-6351000.0,1085000.0,4384.0,-426.2,5916.0,9.203911781311035,-108.36653137207031,399403.125
2161,49804,83,185,2621,0,341,150403,0.48399999999674037,-2102000.0,-6351000.0,1086000.0,4385.0,-424.4,5915.0,9.203911781311035,-108.36653137207031,399403.125
2161,49805,83,185,19005,0,341,150403,0.7339999999967404,-2101000.0,-6351000.0,1088000.0,4386.0,-422.5,5915.0,9.203911781311035,-108.36653137207031,399403.125
2161,49806,83,185,35389,0,341,150403,0.9839999999967404,-2100000.0,-6351000.0,1089000.0,4386.0,-420.6,5915.0,9.203911781311035,-108.36653137207031,399403.125
2161,49807,83,185,51773,0,341,150404,0.23399999999674037,-2098000.0,-6351000.0,1091000.0,4387.0,-418.8,5914.0,9.203911781311035,-108.36653137207031,399403.125
2161,49808,83,186,2621,0,341,150404,0.48399999999674037,-2097000.0,-6351000.0,1092000.0,4388.0,-416.9,5914.0,9.203911781311035,-108.36653137207031,399403.125
2161,49809,83,186,19005,0,341,150404,0.7339999999967404,-2096000.0,-6351000.0,1093000.0,4388.0,-415.1,5913.0,9.203911781311035,-108.36653137207031,399403.125
2161,49810,83,186,35389,0,341,150404,0.9839999999967404,-2095000.0,-6351000.0,1095000.0,4389.0,-413.2,5913.0,9.203911781311035,-108.36653137207031,399403.125
2161,49811,83,186,51773,0,341,150405,0.23399999999674037,-2094000.0,-6351000.0,1096000.0,4390.0,-411.3,5913.0,9.203911781311035,-108.36653137207031,399403.125
2161,49812,83,187,2621,0,341,150405,0.48399999999674037,-2093000.0,-6351000.0,1098000.0,4390.0,-409.4,5912.0,9.203911781311035,-108.36653137207031,399403.125
2161,49813,83,187,19005,0,341,150405,0.7339999999967404,-2092000.0,-6352000.0,1099000.0,4391.0,-407.6,5912.0,9.203911781311035,-108.36653137207031,399403.125
2161,49814,83,187,35389,0,341,150405,0.9839999999967404,-2091000.0,-6352000.0,1101000.0,4392.0,-405.7,5912.0,9.203911781311035,-108.36653137207031,399403.125
2161,49815,83,187,51773,0,341,150406,0.23399999999674037,-2090000.0,-6352000.0,1102000.0,4392.0,-403.9,5911.0,9.203911781311035,-108.36653137207031,399403.125
2161,49816,83,188,2621,0,341,150406,0.23399999999674037,-2090000.0,-6352000.0,1102000.0,4392.0,-403.9,5911.0,9.43126106262207,0.01666666753590107,341.0
2161,49817,83,188,19005,0,341,150406,0.7339999999967404,-2088000.0,-6352000.0,1105000.0,4393.0,-400.1,5911.0,9.43126106262207,0.01666666753590107,341.0
2161,49818,83,188,35389,0,341,150406,0.9839999999967404,-2087000.0,-6352000.0,1107000.0,4394.0,-398.2,5910.0,9.43126106262207,0.01666666753590107,341.0
2161,49819,83,188,51773,0,341,150407,0.23399999999674037,-2085000.0,-6352000.0,1108000.0,4395.0,-396.3,5910.0,9.43126106262207,0.01666666753590107,341.0
2161,49820,83,189,2621,0,341,150407,0.48399999999674037,-2084000.0,-6352000.0,1110000.0,4395.0,-394.5,5910.0,9.43126106262207,0.01666666753590107,341.0
2161,49821,83,189,19005,0,341,150407,0.7339999999967404,-2083000.0,-6352000.0,1111000.0,4396.0,-392.6,5909.0,9.43126106262207,0.01666666753590107,341.0
2161,49822,83,189,35389,0,341,150407,0.9839999999967404,-2082000.0,-6352000.0,1112000.0,4397.0,-390.8,5909.0,9.43126106262207,0.01666666753590107,341.0
2161,49823,83,189,51773,0,341,150408,0.23399999999674037,-2081000.0,-6353000.0,1114000.0,4397.0,-388.9,5909.0,9.43126106262207,0.01666666753590107,341.0
2161,49824,83,190,2621,0,341,150408,0.48399999999674037,-2080000.0,-6353000.0,1115000.0,4398.0,-387.0,5908.0,9.43126106262207,0.01666666753590107,341.0
2161,49825,83,190,19005,0,341,150408,0.7339999999967404,-2079000.0,-6353000.0,1117000.0,4399.0,-385.2,5908.0,9.43126106262207,0.01666666753590107,341.0
2161,49826,83,190,35389,0,341,150408,0.9839999999967404,-2078000.0,-6353000.0,1118000.0,4399.0,-383.3,5907.0,9.43126106262207,0.01666666753590107,341.0
2161,49827,83,190,51773,0,341,150409,0.23399999999674037,-2077000.0,-6353000.0,1120000.0,4400.0,-381.4,5907.0,9.43126106262207,0.01666666753590107,341.0
2161,49828,83,191,2621,0,341,150409,0.48399999999674037,-2076000.0,-6353000.0,1121000.0,4401.0,-379.5,5907.0,9.43126106262207,0.01666666753590107,341.0
2161,49829,83,191,19005,0,341,150409,0.7339999999967404,-2075000.0,-6353000.0,1123000.0,4401.0,-377.7,5906.0,9.43126106262207,0.01666666753590107,341.0
2161,49830,83,191,35389,0,341,150409,0.9839999999967404,-2074000.0,-6353000.0,1124000.0,4402.0,-375.8,5906.0,9.43126106262207,0.01666666753590107,341.0
2161,49831,83,191,51773,0,341,150410,0.23399999999674037,-2072000.0,-6353000.0,1126000.0,4403.0,-374.0,5906.0,9.43126106262207,0.01666666753590107,341.0
2161,49832,83,192,2621,0,341,150410,0.48399999999674037,-2071000.0,-6353000.0,1127000.0,4403.0,-372.1,5905.0,9.43126106262207,0.01666666753590107,341.0
2161,49833,83,192,19660,0,341,150410,0.7339999999967404,-2070000.0,-6353000.0,1129000.0,4404.0,-370.2,5905.0,9.43126106262207,0.01666666753590107,341.0
2161,49834,83,192,36044,0,341,150410,0.9839999999967404,-2069000.0,-6354000.0,1130000.0,4405.0,-368.4,5905.0,9.43126106262207,0.01666666753590107,341.0
2161,49835,83,192,52428,0,341,150411,0.23399999999674037,-2068000.0,-6354000.0,1131000.0,4405.0,-366.5,5904.0,9.43126106262207,0.01666666753590107,341.0
2161,49836,83,193,3276,0,341,150411,0.23399999999674037,-2068000.0,-6354000.0,1131000.0,4405.0,-366.5,5904.0,9.683552742004395,-108.02024841308594,399322.0
2161,49837,83,193,36044,0,341,150411,0.9839999999967404,-2065000.0,-6354000.0,1136000.0,4407.0,-360.9,5903.0,9.683552742004395,-108.02024841308594,399322.0
2161,49838,83,193,52428,0,341,150412,0.23399999999674037,-2064000.0,-6354000.0,1137000.0,4408.0,-359.0,5903.0,9.683552742004395,-108.02024841308594,399322.0
2161,49839,83,194,3276,0,341,150412,0.48399999999674037,-2063000.0,-6354000.0,1139000.0,4408.0,-357.2,5902.0,9.683552742004395,-108.02024841308594,399322.0
2161,49840,83,194,19660,0,341,150412,0.7339999999967404,-2061000.0,-6354000.0,1140000.0,4409.0,-355.3,5902.0,9.683552742004395,-108.02024841308594,399322.0
2161,49841,83,194,36044,0,341,150412,0.9839999999967404,-2060000.0,-6354000.0,1142000.0,4410.0,-353.5,5902.0,9.683552742004395,-108.02024841308594,399322.0
2161,49842,83,194,52428,0,341,150413,0.23399999999674037,-2059000.0,-6354000.0,1143000.0,4410.0,-351.6,5901.0,9.683552742004395,-108.02024841308594,399322.0
2161,49843,83,195,3276,0,341,150413,0.48399999999674037,-2058000.0,-6354000.0,1145000.0,4411.0,-349.7,5901.0,9.683552742004395,-108.02024841308594,399322.0
2161,49844,83,195,19660,0,341,150413,0.7339999999967404,-2057000.0,-6355000.0,1146000.0,4412.0,-347.9,5901.0,9.683552742004395,-108.02024841308594,399322.0
2161,49845,83,195,36044,0,341,150413,0.9839999999967404,-2056000.0,-6355000.0,1148000.0,4412.0,-346.0,5900.0,9.683552742004395,-108.02024841308594,399322.0
2161,49846,83,195,52428,0,341,150414,0.23399999999674037,-2055000.0,-6355000.0,1149000.0,4413.0,-344.1,5900.0,9.683552742004395,-108.02024841308594,399322.0
2161,49847,83,196,3276,0,341,150414,0.48399999999674037,-2054000.0,-6355000.0,1150000.0,4414.0,-342.2,5899.0,9.683552742004395,-108.02024841308594,399322.0
2161,49848,83,196,19660,0,341,150414,0.7339999999967404,-2053000.0,-6355000.0,1152000.0,4414.0,-340.4,5899.0,9.683552742004395,-108.02024841308594,399322.0
2161,49849,83,196,36044,0,341,150414,0.9839999999967404,-2052000.0,-6355000.0,1153000.0,4415.0,-338.5,5899.0,9.683552742004395,-108.02024841308594,399322.0
2161,49850,83,196,52428,0,341,150415,0.23399999999674037,-2051000.0,-6355000.0,1155000.0,4415.0,-336.7,5898.0,9.683552742004395,-108.02024841308594,399322.0
2161,49851,83,197,3276,0,341,150415,0.48399999999674037,-2049000.0,-6355000.0,1156000.0,4416.0,-334.8,5898.0,9.683552742004395,-108.02024841308594,399322.0
2161,49852,83,197,19660,0,341,150415,0.7339999999967404,-2048000.0,-6355000.0,1158000.0,4417.0,-332.9,5898.0,9.683552742004395,-108.02024841308594,399322.0
2161,49853,83,197,36700,0,341,150415,0.9839999999967404,-2047000.0,-6355000.0,1159000.0,4417.0,-331.0,5897.0,9.683552742004395,-108.02024841308594,399322.0
2161,49854,83,197,53084,0,341,150416,0.23399999999674037,-2046000.0,-6355000.0,1161000.0,4418.0,-329.2,5897.0,9.683552742004395,-108.02024841308594,399322.0
2161,49855,83,198,3932,0,341,150416,0.48399999999674037,-2045000.0,-6355000.0,1162000.0,4419.0,-327.3,5896.0,9.683552742004395,-108.02024841308594,399322.0
2161,49856,83,198,20316,0,341,150416,0.7339999999967404,-2044000.0,-6356000.0,1164000.0,4419.0,-325.5,5896.0,9.683552742004395,-108.02024841308594,399322.0
2161,49857,83,198,36700,0,341,150416,0.9839999999967404,-2043000.0,-6356000.0,1165000.0,4420.0,-323.6,5896.0,9.683552742004395,-108.02024841308594,399322.0
2161,49858,83,198,53084,0,341,150417,0.23399999999674037,-2042000.0,-6356000.0,1167000.0,4421.0,-321.8,5895.0,9.683552742004395,-108.02024841308594,399322.0
2161,49859,83,199,3932,0,341,150417,0.48399999999674037,-2041000.0,-6356000.0,1168000.0,4421.0,-319.9,5895.0,9.683552742004395,-108.02024841308594,399322.0
2161,49860,83,199,20316,0,341,150417,0.7339999999967404,-2040000.0,-6356000.0,1169000.0,4422.0,-318.0,5895.0,9.683552742004395,-108.02024841308594,399322.0
2161,49861,83,199,36700,0,341,150417,0.9839999999967404,-2039000.0,-6356000.0,1171000.0,4423.0,-316.1,5894.0,9.683552742004395,-108.02024841308594,399322.0
2161,49862,83,199,53084,0,341,150418,0.23399999999674037,-2037000.0,-6356000.0,1172000.0,4423.0,-314.2,5894.0,9.683552742004395,-108.02024841308594,399322.0
2161,49863,83,200,3932,0,341,150418,0.48399999999674037,-2036000.0,-6356000.0,1174000.0,4424.0,-312.4,5893.0,9.683552742004395,-108.02024841308594,399322.0
2161,49864,83,200,20316,0,341,150418,0.7339999999967404,-2035000.0,-6356000.0,1175000.0,4424.0,-310.5,5893.0,9.683552742004395,-108.02024841308594,399322.0
2161,49865,83,200,36700,0,341,150418,0.9839999999967404,-2034000.0,-6356000.0,1177000.0,4425.0,-308.6,5893.0,9.683552742004395,-108.02024841308594,399322.0
2161,49866,83,200,53084,0,341,150419,0.23399999999674037,-2033000.0,-6356000.0,1178000.0,4426.0,-306.8,5892.0,9.683552742004395,-108.02024841308594,399322.0
2161,49867,83,201,3932,0,341,150419,0.48399999999674037,-2032000.0,-6356000.0,1180000.0,4426.0,-304.9,5892.0,9.683552742004395,-108.02024841308594,399322.0
2161,49868,83,201,20316,0,341,150419,0.7339999999967404,-2031000.0,-6356000.0,1181000.0,4427.0,-303.0,5892.0,9.683552742004395,-108.02024841308594,399322.0
2161,49869,83,201,36700,0,341,150419,0.9839999999967404,-2030000.0,-6357000.0,1183000.0,4428.0,-301.2,5891.0,9.683552742004395,-108.02024841308594,399322.0
2161,49870,83,201,53084,0,341,150420,0.23399999999674037,-2029000.0,-6357000.0,1184000.0,4428.0,-299.4,5891.0,9.683552742004395,-108.02024841308594,399322.0
2161,49871,83,202,3932,0,341,150420,0.48399999999674037,-2028000.0,-6357000.0,1185000.0,4429.0,-297.5,5890.0,9.683552742004395,-108.02024841308594,399322.0
2161,49872,83,202,20971,0,341,150420,0.7339999999967404,-2027000.0,-6357000.0,1187000.0,4430.0,-295.6,5890.0,9.683552742004395,-108.02024841308594,399322.0
2161,49873,83,202,37355,0,341,150420,0.9839999999967404,-2025000.0,-6357000.0,1188000.0,4430.0,-293.7,5890.0,9.683552742004395,-108.02024841308594,399322.0
2161,49874,83,202,53739,0,341,150420,0.9839999999967404,-2025000.0,-6357000.0,1188000.0,4430.0,-293.7,5890.0,10.175008773803711,-107.6640396118164,399239.625
2161,49875,83,203,20971,0,341,150421,0.7339999999967404,-2022000.0,-6357000.0,1193000.0,4432.0,-288.1,5889.0,10.175008773803711,-107.6640396118164,399239.625
2161,49876,83,203,37355,0,341,150421,0.9839999999967404,-2021000.0,-6357000.0,1194000.0,4433.0,-286.3,5888.0,10.175008773803711,-107.6640396118164,399239.625
2161,49877,83,203,53739,0,341,150422,0.23399999999674037,-2020000.0,-6357000.0,1196000.0,4433.0,-284.4,5888.0,10.175008773803711,-107.6640396118164,399239.625
2161,49878,83,204,4587,0,341,150422,0.48399999999674037,-2019000.0,-6357000.0,1197000.0,4434.0,-282.5,5887.0,10.175008773803711,-107.6640396118164,399239.625
2161,49879,83,204,20971,0,341,150422,0.7339999999967404,-2018000.0,-6357000.0,1199000.0,4435.0,-280.7,5887.0,10.175008773803711,-107.6640396118164,399239.625
2161,49880,83,204,37355,0,341,150422,0.9839999999967404,-2017000.0,-6357000.0,1200000.0,4435.0,-278.8,5887.0,10.175008773803711,-107.6640396118164,399239.625
2161,49881,83,204,53739,0,341,150423,0.23399999999674037,-2016000.0,-6357000.0,1201000.0,4436.0,-276.9,5886.0,10.175008773803711,-107.6640396118164,399239.625
2161,49882,83,205,4587,0,341,150423,0.48399999999674037,-2014000.0,-6358000.0,1203000.0,4436.0,-275.0,5886.0,10.175008773803711,-107.6640396118164,399239.625
2161,49883,83,205,20971,0,341,150423,0.7339999999967404,-2013000.0,-6358000.0,1204000.0,4437.0,-273.2,5886.0,10.175008773803711,-107.6640396118164,399239.625
2161,49884,83,205,37355,0,341,150423,0.9839999999967404,-2012000.0,-6358000.0,1206000.0,4438.0,-271.3,5885.0,10.175008773803711,-107.6640396118164,399239.625
2161,49885,83,205,53739,0,341,150424,0.23399999999674037,-2011000.0,-6358000.0,1207000.0,4438.0,-269.4,5885.0,10.175008773803711,-107.6640396118164,399239.625
2161,49886,83,206,4587,0,341,150424,0.48399999999674037,-2010000.0,-6358000.0,1209000.0,4439.0,-267.6,5884.0,10.175008773803711,-107.6640396118164,399239.625
2161,49887,83,206,21626,0,341,150424,0.7339999999967404,-2009000.0,-6358000.0,1210000.0,4440.0,-265.7,5884.0,10.175008773803711,-107.6640396118164,399239.625
2161,49888,83,206,38010,0,341,150424,0.9839999999967404,-2008000.0,-6358000.0,1212000.0,4440.0,-263.9,5884.0,10.175008773803711,-107.6640396118164,399239.625
2161,49889,83,206,54394,0,341,150425,0.23399999999674037,-2007000.0,-6358000.0,1213000.0,4441.0,-262.0,5883.0,10.175008773803711,-107.6640396118164,399239.625
2161,49890,83,207,5242,0,341,150425,0.23399999999674037,-2007000.0,-6358000.0,1213000.0,4441.0,-262.0,5883.0,10.389266967773438,-107.50823974609375,399202.40625
2161,49891,83,207,38010,0,341,150425,0.9839999999967404,-2004000.0,-6358000.0,1217000.0,4443.0,-256.4,5882.0,10.389266967773438,-107.50823974609375,399202.40625
2161,49892,83,207,54394,0,341,150426,0.23399999999674037,-2002000.0,-6358000.0,1219000.0,4443.0,-254.5,5882.0,10.389266967773438,-107.50823974609375,399202.40625
2161,49893,83,208,5242,0,341,150426,0.48399999999674037,-2001000.0,-6358000.0,1220000.0,4444.0,-252.7,5881.0,10.389266967773438,-107.50823974609375,399202.40625
2161,49894,83,208,21626,0,341,150426,0.7339999999967404,-2000000.0,-6358000.0,1222000.0,4445.0,-250.8,5881.0,10.389266967773438,-107.50823974609375,399202.40625
2161,49895,83,208,38010,0,341,150426,0.9839999999967404,-1999000.0,-6358000.0,1223000.0,4445.0,-248.9,5880.0,10.389266967773438,-107.50823974609375,399202.40625
2161,49896,83,208,54394,0,341,150427,0.23399999999674037,-1998000.0,-6358000.0,1225000.0,4446.0,-247.0,5880.0,10.389266967773438,-107.50823974609375,399202.40625
2161,49897,83,209,5242,0,341,150427,0.48399999999674037,-1997000.0,-6359000.0,1226000.0,4447.0,-245.2,5880.0,10.389266967773438,-107.50823974609375,399202.40625
2161,49898,83,209,21626,0,341,150427,0.7339999999967404,-1996000.0,-6359000.0,1228000.0,4447.0,-243.4,5879.0,10.389266967773438,-107.50823974609375,399202.40625
2161,49899,83,209,38010,0,341,150427,0.9839999999967404,-1995000.0,-6359000.0,1229000.0,4448.0,-241.5,5879.0,10.389266967773438,-107.50823974609375,399202.40625
2161,49900,83,209,54394,0,341,150428,0.23399999999674037,-1994000.0,-6359000.0,1231000.0,4448.0,-239.6,5878.0,10.389266967773438,-107.50823974609375,399202.40625
2161,49901,83,210,5242,0,341,150428,0.48399999999674037,-1993000.0,-6359000.0,1232000.0,4449.0,-237.8,5878.0,10.389266967773438,-107.50823974609375,399202.40625
2161,49902,83,210,22282,0,341,150428,0.7339999999967404,-1991000.0,-6359000.0,1234000.0,4450.0,-235.9,5878.0,10.389266967773438,-107.50823974609375,399202.40625
2161,49903,83,210,38666,0,341,150428,0.9839999999967404,-1990000.0,-6359000.0,1235000.0,4450.0,-234.0,5877.0,10.389266967773438,-107.50823974609375,399202.40625
2161,49904,83,210,55050,0,341,150429,0.23399999999674037,-1989000.0,-6359000.0,1236000.0,4451.0,-232.1,5877.0,10.389266967773438,-107.50823974609375,399202.40625
2161,49905,83,211,5898,0,341,150429,0.23399999999674037,-1989000.0,-6359000.0,1236000.0,4451.0,-232.1,5877.0,10.590715408325195,-107.3614730834961,0.0
2161,49906,83,211,38666,0,341,150429,0.9839999999967404,-1986000.0,-6359000.0,1241000.0,4453.0,-226.5,5876.0,10.590715408325195,-107.3614730834961,0.0
2161,49907,83,211,55050,0,341,150430,0.23399999999674037,-1985000.0,-6359000.0,1242000.0,4453.0,-224.6,5875.0,10.590715408325195,-107.3614730834961,0.0
2161,49908,83,212,5898,0,341,150430,0.48399999999674037,-1984000.0,-6359000.0,1244000.0,4454.0,-222.8,5875.0,10.590715408325195,-107.3614730834961,0.0
2161,49909,83,212,22282,0,341,150430,0.7339999999967404,-1983000.0,-6359000.0,1245000.0,4455.0,-220.9,5874.0,10.590715408325195,-107.3614730834961,0.0
2161,49910,83,212,38666,0,341,150430,0.9839999999967404,-1982000.0,-6359000.0,1247000.0,4455.0,-219.1,5874.0,10.590715408325195,-107.3614730834961,0.0
2161,49911,83,212,55050,0,341,150431,0.23399999999674037,-1980000.0,-6359000.0,1248000.0,4456.0,-217.2,5874.0,10.590715408325195,-107.3614730834961,0.0
2161,49912,83,213,5898,0,341,150431,0.48399999999674037,-1979000.0,-6359000.0,1250000.0,4457.0,-215.4,5873.0,10.590715408325195,-107.3614730834961,0.0
2161,49913,83,213,22282,0,341,150431,0.7339999999967404,-1978000.0,-6360000.0,1251000.0,4457.0,-213.4,5873.0,10.590715408325195,-107.3614730834961,0.0
2161,49914,83,213,38666,0,341,150431,0.9839999999967404,-1977000.0,-6360000.0,1252000.0,4458.0,-211.6,5873.0,10.590715408325195,-107.3614730834961,0.0
2161,49915,83,213,55050,0,341,150432,0.23399999999674037,-1976000.0,-6360000.0,1254000.0,4458.0,-209.7,5872.0,10.590715408325195,-107.3614730834961,0.0
2161,49916,83,214,5898,0,341,150432,0.48399999999674037,-1975000.0,-6360000.0,1255000.0,4459.0,-207.9,5872.0,10.590715408325195,-107.3614730834961,0.0
2161,49917,83,214,22937,0,341,150432,0.7339999999967404,-1974000.0,-6360000.0,1257000.0,4460.0,-206.0,5871.0,10.590715408325195,-107.3614730834961,0.0
2161,49918,83,214,39321,0,341,150432,0.9839999999967404,-1973000.0,-6360000.0,1258000.0,4460.0,-204.2,5871.0,10.590715408325195,-107.3614730834961,0.0
2161,49919,83,214,55705,0,341,150433,0.23399999999674037,-1972000.0,-6360000.0,1260000.0,4461.0,-202.3,5870.0,10.590715408325195,-107.3614730834961,0.0
2161,49920,83,215,22937,0,341,150433,0.7339999999967404,-1969000.0,-6360000.0,1263000.0,4462.0,-198.5,5870.0,10.590715408325195,-107.3614730834961,0.0
2161,49921,83,215,39321,0,341,150433,0.9839999999967404,-1968000.0,-6360000.0,1264000.0,4463.0,-196.7,5869.0,10.590715408325195,-107.3614730834961,0.0
2161,49922,83,215,55705,0,341,150434,0.23399999999674037,-1967000.0,-6360000.0,1265000.0,4463.0,-194.8,5869.0,10.590715408325195,-107.3614730834961,0.0
2161,49923,83,216,6553,0,341,150434,0.48399999999674037,-1966000.0,-6360000.0,1267000.0,4464.0,-192.9,5868.0,10.590715408325195,-107.3614730834961,0.0
2161,49924,83,216,22937,0,341,150434,0.7339999999967404,-1965000.0,-6360000.0,1268000.0,4465.0,-191.1,5868.0,10.590715408325195,-107.3614730834961,0.0
2161,49925,83,216,39321,0,341,150434,0.9839999999967404,-1964000.0,-6360000.0,1270000.0,4465.0,-189.2,5868.0,10.590715408325195,-107.3614730834961,0.0
2161,49926,83,216,55705,0,341,150435,0.23399999999674037,-1963000.0,-6360000.0,1271000.0,4466.0,-187.3,5867.0,10.590715408325195,-107.3614730834961,0.0
2161,49927,83,217,6553,0,341,150435,0.48399999999674037,-1962000.0,-6360000.0,1273000.0,4467.0,-185.5,5867.0,10.590715408325195,-107.3614730834961,0.0
2161,49928,83,217,22937,0,341,150435,0.7339999999967404,-1961000.0,-6360000.0,1274000.0,4467.0,-183.6,5866.0,10.590715408325195,-107.3614730834961,0.0
2161,49929,83,217,39321,0,341,150435,0.9839999999967404,-1959000.0,-6360000.0,1276000.0,4468.0,-181.7,5866.0,10.590715408325195,-107.3614730834961,0.0
2161,49930,83,217,55705,0,341,150436,0.23399999999674037,-1958000.0,-6360000.0,1277000.0,4468.0,-179.9,5866.0,10.590715408325195,-107.3614730834961,0.0
2161,49931,83,218,6553,0,341,150436,0.48399999999674037,-1957000.0,-6360000.0,1279000.0,4469.0,-178.0,5865.0,10.590715408325195,-107.3614730834961,0.0
2161,49932,83,218,23592,0,341,150436,0.7339999999967404,-1956000.0,-6360000.0,1280000.0,4470.0,-176.2,5865.0,10.590715408325195,-107.3614730834961,0.0
2161,49933,83,218,39976,0,341,150436,0.9839999999967404,-1955000.0,-6361000.0,1281000.0,4470.0,-174.3,5864.0,10.590715408325195,-107.3614730834961,0.0
2161,49934,83,218,56360,0,341,150437,0.23399999999674037,-1954000.0,-6361000.0,1283000.0,4471.0,-172.4,5864.0,10.590715408325195,-107.3614730834961,0.0
2161,49935,83,219,7208,0,341,150437,0.23399999999674037,-1954000.0,-6361000.0,1283000.0,4471.0,-172.4,5864.0,10.993317604064941,-107.06730651855469,399082.84375
2161,49936,83,219,23592,0,341,150437,0.7339999999967404,-1952000.0,-6361000.0,1286000.0,4472.0,-168.6,5863.0,10.993317604064941,-107.06730651855469,399082.84375
2161,49937,83,219,39976,0,341,150437,0.9839999999967404,-1951000.0,-6361000.0,1287000.0,4473.0,-166.8,5863.0,10.993317604064941,-107.06730651855469,399082.84375
2161,49938,83,219,56360,0,341,150438,0.23399999999674037,-1950000.0,-6361000.0,1289000.0,4473.0,-165.0,5862.0,10.993317604064941,-107.06730651855469,399082.84375
2161,49939,83,220,7208,0,341,150438,0.48399999999674037,-1948000.0,-6361000.0,1290000.0,4474.0,-163.1,5862.0,10.993317604064941,-107.06730651855469,399082.84375
2161,49940,83,220,23592,0,341,150438,0.7339999999967404,-1947000.0,-6361000.0,1292000.0,4475.0,-161.2,5861.0,10.993317604064941,-107.06730651855469,399082.84375
2161,49941,83,220,39976,0,341,150438,0.9839999999967404,-1946000.0,-6361000.0,1293000.0,4475.0,-159.4,5861.0,10.993317604064941,-107.06730651855469,399082.84375
2161,49942,83,220,56360,0,341,150439,0.23399999999674037,-1945000.0,-6361000.0,1295000.0,4476.0,-157.5,5861.0,10.993317604064941,-107.06730651855469,399082.84375
2161,49943,83,221,7208,0,341,150439,0.48399999999674037,-1944000.0,-6361000.0,1296000.0,4476.0,-155.6,5860.0,10.993317604064941,-107.06730651855469,399082.84375
2161,49944,83,221,23592,0,341,150439,0.7339999999967404,-1943000.0,-6361000.0,1297000.0,4477.0,-153.8,5860.0,10.993317604064941,-107.06730651855469,399082.84375
2161,49945,83,221,39976,0,341,150439,0.9839999999967404,-1942000.0,-6361000.0,1299000.0,4478.0,-151.9,5859.0,10.993317604064941,-107.06730651855469,399082.84375
2161,49946,83,221,56360,0,341,150440,0.23399999999674037,-1941000.0,-6361000.0,1300000.0,4478.0,-150.0,5859.0,10.993317604064941,-107.06730651855469,399082.84375
2161,49947,83,222,7208,0,341,150440,0.48399999999674037,-1940000.0,-6361000.0,1302000.0,4479.0,-148.1,5859.0,10.993317604064941,-107.06730651855469,399082.84375
2161,49948,83,222,24248,0,341,150440,0.7339999999967404,-1938000.0,-6361000.0,1303000.0,4479.0,-146.3,5858.0,10.993317604064941,-107.06730651855469,399082.84375
2161,49949,83,222,40632,0,341,150440,0.9839999999967404,-1937000.0,-6361000.0,1305000.0,4480.0,-144.4,5858.0,10.993317604064941,-107.06730651855469,399082.84375
2161,49950,83,222,57016,0,341,150441,0.23399999999674037,-1936000.0,-6361000.0,1306000.0,4481.0,-142.5,5857.0,10.993317604064941,-107.06730651855469,399082.84375
2161,49951,83,223,7864,0,341,150441,0.23399999999674037,-1936000.0,-6361000.0,1306000.0,4481.0,-142.5,5857.0,11.194541931152344,-106.91989135742188,399049.78125
2161,49952,83,223,40632,0,341,150441,0.9839999999967404,-1933000.0,-6361000.0,1310000.0,4483.0,-136.9,5856.0,11.194541931152344,-106.91989135742188,399049.78125
2161,49953,83,223,57016,0,341,150442,0.23399999999674037,-1932000.0,-6361000.0,1312000.0,4483.0,-135.1,5856.0,11.194541931152344,-106.91989135742188,399049.78125
2161,49954,83,224,7864,0,341,150442,0.48399999999674037,-1931000.0,-6361000.0,1313000.0,4484.0,-133.2,5855.0,11.194541931152344,-106.91989135742188,399049.78125
2161,49955,83,224,24248,0,341,150442,0.7339999999967404,-1930000.0,-6361000.0,1315000.0,4484.0,-131.4,5855.0,11.194541931152344,-106.91989135742188,399049.78125
2161,49956,83,224,40632,0,341,150442,0.9839999999967404,-1928000.0,-6361000.0,1316000.0,4485.0,-129.5,5854.0,11.194541931152344,-106.91989135742188,399049.78125
2161,49957,83,224,57016,0,341,150443,0.23399999999674037,-1927000.0,-6361000.0,1318000.0,4486.0,-127.6,5854.0,11.194541931152344,-106.91989135742188,399049.78125
2161,49958,83,225,7864,0,341,150443,0.48399999999674037,-1926000.0,-6361000.0,1319000.0,4486.0,-125.8,5854.0,11.194541931152344,-106.91989135742188,399049.78125
2161,49959,83,225,24248,0,341,150443,0.7339999999967404,-1925000.0,-6362000.0,1321000.0,4487.0,-123.9,5853.0,11.194541931152344,-106.91989135742188,399049.78125
2161,49960,83,225,40632,0,341,150443,0.9839999999967404,-1924000.0,-6362000.0,1322000.0,4487.0,-122.0,5853.0,11.194541931152344,-106.91989135742188,399049.78125
2161,49961,83,225,57016,0,341,150444,0.23399999999674037,-1923000.0,-6362000.0,1324000.0,4488.0,-120.2,5852.0,11.194541931152344,-106.91989135742188,399049.78125
2161,49962,83,226,7864,0,341,150444,0.48399999999674037,-1922000.0,-6362000.0,1325000.0,4489.0,-118.3,5852.0,11.194541931152344,-106.91989135742188,399049.78125
2161,49963,83,226,24248,0,341,150444,0.7339999999967404,-1921000.0,-6362000.0,1326000.0,4489.0,-116.4,5851.0,11.194541931152344,-106.91989135742188,399049.78125
2161,49964,83,226,40632,0,341,150444,0.9839999999967404,-1920000.0,-6362000.0,1328000.0,4490.0,-114.5,5851.0,11.194541931152344,-106.91989135742188,399049.78125
2161,49965,83,226,57671,0,341,150445,0.23399999999674037,-1918000.0,-6362000.0,1329000.0,4490.0,-112.7,5851.0,11.194541931152344,-106.91989135742188,399049.78125
2161,49966,83,227,8519,0,341,150445,0.48399999999674037,-1917000.0,-6362000.0,1331000.0,4491.0,-110.8,5850.0,11.194541931152344,-106.91989135742188,399049.78125
2161,49967,83,227,24903,0,341,150445,0.7339999999967404,-1916000.0,-6362000.0,1332000.0,4492.0,-109.0,5850.0,11.194541931152344,-106.91989135742188,399049.78125
2161,49968,83,227,41287,0,341,150445,0.7339999999967404,-1916000.0,-6362000.0,1332000.0,4492.0,-109.0,5850.0,11.420543670654297,-106.75395965576172,399000.96875
2161,49969,83,227,57671,0,341,150446,0.23399999999674037,-1914000.0,-6362000.0,1335000.0,4493.0,-105.2,5849.0,11.420543670654297,-106.75395965576172,399000.96875
2161,49970,83,228,8519,0,341,150446,0.48399999999674037,-1913000.0,-6362000.0,1337000.0,4493.0,-103.4,5848.0,11.420543670654297,-106.75395965576172,399000.96875
2161,49971,83,228,24903,0,341,150446,0.7339999999967404,-1912000.0,-6362000.0,1338000.0,4494.0,-101.5,5848.0,11.420543670654297,-106.75395965576172,399000.96875
2161,49972,83,228,41287,0,341,150446,0.9839999999967404,-1911000.0,-6362000.0,1339000.0,4495.0,-99.65,5848.0,11.420543670654297,-106.75395965576172,399000.96875
2161,49973,83,228,57671,0,341,150447,0.23399999999674037,-1910000.0,-6362000.0,1341000.0,4495.0,-97.76,5847.0,11.420543670654297,-106.75395965576172,399000.96875
2161,49974,83,229,8519,0,341,150447,0.48399999999674037,-1908000.0,-6362000.0,1342000.0,4496.0,-95.9,5847.0,11.420543670654297,-106.75395965576172,399000.96875
2161,49975,83,229,24903,0,341,150447,0.7339999999967404,-1907000.0,-6362000.0,1344000.0,4497.0,-94.03,5846.0,11.420543670654297,-106.75395965576172,399000.96875
2161,49976,83,229,41287,0,341,150447,0.9839999999967404,-1906000.0,-6362000.0,1345000.0,4497.0,-92.18,5846.0,11.420543670654297,-106.75395965576172,399000.96875
2161,49977,83,229,57671,0,341,150448,0.23399999999674037,-1905000.0,-6362000.0,1347000.0,4498.0,-90.31,5845.0,11.420543670654297,-106.75395965576172,399000.96875
2161,49978,83,230,8519,0,341,150448,0.48399999999674037,-1904000.0,-6362000.0,1348000.0,4498.0,-88.42,5845.0,11.420543670654297,-106.75395965576172,399000.96875
2161,49979,83,230,24903,0,341,150448,0.7339999999967404,-1903000.0,-6362000.0,1350000.0,4499.0,-86.56,5845.0,11.420543670654297,-106.75395965576172,399000.96875
2161,49980,83,230,41287,0,341,150448,0.9839999999967404,-1902000.0,-6362000.0,1351000.0,4500.0,-84.69,5844.0,11.420543670654297,-106.75395965576172,399000.96875
2161,49981,83,230,57671,0,341,150449,0.23399999999674037,-1901000.0,-6362000.0,1352000.0,4500.0,-82.85,5844.0,11.420543670654297,-106.75395965576172,399000.96875
2161,49982,83,231,9175,0,341,150449,0.48399999999674037,-1900000.0,-6362000.0,1354000.0,4501.0,-81.0,5843.0,11.420543670654297,-106.75395965576172,399000.96875
2161,49983,83,231,25559,0,341,150449,0.7339999999967404,-1898000.0,-6362000.0,1355000.0,4501.0,-79.09,5843.0,11.420543670654297,-106.75395965576172,399000.96875
2161,49984,83,231,41943,0,341,150449,0.9839999999967404,-1897000.0,-6362000.0,1357000.0,4502.0,-77.25,5842.0,11.420543670654297,-106.75395965576172,399000.96875
2161,49985,83,231,58327,0,341,150449,0.9839999999967404,-1897000.0,-6362000.0,1357000.0,4502.0,-77.25,5842.0,11.634254455566406,-106.59674835205078,398958.75
2161,49986,83,232,9175,0,341,150450,0.48399999999674037,-1895000.0,-6362000.0,1360000.0,4503.0,-73.5,5842.0,11.634254455566406,-106.59674835205078,398958.75
2161,49987,83,232,25559,0,341,150450,0.7339999999967404,-1894000.0,-6362000.0,1361000.0,4504.0,-71.62,5841.0,11.634254455566406,-106.59674835205078,398958.75
2161,49988,83,232,41943,0,341,150450,0.9839999999967404,-1893000.0,-6362000.0,1363000.0,4504.0,-69.83,5841.0,11.634254455566406,-106.59674835205078,398958.75
2161,49989,83,232,58327,0,341,150451,0.23399999999674037,-1892000.0,-6362000.0,1364000.0,4505.0,-67.93,5840.0,11.634254455566406,-106.59674835205078,398958.75
2161,49990,83,233,9175,0,341,150451,0.48399999999674037,-1891000.0,-6362000.0,1366000.0,4506.0,-66.05,5840.0,11.634254455566406,-106.59674835205078,398958.75
2161,49991,83,233,25559,0,341,150451,0.7339999999967404,-1890000.0,-6362000.0,1367000.0,4506.0,-64.19,5839.0,11.634254455566406,-106.59674835205078,398958.75
2161,49992,83,233,41943,0,341,150451,0.9839999999967404,-1888000.0,-6362000.0,1368000.0,4507.0,-62.28,5839.0,11.634254455566406,-106.59674835205078,398958.75
2161,49993,83,233,58327,0,341,150452,0.23399999999674037,-1887000.0,-6362000.0,1370000.0,4507.0,-60.47,5838.0,11.634254455566406,-106.59674835205078,398958.75
2161,49994,83,234,9175,0,341,150452,0.48399999999674037,-1886000.0,-6362000.0,1371000.0,4508.0,-58.58,5838.0,11.634254455566406,-106.59674835205078,398958.75
2161,49995,83,234,25559,0,341,150452,0.7339999999967404,-1885000.0,-6362000.0,1373000.0,4509.0,-56.74,5838.0,11.634254455566406,-106.59674835205078,398958.75
2161,49996,83,234,41943,0,341,150452,0.9839999999967404,-1884000.0,-6362000.0,1374000.0,4509.0,-54.84,5837.0,11.634254455566406,-106.59674835205078,398958.75
2161,49997,83,234,58327,0,341,150453,0.23399999999674037,-1883000.0,-6362000.0,1376000.0,4510.0,-52.95,5837.0,11.634254455566406,-106.59674835205078,398958.75
2161,49998,83,235,9175,0,341,150453,0.48399999999674037,-1882000.0,-6362000.0,1377000.0,4510.0,-51.12,5836.0,11.634254455566406,-106.59674835205078,398958.75
2161,49999,83,235,25559,0,341,150453,0.7339999999967404,-1881000.0,-6362000.0,1379000.0,4511.0,-49.27,5836.0,11.634254455566406,-106.59674835205078,398958.75
2161,50000,83,235,41943,0,341,150453,0.9839999999967404,-1880000.0,-6362000.0,1380000.0,4512.0,-47.4,5835.0,11.634254455566406,-106.59674835205078,398958.75
2161,50001,83,235,58327,0,341,150454,0.23399999999674037,-1878000.0,-6362000.0,1381000.0,4512.0,-45.5,5835.0,11.634254455566406,-106.59674835205078,398958.75
2161,50002,83,236,9175,0,341,150454,0.48399999999674037,-1877000.0,-6362000.0,1383000.0,4513.0,-43.64,5835.0,11.634254455566406,-106.59674835205078,398958.75
2161,50003,83,236,58327,0,341,150455,0.23399999999674037,-1874000.0,-6362000.0,1387000.0,4515.0,-38.05,5833.0,11.634254455566406,-106.59674835205078,398958.75
2161,50004,83,237,9175,0,341,150455,0.48399999999674037,-1873000.0,-6362000.0,1389000.0,4515.0,-36.21,5833.0,11.634254455566406,-106.59674835205078,398958.75
2161,50005,83,237,25559,0,341,150455,0.7339999999967404,-1872000.0,-6362000.0,1390000.0,4516.0,-34.33,5832.0,11.634254455566406,-106.59674835205078,398958.75
2161,50006,83,237,41943,0,341,150455,0.9839999999967404,-1871000.0,-6362000.0,1391000.0,4516.0,-32.44,5832.0,11.634254455566406,-106.59674835205078,398958.75
2161,50007,83,237,58327,0,341,150456,0.23399999999674037,-1869000.0,-6362000.0,1393000.0,4517.0,-30.62,5831.0,11.634254455566406,-106.59674835205078,398958.75
2161,50008,83,238,9175,0,341,150456,0.48399999999674037,-1868000.0,-6362000.0,1394000.0,4518.0,-28.75,5831.0,11.634254455566406,-106.59674835205078,398958.75
2161,50009,83,238,25559,0,341,150456,0.7339999999967404,-1867000.0,-6362000.0,1396000.0,4518.0,-26.89,5831.0,11.634254455566406,-106.59674835205078,398958.75
2161,50010,83,238,41943,0,341,150456,0.9839999999967404,-1866000.0,-6362000.0,1397000.0,4519.0,-25.02,5830.0,11.634254455566406,-106.59674835205078,398958.75
2161,50011,83,238,58327,0,341,150457,0.23399999999674037,-1865000.0,-6362000.0,1399000.0,4519.0,-23.14,5830.0,11.634254455566406,-106.59674835205078,398958.75
2161,50012,83,239,9175,0,341,150457,0.48399999999674037,-1864000.0,-6362000.0,1400000.0,4520.0,-21.29,5829.0,11.634254455566406,-106.59674835205078,398958.75
2161,50013,83,239,25559,0,341,150457,0.7339999999967404,-1863000.0,-6362000.0,1402000.0,4520.0,-19.4,5829.0,11.634254455566406,-106.59674835205078,398958.75
2161,50014,83,239,41943,0,341,150457,0.9839999999967404,-1862000.0,-6362000.0,1403000.0,4521.0,-17.51,5828.0,11.634254455566406,-106.59674835205078,398958.75
2161,50015,83,239,58327,0,341,150458,0.23399999999674037,-1861000.0,-6362000.0,1404000.0,4522.0,-15.69,5828.0,11.634254455566406,-106.59674835205078,398958.75
2161,50016,83,240,9175,0,341,150458,0.48399999999674037,-1859000.0,-6362000.0,1406000.0,4522.0,-13.8,5827.0,11.634254455566406,-106.59674835205078,398958.75
2161,50017,83,240,25559,0,341,150458,0.7339999999967404,-1858000.0,-6362000.0,1407000.0,4523.0,-11.95,5827.0,11.634254455566406,-106.59674835205078,398958.75
2161,50018,83,240,41943,0,341,150458,0.9839999999967404,-1857000.0,-6362000.0,1409000.0,4523.0,-10.07,5826.0,11.634254455566406,-106.59674835205078,398958.75
2161,50019,83,240,58982,0,341,150459,0.23399999999674037,-1856000.0,-6362000.0,1410000.0,4524.0,-8.211,5826.0,11.634254455566406,-106.59674835205078,398958.75
2161,50020,83,241,9830,0,341,150459,0.48399999999674037,-1855000.0,-6362000.0,1412000.0,4525.0,-6.348,5826.0,11.634254455566406,-106.59674835205078,398958.75
2161,50021,83,241,26214,0,341,150459,0.7339999999967404,-1854000.0,-6362000.0,1413000.0,4525.0,-4.483,5825.0,11.634254455566406,-106.59674835205078,398958.75
2161,50022,83,241,58982,0,341,150460,0.48399999999674037,-1850000.0,-6362000.0,1417000.0,4527.0,1.126,5824.0,11.634254455566406,-106.59674835205078,398958.75
2161,50023,83,242,9830,0,341,150460,0.7339999999967404,-1849000.0,-6362000.0,1419000.0,4528.0,2.991,5823.0,11.634254455566406,-106.59674835205078,398958.75
2161,50024,83,242,26214,0,341,150460,0.9839999999967404,-1848000.0,-6362000.0,1420000.0,4528.0,4.836,5823.0,11.634254455566406,-106.59674835205078,398958.75
2161,50025,83,242,42598,0,341,150461,0.23399999999674037,-1847000.0,-6362000.0,1422000.0,4529.0,6.71,5822.0,11.634254455566406,-106.59674835205078,398958.75
2161,50026,83,242,58982,0,341,150461,0.48399999999674037,-1846000.0,-6362000.0,1423000.0,4529.0,8.566,5822.0,11.634254455566406,-106.59674835205078,398958.75
2161,50027,83,243,9830,0,341,150461,0.7339999999967404,-1845000.0,-6362000.0,1425000.0,4530.0,10.46,5821.0,11.634254455566406,-106.59674835205078,398958.75
2161,50028,83,243,26214,0,341,150461,0.9839999999967404,-1844000.0,-6362000.0,1426000.0,4531.0,12.35,5821.0,11.634254455566406,-106.59674835205078,398958.75
2161,50029,83,243,42598,0,341,150462,0.23399999999674037,-1843000.0,-6362000.0,1428000.0,4531.0,14.2,5821.0,11.634254455566406,-106.59674835205078,398958.75
2161,50030,83,243,58982,0,341,150462,0.48399999999674037,-1842000.0,-6362000.0,1429000.0,4532.0,16.06,5820.0,11.634254455566406,-106.59674835205078,398958.75
2161,50031,83,244,9830,0,341,150462,0.7339999999967404,-1840000.0,-6362000.0,1430000.0,4532.0,17.91,5820.0,11.634254455566406,-106.59674835205078,398958.75
2161,50032,83,244,26214,0,341,150462,0.9839999999967404,-1839000.0,-6362000.0,1432000.0,4533.0,19.77,5819.0,11.634254455566406,-106.59674835205078,398958.75
2161,50033,83,244,42598,0,341,150463,0.23399999999674037,-1838000.0,-6362000.0,1433000.0,4533.0,21.66,5819.0,11.634254455566406,-106.59674835205078,398958.75
2161,50034,83,244,58982,0,341,150463,0.48399999999674037,-1837000.0,-6362000.0,1435000.0,4534.0,23.49,5818.0,11.634254455566406,-106.59674835205078,398958.75
2161,50035,83,245,9830,0,341,150463,0.48399999999674037,-1837000.0,-6362000.0,1435000.0,4534.0,23.49,5818.0,11.634254455566406,-106.59674835205078,398958.75
2161,50036,83,245,26214,0,341,150463,0.48399999999674037,-1837000.0,-6362000.0,1435000.0,4534.0,23.49,5818.0,12.312137603759766,-106.09544372558594,398805.78125
2161,50037,83,245,58982,0,341,150464,0.48399999999674037,-1833000.0,-6362000.0,1441000.0,4536.0,30.97,5816.0,12.312137603759766,-106.09544372558594,398805.78125
2161,50038,83,246,9830,0,341,150464,0.7339999999967404,-1831000.0,-6362000.0,1442000.0,4537.0,32.8,5816.0,12.312137603759766,-106.09544372558594,398805.78125
2161,50039,83,246,26214,0,341,150464,0.9839999999967404,-1830000.0,-6362000.0,1443000.0,4538.0,34.73,5815.0,12.312137603759766,-106.09544372558594,398805.78125
2161,50040,83,246,42598,0,341,150465,0.23399999999674037,-1829000.0,-6362000.0,1445000.0,4538.0,36.56,5815.0,12.312137603759766,-106.09544372558594,398805.78125
2161,50041,83,246,58982,0,341,150465,0.48399999999674037,-1828000.0,-6362000.0,1446000.0,4539.0,38.41,5815.0,12.312137603759766,-106.09544372558594,398805.78125
2161,50042,83,247,9830,0,341,150465,0.7339999999967404,-1827000.0,-6362000.0,1448000.0,4539.0,40.31,5814.0,12.312137603759766,-106.09544372558594,398805.78125
2161,50043,83,247,26214,0,341,150465,0.9839999999967404,-1826000.0,-6362000.0,1449000.0,4540.0,42.14,5814.0,12.312137603759766,-106.09544372558594,398805.78125
2161,50044,83,247,42598,0,341,150466,0.23399999999674037,-1825000.0,-6362000.0,1451000.0,4541.0,44.03,5813.0,12.312137603759766,-106.09544372558594,398805.78125
2161,50045,83,247,58982,0,341,150466,0.48399999999674037,-1824000.0,-6362000.0,1452000.0,4541.0,45.87,5813.0,12.312137603759766,-106.09544372558594,398805.78125
2161,50046,83,248,9830,0,341,150466,0.7339999999967404,-1822000.0,-6362000.0,1453000.0,4542.0,47.78,5812.0,12.312137603759766,-106.09544372558594,398805.78125
2161,50047,83,248,26214,0,341,150466,0.9839999999967404,-1821000.0,-6362000.0,1455000.0,4542.0,49.6,5812.0,12.312137603759766,-106.09544372558594,398805.78125
2161,50048,83,248,43253,0,341,150467,0.23399999999674037,-1820000.0,-6362000.0,1456000.0,4543.0,51.46,5811.0,12.312137603759766,-106.09544372558594,398805.78125
2161,50049,83,248,59637,0,341,150467,0.48399999999674037,-1819000.0,-6362000.0,1458000.0,4543.0,53.34,5811.0,12.312137603759766,-106.09544372558594,398805.78125
2161,50050,83,249,10485,0,341,150467,0.48399999999674037,-1819000.0,-6362000.0,1458000.0,4543.0,53.34,5811.0,12.512778282165527,-105.94650268554688,398762.0
2161,50051,83,249,43253,0,341,150468,0.23399999999674037,-1816000.0,-6362000.0,1462000.0,4545.0,58.94,5810.0,12.512778282165527,-105.94650268554688,398762.0
2161,50052,83,249,59637,0,341,150468,0.48399999999674037,-1815000.0,-6362000.0,1464000.0,4546.0,60.79,5809.0,12.512778282165527,-105.94650268554688,398762.0
2161,50053,83,250,10485,0,341,150468,0.7339999999967404,-1813000.0,-6362000.0,1465000.0,4546.0,62.66,5809.0,12.512778282165527,-105.94650268554688,398762.0
2161,50054,83,250,26869,0,341,150468,0.9839999999967404,-1812000.0,-6362000.0,1466000.0,4547.0,64.54,5808.0,12.512778282165527,-105.94650268554688,398762.0
2161,50055,83,250,43253,0,341,150469,0.23399999999674037,-1811000.0,-6362000.0,1468000.0,4548.0,66.4,5808.0,12.512778282165527,-105.94650268554688,398762.0
2161,50056,83,250,59637,0,341,150469,0.48399999999674037,-1810000.0,-6362000.0,1469000.0,4548.0,68.28,5807.0,12.512778282165527,-105.94650268554688,398762.0
2161,50057,83,251,10485,0,341,150469,0.7339999999967404,-1809000.0,-6362000.0,1471000.0,4549.0,70.09,5807.0,12.512778282165527,-105.94650268554688,398762.0
2161,50058,83,251,26869,0,341,150469,0.9839999999967404,-1808000.0,-6362000.0,1472000.0,4549.0,72.02,5806.0,12.512778282165527,-105.94650268554688,398762.0
2161,50059,83,251,43253,0,341,150470,0.23399999999674037,-1807000.0,-6362000.0,1474000.0,4550.0,73.85,5806.0,12.512778282165527,-105.94650268554688,398762.0
2161,50060,83,251,59637,0,341,150470,0.48399999999674037,-1806000.0,-6362000.0,1475000.0,4550.0,75.71,5805.0,12.512778282165527,-105.94650268554688,398762.0
2161,50061,83,252,10485,0,341,150470,0.7339999999967404,-1804000.0,-6362000.0,1476000.0,4551.0,77.54,5805.0,12.512778282165527,-105.94650268554688,398762.0
2161,50062,83,252,26869,0,341,150470,0.9839999999967404,-1803000.0,-6362000.0,1478000.0,4552.0,79.46,5804.0,12.512778282165527,-105.94650268554688,398762.0
2161,50063,83,252,43253,0,341,150471,0.23399999999674037,-1802000.0,-6362000.0,1479000.0,4552.0,81.32,5804.0,12.512778282165527,-105.94650268554688,398762.0
2161,50064,83,252,59637,0,341,150471,0.48399999999674037,-1801000.0,-6362000.0,1481000.0,4553.0,83.17,5803.0,12.512778282165527,-105.94650268554688,398762.0
2161,50065,83,253,10485,0,341,150471,0.7339999999967404,-1800000.0,-6362000.0,1482000.0,4553.0,85.05,5803.0,12.512778282165527,-105.94650268554688,398762.0
2161,50066,83,253,26869,0,341,150471,0.9839999999967404,-1799000.0,-6362000.0,1484000.0,4554.0,86.89,5802.0,12.512778282165527,-105.94650268554688,398762.0
2161,50067,83,253,43253,0,341,150471,0.9839999999967404,-1799000.0,-6362000.0,1484000.0,4554.0,86.89,5802.0,12.738058090209961,-105.77875518798828,398708.71875
2161,50068,83,254,10485,0,341,150472,0.7339999999967404,-1795000.0,-6362000.0,1488000.0,4556.0,92.51,5801.0,12.738058090209961,-105.77875518798828,398708.71875
2161,50069,83,254,26869,0,341,150472,0.9839999999967404,-1794000.0,-6362000.0,1489000.0,4556.0,94.36,5800.0,12.738058090209961,-105.77875518798828,398708.71875
2161,50070,83,254,43253,0,341,150473,0.23399999999674037,-1793000.0,-6362000.0,1491000.0,4557.0,96.2,5800.0,12.738058090209961,-105.77875518798828,398708.71875
2161,50071,83,254,59637,0,341,150473,0.48399999999674037,-1792000.0,-6362000.0,1492000.0,4557.0,98.1,5800.0,12.738058090209961,-105.77875518798828,398708.71875
2161,50072,83,255,10485,0,341,150473,0.7339999999967404,-1791000.0,-6362000.0,1494000.0,4558.0,99.96,5799.0,12.738058090209961,-105.77875518798828,398708.71875
2161,50073,83,255,26869,0,341,150473,0.9839999999967404,-1790000.0,-6362000.0,1495000.0,4558.0,101.8,5799.0,12.738058090209961,-105.77875518798828,398708.71875
2161,50074,83,255,43253,0,341,150474,0.23399999999674037,-1789000.0,-6362000.0,1497000.0,4559.0,103.7,5798.0,12.738058090209961,-105.77875518798828,398708.71875
2161,50075,83,255,59637,0,341,150474,0.48399999999674037,-1788000.0,-6362000.0,1498000.0,4560.0,105.5,5798.0,12.738058090209961,-105.77875518798828,398708.71875
2161,50076,83,256,10485,0,341,150474,0.7339999999967404,-1786000.0,-6362000.0,1499000.0,4560.0,107.4,5797.0,12.738058090209961,-105.77875518798828,398708.71875
2161,50077,83,256,26869,0,341,150474,0.9839999999967404,-1785000.0,-6362000.0,1501000.0,4561.0,109.3,5797.0,12.738058090209961,-105.77875518798828,398708.71875
2161,50078,83,256,43253,0,341,150475,0.23399999999674037,-1784000.0,-6362000.0,1502000.0,4561.0,111.1,5796.0,12.738058090209961,-105.77875518798828,398708.71875
2161,50079,83,256,59637,0,341,150475,0.48399999999674037,-1783000.0,-6362000.0,1504000.0,4562.0,113.0,5796.0,12.738058090209961,-105.77875518798828,398708.71875
2161,50080,83,257,10485,0,341,150475,0.7339999999967404,-1782000.0,-6362000.0,1505000.0,4562.0,114.8,5795.0,12.738058090209961,-105.77875518798828,398708.71875
2161,50081,83,257,27525,0,341,150475,0.9839999999967404,-1781000.0,-6362000.0,1507000.0,4563.0,116.7,5795.0,12.738058090209961,-105.77875518798828,398708.71875
2161,50082,83,257,43909,0,341,150476,0.23399999999674037,-1780000.0,-6362000.0,1508000.0,4564.0,118.6,5794.0,12.738058090209961,-105.77875518798828,398708.71875
2161,50083,83,257,60293,0,341,150476,0.48399999999674037,-1779000.0,-6362000.0,1509000.0,4564.0,120.5,5794.0,12.738058090209961,-105.77875518798828,398708.71875
2161,50084,83,258,27525,0,341,150476,0.9839999999967404,-1776000.0,-6361000.0,1512000.0,4565.0,124.2,5793.0,12.738058090209961,-105.77875518798828,398708.71875
2161,50085,83,258,43909,0,341,150477,0.23399999999674037,-1775000.0,-6361000.0,1514000.0,4566.0,126.1,5792.0,12.738058090209961,-105.77875518798828,398708.71875
2161,50086,83,258,60293,0,341,150477,0.48399999999674037,-1774000.0,-6361000.0,1515000.0,4566.0,127.9,5792.0,12.738058090209961,-105.77875518798828,398708.71875
2161,50087,83,259,11141,0,341,150477,0.7339999999967404,-1773000.0,-6361000.0,1517000.0,4567.0,129.8,5791.0,12.738058090209961,-105.77875518798828,398708.71875
2161,50088,83,259,27525,0,341,150477,0.9839999999967404,-1772000.0,-6361000.0,1518000.0,4568.0,131.7,5791.0,12.738058090209961,-105.77875518798828,398708.71875
2161,50089,83,259,43909,0,341,150478,0.23399999999674037,-1771000.0,-6361000.0,1519000.0,4568.0,133.5,5790.0,12.738058090209961,-105.77875518798828,398708.71875
2161,50090,83,259,60293,0,341,150478,0.48399999999674037,-1769000.0,-6361000.0,1521000.0,4569.0,135.3,5790.0,12.738058090209961,-105.77875518798828,398708.71875
2161,50091,83,260,11141,0,341,150478,0.7339999999967404,-1768000.0,-6361000.0,1522000.0,4569.0,137.2,5789.0,12.738058090209961,-105.77875518798828,398708.71875
2161,50092,83,260,27525,0,341,150478,0.9839999999967404,-1767000.0,-6361000.0,1524000.0,4570.0,139.1,5789.0,12.738058090209961,-105.77875518798828,398708.71875
2161,50093,83,260,43909,0,341,150479,0.23399999999674037,-1766000.0,-6361000.0,1525000.0,4570.0,140.9,5788.0,12.738058090209961,-105.77875518798828,398708.71875
2161,50094,83,260,60293,0,341,150479,0.48399999999674037,-1765000.0,-6361000.0,1527000.0,4571.0,142.9,5788.0,12.738058090209961,-105.77875518798828,398708.71875
2161,50095,83,261,11796,0,341,150479,0.7339999999967404,-1764000.0,-6361000.0,1528000.0,4572.0,144.7,5787.0,12.738058090209961,-105.77875518798828,398708.71875
2161,50096,83,261,28180,0,341,150479,0.9839999999967404,-1763000.0,-6361000.0,1530000.0,4572.0,146.6,5787.0,12.738058090209961,-105.77875518798828,398708.71875
2161,50097,83,261,44564,0,341,150480,0.23399999999674037,-1762000.0,-6361000.0,1531000.0,4573.0,148.4,5786.0,12.738058090209961,-105.77875518798828,398708.71875
2161,50098,83,262,11796,0,341,150480,0.7339999999967404,-1759000.0,-6361000.0,1534000.0,4574.0,152.1,5785.0,12.738058090209961,-105.77875518798828,398708.71875
2161,50099,83,262,28180,0,341,150480,0.9839999999967404,-1758000.0,-6361000.0,1535000.0,4574.0,154.0,5785.0,12.738058090209961,-105.77875518798828,398708.71875
2161,50100,83,262,44564,0,341,150481,0.23399999999674037,-1757000.0,-6361000.0,1537000.0,4575.0,155.8,5784.0,12.738058090209961,-105.77875518798828,398708.71875
2161,50101,83,262,60948,0,341,150481,0.48399999999674037,-1756000.0,-6361000.0,1538000.0,4576.0,157.7,5784.0,12.738058090209961,-105.77875518798828,398708.71875
2161,50102,83,263,11796,0,341,150481,0.7339999999967404,-1755000.0,-6361000.0,1540000.0,4576.0,159.6,5784.0,12.738058090209961,-105.77875518798828,398708.71875
2161,50103,83,263,28180,0,341,150481,0.9839999999967404,-1754000.0,-6361000.0,1541000.0,4577.0,161.4,5783.0,12.738058090209961,-105.77875518798828,398708.71875
2161,50104,83,263,44564,0,341,150482,0.23399999999674037,-1753000.0,-6361000.0,1542000.0,4577.0,163.3,5783.0,12.738058090209961,-105.77875518798828,398708.71875
2161,50105,83,263,60948,0,341,150482,0.48399999999674037,-1751000.0,-6361000.0,1544000.0,4578.0,165.2,5782.0,12.738058090209961,-105.77875518798828,398708.71875
2161,50106,83,264,11796,0,341,150482,0.7339999999967404,-1750000.0,-6361000.0,1545000.0,4578.0,167.0,5781.0,12.738058090209961,-105.77875518798828,398708.71875
2161,50107,83,264,28180,0,341,150482,0.9839999999967404,-1749000.0,-6361000.0,1547000.0,4579.0,168.9,5781.0,12.738058090209961,-105.77875518798828,398708.71875
2161,50108,83,264,44564,0,341,150483,0.23399999999674037,-1748000.0,-6361000.0,1548000.0,4579.0,170.7,5781.0,12.738058090209961,-105.77875518798828,398708.71875
2161,50109,83,264,60948,0,341,150483,0.48399999999674037,-1747000.0,-6360000.0,1550000.0,4580.0,172.6,5780.0,12.738058090209961,-105.77875518798828,398708.71875
2161,50110,83,265,12451,0,341,150483,0.7339999999967404,-1746000.0,-6360000.0,1551000.0,4581.0,174.5,5780.0,12.738058090209961,-105.77875518798828,398708.71875
2161,50111,83,265,28835,0,341,150483,0.9839999999967404,-1745000.0,-6360000.0,1552000.0,4581.0,176.4,5779.0,12.738058090209961,-105.77875518798828,398708.71875
2161,50112,83,265,45219,0,341,150484,0.23399999999674037,-1743000.0,-6360000.0,1554000.0,4582.0,178.2,5779.0,12.738058090209961,-105.77875518798828,398708.71875
2161,50113,83,265,61603,0,341,150484,0.48399999999674037,-1742000.0,-6360000.0,1555000.0,4582.0,180.1,5778.0,12.738058090209961,-105.77875518798828,398708.71875
2161,50114,83,266,12451,0,341,150484,0.7339999999967404,-1741000.0,-6360000.0,1557000.0,4583.0,181.9,5778.0,12.738058090209961,-105.77875518798828,398708.71875
2161,50115,83,266,28835,0,341,150484,0.9839999999967404,-1740000.0,-6360000.0,1558000.0,4583.0,183.8,5777.0,12.738058090209961,-105.77875518798828,398708.71875
2161,50116,83,266,45219,0,341,150485,0.23399999999674037,-1739000.0,-6360000.0,1560000.0,4584.0,185.7,5777.0,12.738058090209961,-105.77875518798828,398708.71875
2161,50117,83,266,61603,0,341,150485,0.48399999999674037,-1738000.0,-6360000.0,1561000.0,4585.0,187.5,5776.0,12.738058090209961,-105.77875518798828,398708.71875
2161,50118,83,267,12451,0,341,150485,0.7339999999967404,-1737000.0,-6360000.0,1562000.0,4585.0,189.4,5776.0,12.738058090209961,-105.77875518798828,398708.71875
2161,50119,83,267,28835,0,341,150485,0.9839999999967404,-1736000.0,-6360000.0,1564000.0,4586.0,191.2,5775.0,12.738058090209961,-105.77875518798828,398708.71875
2161,50120,83,267,45219,0,341,150486,0.23399999999674037,-1734000.0,-6360000.0,1565000.0,4586.0,193.1,5775.0,12.738058090209961,-105.77875518798828,398708.71875
2161,50121,83,267,61603,0,341,150486,0.48399999999674037,-1733000.0,-6360000.0,1567000.0,4587.0,195.0,5774.0,12.738058090209961,-105.77875518798828,398708.71875
2161,50122,83,268,12451,0,341,150486,0.7339999999967404,-1732000.0,-6360000.0,1568000.0,4587.0,196.9,5774.0,12.738058090209961,-105.77875518798828,398708.71875
2161,50123,83,268,28835,0,341,150486,0.9839999999967404,-1731000.0,-6360000.0,1570000.0,4588.0,198.7,5773.0,12.738058090209961,-105.77875518798828,398708.71875
2161,50124,83,268,45219,0,341,150487,0.23399999999674037,-1730000.0,-6360000.0,1571000.0,4588.0,200.6,5773.0,12.738058090209961,-105.77875518798828,398708.71875
2161,50125,83,268,61603,0,341,150487,0.48399999999674037,-1729000.0,-6360000.0,1572000.0,4589.0,202.4,5772.0,12.738058090209961,-105.77875518798828,398708.71875
2161,50126,83,269,12451,0,341,150487,0.7339999999967404,-1728000.0,-6360000.0,1574000.0,4590.0,204.3,5772.0,12.738058090209961,-105.77875518798828,398708.71875
2161,50127,83,269,28835,0,341,150487,0.9839999999967404,-1726000.0,-6360000.0,1575000.0,4590.0,206.2,5771.0,12.738058090209961,-105.77875518798828,398708.71875
2161,50128,83,269,45219,0,341,150488,0.23399999999674037,-1725000.0,-6360000.0,1577000.0,4591.0,208.0,5771.0,12.738058090209961,-105.77875518798828,398708.71875
2161,50129,83,269,61603,0,341,150488,0.48399999999674037,-1724000.0,-6360000.0,1578000.0,4591.0,209.9,5770.0,12.738058090209961,-105.77875518798828,398708.71875
2161,50130,83,270,12451,0,341,150488,0.48399999999674037,-1724000.0,-6360000.0,1578000.0,4591.0,209.9,5770.0,13.564107894897461,-105.15997314453125,398496.28125
2161,50131,83,270,28835,0,341,150488,0.48399999999674037,-1724000.0,-6360000.0,1578000.0,4591.0,209.9,5770.0,13.576203346252441,-105.15081787109375,398494.25
2161,50132,83,270,61603,0,341,150489,0.48399999999674037,-1720000.0,-6359000.0,1584000.0,4594.0,217.3,5768.0,13.576203346252441,-105.15081787109375,398494.25
2161,50133,83,271,12451,0,341,150489,0.7339999999967404,-1719000.0,-6359000.0,1585000.0,4594.0,219.2,5767.0,13.576203346252441,-105.15081787109375,398494.25
2161,50134,83,271,28835,0,341,150489,0.9839999999967404,-1717000.0,-6359000.0,1587000.0,4595.0,221.1,5767.0,13.576203346252441,-105.15081787109375,398494.25
2161,50135,83,271,45219,0,341,150490,0.23399999999674037,-1716000.0,-6359000.0,1588000.0,4595.0,222.9,5766.0,13.576203346252441,-105.15081787109375,398494.25
2161,50136,83,271,61603,0,341,150490,0.48399999999674037,-1715000.0,-6359000.0,1590000.0,4596.0,224.8,5766.0,13.576203346252441,-105.15081787109375,398494.25
2161,50137,83,272,12451,0,341,150490,0.7339999999967404,-1714000.0,-6359000.0,1591000.0,4596.0,226.6,5765.0,13.576203346252441,-105.15081787109375,398494.25
2161,50138,83,272,28835,0,341,150490,0.9839999999967404,-1713000.0,-6359000.0,1592000.0,4597.0,228.5,5765.0,13.576203346252441,-105.15081787109375,398494.25
2161,50139,83,272,45219,0,341,150491,0.23399999999674037,-1712000.0,-6359000.0,1594000.0,4597.0,230.4,5764.0,13.576203346252441,-105.15081787109375,398494.25
2161,50140,83,272,61603,0,341,150491,0.48399999999674037,-1711000.0,-6359000.0,1595000.0,4598.0,232.2,5764.0,13.576203346252441,-105.15081787109375,398494.25
2161,50141,83,273,12451,0,341,150491,0.7339999999967404,-1709000.0,-6359000.0,1597000.0,4599.0,234.1,5763.0,13.576203346252441,-105.15081787109375,398494.25
2161,50142,83,273,28835,0,341,150491,0.9839999999967404,-1708000.0,-6359000.0,1598000.0,4599.0,236.0,5763.0,13.576203346252441,-105.15081787109375,398494.25
2161,50143,83,273,45219,0,341,150492,0.23399999999674037,-1707000.0,-6359000.0,1600000.0,4600.0,237.8,5762.0,13.576203346252441,-105.15081787109375,398494.25
2161,50144,83,273,61603,0,341,150492,0.48399999999674037,-1706000.0,-6359000.0,1601000.0,4600.0,239.7,5762.0,13.576203346252441,-105.15081787109375,398494.25
2161,50145,83,274,13107,0,341,150492,0.7339999999967404,-1705000.0,-6359000.0,1602000.0,4601.0,241.5,5761.0,13.576203346252441,-105.15081787109375,398494.25
2161,50146,83,274,29491,0,341,150492,0.9839999999967404,-1704000.0,-6359000.0,1604000.0,4601.0,243.4,5761.0,13.576203346252441,-105.15081787109375,398494.25
2161,50147,83,274,45875,0,341,150493,0.23399999999674037,-1703000.0,-6358000.0,1605000.0,4602.0,245.3,5760.0,13.576203346252441,-105.15081787109375,398494.25
2161,50148,83,274,62259,0,341,150493,0.23399999999674037,-1703000.0,-6358000.0,1605000.0,4602.0,245.3,5760.0,13.801403045654297,-104.98106384277344,398441.21875
2161,50149,83,275,29491,0,341,150493,0.9839999999967404,-1699000.0,-6358000.0,1610000.0,4603.0,250.9,5759.0,13.801403045654297,-104.98106384277344,398441.21875
2161,50150,83,275,45875,0,341,150494,0.23399999999674037,-1698000.0,-6358000.0,1611000.0,4604.0,252.7,5758.0,13.801403045654297,-104.98106384277344,398441.21875
2161,50151,83,275,62259,0,341,150494,0.48399999999674037,-1697000.0,-6358000.0,1612000.0,4605.0,254.6,5758.0,13.801403045654297,-104.98106384277344,398441.21875
2161,50152,83,276,13107,0,341,150494,0.7339999999967404,-1696000.0,-6358000.0,1614000.0,4605.0,256.4,5757.0,13.801403045654297,-104.98106384277344,398441.21875
2161,50153,83,276,29491,0,341,150494,0.9839999999967404,-1695000.0,-6358000.0,1615000.0,4606.0,258.3,5757.0,13.801403045654297,-104.98106384277344,398441.21875
2161,50154,83,276,45875,0,341,150495,0.23399999999674037,-1694000.0,-6358000.0,1617000.0,4606.0,260.2,5756.0,13.801403045654297,-104.98106384277344,398441.21875
2161,50155,83,276,62259,0,341,150495,0.48399999999674037,-1692000.0,-6358000.0,1618000.0,4607.0,262.0,5756.0,13.801403045654297,-104.98106384277344,398441.21875
2161,50156,83,277,13107,0,341,150495,0.7339999999967404,-1691000.0,-6358000.0,1620000.0,4607.0,263.9,5755.0,13.801403045654297,-104.98106384277344,398441.21875
2161,50157,83,277,29491,0,341,150495,0.9839999999967404,-1690000.0,-6358000.0,1621000.0,4608.0,265.7,5755.0,13.801403045654297,-104.98106384277344,398441.21875
2161,50158,83,277,45875,0,341,150496,0.23399999999674037,-1689000.0,-6358000.0,1622000.0,4608.0,267.6,5754.0,13.801403045654297,-104.98106384277344,398441.21875
2161,50159,83,277,62259,0,341,150496,0.48399999999674037,-1688000.0,-6358000.0,1624000.0,4609.0,269.4,5754.0,13.801403045654297,-104.98106384277344,398441.21875
2161,50160,83,278,13107,0,341,150496,0.7339999999967404,-1687000.0,-6358000.0,1625000.0,4610.0,271.4,5753.0,13.801403045654297,-104.98106384277344,398441.21875
2161,50161,83,278,30146,0,341,150496,0.9839999999967404,-1686000.0,-6357000.0,1627000.0,4610.0,273.2,5753.0,13.801403045654297,-104.98106384277344,398441.21875
2161,50162,83,278,46530,0,341,150497,0.23399999999674037,-1684000.0,-6357000.0,1628000.0,4611.0,275.1,5752.0,13.801403045654297,-104.98106384277344,398441.21875
2161,50163,83,278,62914,0,341,150497,0.48399999999674037,-1683000.0,-6357000.0,1629000.0,4611.0,276.9,5752.0,13.801403045654297,-104.98106384277344,398441.21875
2161,50164,83,279,13762,0,341,150497,0.7339999999967404,-1682000.0,-6357000.0,1631000.0,4612.0,278.7,5751.0,13.801403045654297,-104.98106384277344,398441.21875
2161,50165,83,279,30146,0,341,150497,0.9839999999967404,-1681000.0,-6357000.0,1632000.0,4612.0,280.6,5750.0,13.801403045654297,-104.98106384277344,398441.21875
2161,50166,83,279,46530,0,341,150498,0.23399999999674037,-1680000.0,-6357000.0,1634000.0,4613.0,282.5,5750.0,13.801403045654297,-104.98106384277344,398441.21875
2161,50167,83,279,62914,0,341,150498,0.48399999999674037,-1679000.0,-6357000.0,1635000.0,4613.0,284.4,5749.0,13.801403045654297,-104.98106384277344,398441.21875
2161,50168,83,280,13762,0,341,150498,0.7339999999967404,-1678000.0,-6357000.0,1637000.0,4614.0,286.2,5749.0,13.801403045654297,-104.98106384277344,398441.21875
2161,50169,83,280,30146,0,341,150498,0.9839999999967404,-1676000.0,-6357000.0,1638000.0,4614.0,288.1,5748.0,13.801403045654297,-104.98106384277344,398441.21875
2161,50170,83,280,46530,0,341,150499,0.23399999999674037,-1675000.0,-6357000.0,1639000.0,4615.0,289.9,5748.0,13.801403045654297,-104.98106384277344,398441.21875
2161,50171,83,280,62914,0,341,150499,0.48399999999674037,-1674000.0,-6357000.0,1641000.0,4616.0,291.8,5747.0,13.801403045654297,-104.98106384277344,398441.21875
2161,50172,83,281,13762,0,341,150499,0.7339999999967404,-1673000.0,-6357000.0,1642000.0,4616.0,293.7,5747.0,13.801403045654297,-104.98106384277344,398441.21875
2161,50173,83,281,30146,0,341,150499,0.9839999999967404,-1672000.0,-6357000.0,1644000.0,4617.0,295.5,5746.0,13.801403045654297,-104.98106384277344,398441.21875
2161,50174,83,281,46530,0,341,150500,0.23399999999674037,-1671000.0,-6357000.0,1645000.0,4617.0,297.3,5746.0,13.801403045654297,-104.98106384277344,398441.21875
2161,50175,83,281,63569,0,341,150500,0.48399999999674037,-1670000.0,-6356000.0,1647000.0,4618.0,299.2,5745.0,13.801403045654297,-104.98106384277344,398441.21875
2161,50176,83,282,14417,0,341,150500,0.7339999999967404,-1668000.0,-6356000.0,1648000.0,4618.0,301.1,5745.0,13.801403045654297,-104.98106384277344,398441.21875
2161,50177,83,282,30801,0,341,150500,0.7339999999967404,-1668000.0,-6356000.0,1648000.0,4618.0,301.1,5745.0,14.175576210021973,-104.69778442382812,398343.5625
2161,50178,83,282,47185,0,341,150501,0.23399999999674037,-1666000.0,-6356000.0,1651000.0,4619.0,304.8,5744.0,14.175576210021973,-104.69778442382812,398343.5625
2161,50179,83,282,63569,0,341,150501,0.48399999999674037,-1665000.0,-6356000.0,1652000.0,4620.0,306.7,5743.0,14.175576210021973,-104.69778442382812,398343.5625
2161,50180,83,283,30801,0,341,150501,0.9839999999967404,-1663000.0,-6356000.0,1655000.0,4621.0,310.4,5742.0,14.175576210021973,-104.69778442382812,398343.5625
2161,50181,83,283,47185,0,341,150502,0.23399999999674037,-1662000.0,-6356000.0,1657000.0,4622.0,312.3,5742.0,14.175576210021973,-104.69778442382812,398343.5625
2161,50182,83,283,63569,0,341,150502,0.48399999999674037,-1660000.0,-6356000.0,1658000.0,4622.0,314.2,5741.0,14.175576210021973,-104.69778442382812,398343.5625
2161,50183,83,284,14417,0,341,150502,0.7339999999967404,-1659000.0,-6356000.0,1659000.0,4623.0,316.0,5740.0,14.175576210021973,-104.69778442382812,398343.5625
2161,50184,83,284,30801,0,341,150502,0.9839999999967404,-1658000.0,-6356000.0,1661000.0,4623.0,317.8,5740.0,14.175576210021973,-104.69778442382812,398343.5625
2161,50185,83,284,47185,0,341,150503,0.23399999999674037,-1657000.0,-6356000.0,1662000.0,4624.0,319.7,5739.0,14.175576210021973,-104.69778442382812,398343.5625
2161,50186,83,284,63569,0,341,150503,0.48399999999674037,-1656000.0,-6356000.0,1664000.0,4624.0,321.6,5739.0,14.175576210021973,-104.69778442382812,398343.5625
2161,50187,83,285,14417,0,341,150503,0.7339999999967404,-1655000.0,-6355000.0,1665000.0,4625.0,323.4,5738.0,14.175576210021973,-104.69778442382812,398343.5625
2161,50188,83,285,30801,0,341,150503,0.9839999999967404,-1654000.0,-6355000.0,1666000.0,4625.0,325.3,5738.0,14.175576210021973,-104.69778442382812,398343.5625
2161,50189,83,285,47185,0,341,150504,0.23399999999674037,-1652000.0,-6355000.0,1668000.0,4626.0,327.2,5737.0,14.175576210021973,-104.69778442382812,398343.5625
2161,50190,83,285,63569,0,341,150504,0.48399999999674037,-1651000.0,-6355000.0,1669000.0,4626.0,329.0,5737.0,14.175576210021973,-104.69778442382812,398343.5625
2161,50191,83,286,14417,0,341,150504,0.7339999999967404,-1650000.0,-6355000.0,1671000.0,4627.0,330.9,5736.0,14.175576210021973,-104.69778442382812,398343.5625
2161,50192,83,286,30801,0,341,150504,0.9839999999967404,-1649000.0,-6355000.0,1672000.0,4627.0,332.8,5736.0,14.175576210021973,-104.69778442382812,398343.5625
2161,50193,83,286,47185,0,341,150505,0.23399999999674037,-1648000.0,-6355000.0,1674000.0,4628.0,334.6,5735.0,14.175576210021973,-104.69778442382812,398343.5625
2161,50194,83,286,63569,0,341,150505,0.23399999999674037,-1648000.0,-6355000.0,1674000.0,4628.0,334.6,5735.0,14.400351524353027,-104.52711486816406,398281.03125
2161,50195,83,287,14417,0,341,150505,0.7339999999967404,-1646000.0,-6355000.0,1676000.0,4629.0,338.3,5734.0,14.400351524353027,-104.52711486816406,398281.03125
2161,50196,83,287,30801,0,341,150505,0.9839999999967404,-1644000.0,-6355000.0,1678000.0,4630.0,340.2,5733.0,14.400351524353027,-104.52711486816406,398281.03125
2161,50197,83,287,47185,0,341,150506,0.23399999999674037,-1643000.0,-6355000.0,1679000.0,4630.0,342.0,5733.0,14.400351524353027,-104.52711486816406,398281.03125
2161,50198,83,287,63569,0,341,150506,0.48399999999674037,-1642000.0,-6355000.0,1681000.0,4631.0,343.9,5732.0,14.400351524353027,-104.52711486816406,398281.03125
2161,50199,83,288,14417,0,341,150506,0.7339999999967404,-1641000.0,-6354000.0,1682000.0,4631.0,345.8,5732.0,14.400351524353027,-104.52711486816406,398281.03125
2161,50200,83,288,30801,0,341,150506,0.9839999999967404,-1640000.0,-6354000.0,1683000.0,4632.0,347.6,5731.0,14.400351524353027,-104.52711486816406,398281.03125
2161,50201,83,288,47185,0,341,150507,0.23399999999674037,-1639000.0,-6354000.0,1685000.0,4632.0,349.5,5731.0,14.400351524353027,-104.52711486816406,398281.03125
2161,50202,83,288,63569,0,341,150507,0.48399999999674037,-1638000.0,-6354000.0,1686000.0,4633.0,351.3,5730.0,14.400351524353027,-104.52711486816406,398281.03125
2161,50203,83,289,14417,0,341,150507,0.7339999999967404,-1636000.0,-6354000.0,1688000.0,4633.0,353.2,5730.0,14.400351524353027,-104.52711486816406,398281.03125
2161,50204,83,289,30801,0,341,150507,0.9839999999967404,-1635000.0,-6354000.0,1689000.0,4634.0,355.1,5729.0,14.400351524353027,-104.52711486816406,398281.03125
2161,50205,83,289,47185,0,341,150508,0.23399999999674037,-1634000.0,-6354000.0,1691000.0,4634.0,356.9,5729.0,14.400351524353027,-104.52711486816406,398281.03125
2161,50206,83,289,63569,0,341,150508,0.48399999999674037,-1633000.0,-6354000.0,1692000.0,4635.0,358.8,5728.0,14.400351524353027,-104.52711486816406,398281.03125
2161,50207,83,290,14417,0,341,150508,0.7339999999967404,-1632000.0,-6354000.0,1693000.0,4635.0,360.7,5728.0,14.400351524353027,-104.52711486816406,398281.03125
2161,50208,83,290,30801,0,341,150508,0.7339999999967404,-1632000.0,-6354000.0,1693000.0,4635.0,360.7,5728.0,14.57468032836914,-104.39427947998047,398234.0
2161,50209,83,290,47185,0,341,150509,0.23399999999674037,-1630000.0,-6354000.0,1696000.0,4637.0,364.4,5726.0,14.57468032836914,-104.39427947998047,398234.0
2161,50210,83,290,63569,0,341,150509,0.48399999999674037,-1628000.0,-6354000.0,1698000.0,4637.0,366.2,5726.0,14.57468032836914,-104.39427947998047,398234.0
2161,50211,83,291,14417,0,341,150509,0.7339999999967404,-1627000.0,-6353000.0,1699000.0,4638.0,368.1,5725.0,14.57468032836914,-104.39427947998047,398234.0
2161,50212,83,291,30801,0,341,150509,0.9839999999967404,-1626000.0,-6353000.0,1700000.0,4638.0,369.9,5725.0,14.57468032836914,-104.39427947998047,398234.0
2161,50213,83,291,47185,0,341,150510,0.23399999999674037,-1625000.0,-6353000.0,1702000.0,4639.0,371.8,5724.0,14.57468032836914,-104.39427947998047,398234.0
2161,50214,83,291,63569,0,341,150510,0.48399999999674037,-1624000.0,-6353000.0,1703000.0,4639.0,373.7,5724.0,14.57468032836914,-104.39427947998047,398234.0
2161,50215,83,292,14417,0,341,150510,0.7339999999967404,-1623000.0,-6353000.0,1705000.0,4640.0,375.5,5723.0,14.57468032836914,-104.39427947998047,398234.0
2161,50216,83,292,30801,0,341,150510,0.9839999999967404,-1622000.0,-6353000.0,1706000.0,4640.0,377.4,5723.0,14.57468032836914,-104.39427947998047,398234.0
2161,50217,83,292,47185,0,341,150511,0.23399999999674037,-1620000.0,-6353000.0,1708000.0,4641.0,379.2,5722.0,14.57468032836914,-104.39427947998047,398234.0
2161,50218,83,292,63569,0,341,150511,0.48399999999674037,-1619000.0,-6353000.0,1709000.0,4641.0,381.1,5722.0,14.57468032836914,-104.39427947998047,398234.0
2161,50219,83,293,14417,0,341,150511,0.7339999999967404,-1618000.0,-6353000.0,1710000.0,4642.0,383.0,5721.0,14.57468032836914,-104.39427947998047,398234.0
2161,50220,83,293,30801,0,341,150511,0.9839999999967404,-1617000.0,-6353000.0,1712000.0,4642.0,384.8,5720.0,14.57468032836914,-104.39427947998047,398234.0
2161,50221,83,293,47841,0,341,150512,0.23399999999674037,-1616000.0,-6352000.0,1713000.0,4643.0,386.7,5720.0,14.57468032836914,-104.39427947998047,398234.0
2161,50222,83,293,64225,0,341,150512,0.48399999999674037,-1615000.0,-6352000.0,1715000.0,4643.0,388.5,5719.0,14.57468032836914,-104.39427947998047,398234.0
2161,50223,83,294,15073,0,341,150512,0.48399999999674037,-1615000.0,-6352000.0,1715000.0,4643.0,388.5,5719.0,14.76186466217041,-104.25132751464844,398183.96875
2161,50224,83,294,47841,0,341,150513,0.23399999999674037,-1611000.0,-6352000.0,1719000.0,4645.0,394.1,5718.0,14.76186466217041,-104.25132751464844,398183.96875
2161,50225,83,294,64225,0,341,150513,0.48399999999674037,-1610000.0,-6352000.0,1720000.0,4646.0,395.9,5717.0,14.76186466217041,-104.25132751464844,398183.96875
2161,50226,83,295,15073,0,341,150513,0.7339999999967404,-1609000.0,-6352000.0,1722000.0,4646.0,397.8,5717.0,14.76186466217041,-104.25132751464844,398183.96875
2161,50227,83,295,31457,0,341,150513,0.9839999999967404,-1608000.0,-6352000.0,1723000.0,4647.0,399.7,5716.0,14.76186466217041,-104.25132751464844,398183.96875
2161,50228,83,295,47841,0,341,150514,0.23399999999674037,-1607000.0,-6352000.0,1725000.0,4647.0,401.5,5716.0,14.76186466217041,-104.25132751464844,398183.96875
2161,50229,83,295,64225,0,341,150514,0.48399999999674037,-1605000.0,-6352000.0,1726000.0,4648.0,403.4,5715.0,14.76186466217041,-104.25132751464844,398183.96875
2161,50230,83,296,15073,0,341,150514,0.7339999999967404,-1604000.0,-6352000.0,1727000.0,4648.0,405.2,5714.0,14.76186466217041,-104.25132751464844,398183.96875
2161,50231,83,296,31457,0,341,150514,0.9839999999967404,-1603000.0,-6351000.0,1729000.0,4649.0,407.1,5714.0,14.76186466217041,-104.25132751464844,398183.96875
2161,50232,83,296,47841,0,341,150515,0.23399999999674037,-1602000.0,-6351000.0,1730000.0,4649.0,408.9,5713.0,14.76186466217041,-104.25132751464844,398183.96875
2161,50233,83,296,64225,0,341,150515,0.48399999999674037,-1601000.0,-6351000.0,1732000.0,4650.0,410.8,5713.0,14.76186466217041,-104.25132751464844,398183.96875
2161,50234,83,297,15073,0,341,150515,0.7339999999967404,-1600000.0,-6351000.0,1733000.0,4650.0,412.7,5712.0,14.76186466217041,-104.25132751464844,398183.96875
2161,50235,83,297,32112,0,341,150515,0.9839999999967404,-1599000.0,-6351000.0,1734000.0,4651.0,414.6,5712.0,14.76186466217041,-104.25132751464844,398183.96875
2161,50236,83,297,48496,0,341,150516,0.23399999999674037,-1597000.0,-6351000.0,1736000.0,4651.0,416.4,5711.0,14.76186466217041,-104.25132751464844,398183.96875
2161,50237,83,297,64880,0,341,150516,0.48399999999674037,-1596000.0,-6351000.0,1737000.0,4652.0,418.2,5711.0,14.76186466217041,-104.25132751464844,398183.96875
2161,50238,83,298,32112,0,341,150516,0.9839999999967404,-1594000.0,-6351000.0,1740000.0,4653.0,422.0,5709.0,14.76186466217041,-104.25132751464844,398183.96875
2161,50239,83,298,48496,0,341,150517,0.23399999999674037,-1593000.0,-6350000.0,1742000.0,4653.0,423.8,5709.0,14.76186466217041,-104.25132751464844,398183.96875
2161,50240,83,298,64880,0,341,150517,0.48399999999674037,-1592000.0,-6350000.0,1743000.0,4654.0,425.7,5708.0,14.76186466217041,-104.25132751464844,398183.96875
2161,50241,83,299,15728,0,341,150517,0.7339999999967404,-1590000.0,-6350000.0,1744000.0,4655.0,427.5,5708.0,14.76186466217041,-104.25132751464844,398183.96875
2161,50242,83,299,32112,0,341,150517,0.9839999999967404,-1589000.0,-6350000.0,1746000.0,4655.0,429.4,5707.0,14.76186466217041,-104.25132751464844,398183.96875
2161,50243,83,299,48496,0,341,150518,0.23399999999674037,-1588000.0,-6350000.0,1747000.0,4656.0,431.2,5707.0,14.76186466217041,-104.25132751464844,398183.96875
2161,50244,83,299,64880,0,341,150518,0.48399999999674037,-1587000.0,-6350000.0,1749000.0,4656.0,433.1,5706.0,14.76186466217041,-104.25132751464844,398183.96875
2161,50245,83,300,15728,0,341,150518,0.7339999999967404,-1586000.0,-6350000.0,1750000.0,4657.0,435.0,5706.0,14.76186466217041,-104.25132751464844,398183.96875
2161,50246,83,300,32112,0,341,150518,0.9839999999967404,-1585000.0,-6350000.0,1751000.0,4657.0,436.8,5705.0,14.76186466217041,-104.25132751464844,398183.96875
2161,50247,83,300,48496,0,341,150519,0.23399999999674037,-1584000.0,-6350000.0,1753000.0,4658.0,438.7,5704.0,14.76186466217041,-104.25132751464844,398183.96875
2161,50248,83,300,64880,0,341,150519,0.48399999999674037,-1582000.0,-6350000.0,1754000.0,4658.0,440.5,5704.0,14.76186466217041,-104.25132751464844,398183.96875
2161,50249,83,301,16384,0,341,150519,0.7339999999967404,-1581000.0,-6349000.0,1756000.0,4659.0,442.4,5703.0,14.76186466217041,-104.25132751464844,398183.96875
2161,50250,83,301,32768,0,341,150519,0.9839999999967404,-1580000.0,-6349000.0,1757000.0,4659.0,444.3,5703.0,14.76186466217041,-104.25132751464844,398183.96875
2161,50251,83,301,49152,0,341,150520,0.23399999999674037,-1579000.0,-6349000.0,1758000.0,4660.0,446.1,5702.0,14.76186466217041,-104.25132751464844,398183.96875
2161,50252,83,302,16384,0,341,150520,0.7339999999967404,-1577000.0,-6349000.0,1761000.0,4661.0,449.8,5701.0,14.76186466217041,-104.25132751464844,398183.96875
2161,50253,83,302,49152,0,341,150521,0.23399999999674037,-1574000.0,-6349000.0,1764000.0,4662.0,453.5,5700.0,14.76186466217041,-104.25132751464844,398183.96875
2161,50254,83,303,0,0,341,150521,0.48399999999674037,-1573000.0,-6349000.0,1766000.0,4662.0,455.4,5699.0,14.76186466217041,-104.25132751464844,398183.96875
2161,50255,83,303,16384,0,341,150521,0.7339999999967404,-1572000.0,-6349000.0,1767000.0,4663.0,457.3,5699.0,14.76186466217041,-104.25132751464844,398183.96875
2161,50256,83,303,32768,0,341,150521,0.9839999999967404,-1571000.0,-6348000.0,1768000.0,4663.0,459.1,5698.0,14.76186466217041,-104.25132751464844,398183.96875
2161,50257,83,303,49152,0,341,150522,0.23399999999674037,-1570000.0,-6348000.0,1770000.0,4664.0,461.0,5698.0,14.76186466217041,-104.25132751464844,398183.96875
2161,50258,83,304,0,0,341,150522,0.48399999999674037,-1569000.0,-6348000.0,1771000.0,4664.0,462.8,5697.0,14.76186466217041,-104.25132751464844,398183.96875
2161,50259,83,304,16384,0,341,150522,0.48399999999674037,-1569000.0,-6348000.0,1771000.0,4664.0,462.8,5697.0,15.25969409942627,-103.8695297241211,398036.65625
2161,50260,83,304,49152,0,341,150523,0.23399999999674037,-1565000.0,-6348000.0,1775000.0,4666.0,468.4,5695.0,15.25969409942627,-103.8695297241211,398036.65625
2161,50261,83,305,0,0,341,150523,0.48399999999674037,-1564000.0,-6348000.0,1777000.0,4666.0,470.3,5695.0,15.25969409942627,-103.8695297241211,398036.65625
2161,50262,83,305,16384,0,341,150523,0.7339999999967404,-1563000.0,-6348000.0,1778000.0,4667.0,472.1,5694.0,15.25969409942627,-103.8695297241211,398036.65625
2161,50263,83,305,32768,0,341,150523,0.9839999999967404,-1562000.0,-6347000.0,1780000.0,4668.0,474.0,5694.0,15.25969409942627,-103.8695297241211,398036.65625
2161,50264,83,305,49152,0,341,150524,0.23399999999674037,-1561000.0,-6347000.0,1781000.0,4668.0,475.8,5693.0,15.25969409942627,-103.8695297241211,398036.65625
2161,50265,83,306,0,0,341,150524,0.48399999999674037,-1559000.0,-6347000.0,1782000.0,4669.0,477.7,5692.0,15.25969409942627,-103.8695297241211,398036.65625
2161,50266,83,306,16384,0,341,150524,0.7339999999967404,-1558000.0,-6347000.0,1784000.0,4669.0,479.6,5692.0,15.25969409942627,-103.8695297241211,398036.65625
2161,50267,83,306,32768,0,341,150524,0.9839999999967404,-1557000.0,-6347000.0,1785000.0,4670.0,481.4,5691.0,15.25969409942627,-103.8695297241211,398036.65625
2161,50268,83,306,49152,0,341,150525,0.23399999999674037,-1556000.0,-6347000.0,1787000.0,4670.0,483.3,5691.0,15.25969409942627,-103.8695297241211,398036.65625
2161,50269,83,307,0,0,341,150525,0.48399999999674037,-1555000.0,-6347000.0,1788000.0,4671.0,485.1,5690.0,15.25969409942627,-103.8695297241211,398036.65625
2161,50270,83,307,16384,0,341,150525,0.7339999999967404,-1554000.0,-6347000.0,1790000.0,4671.0,487.0,5690.0,15.25969409942627,-103.8695297241211,398036.65625
2161,50271,83,307,32768,0,341,150525,0.9839999999967404,-1552000.0,-6347000.0,1791000.0,4672.0,488.8,5689.0,15.25969409942627,-103.8695297241211,398036.65625
2161,50272,83,307,49152,0,341,150526,0.23399999999674037,-1551000.0,-6346000.0,1792000.0,4672.0,490.7,5688.0,15.25969409942627,-103.8695297241211,398036.65625
2161,50273,83,308,0,0,341,150526,0.48399999999674037,-1550000.0,-6346000.0,1794000.0,4673.0,492.5,5688.0,15.25969409942627,-103.8695297241211,398036.65625
2161,50274,83,308,16384,0,341,150526,0.7339999999967404,-1549000.0,-6346000.0,1795000.0,4673.0,494.4,5687.0,15.25969409942627,-103.8695297241211,398036.65625
2161,50275,83,308,32768,0,341,150526,0.9839999999967404,-1548000.0,-6346000.0,1797000.0,4674.0,496.3,5687.0,15.25969409942627,-103.8695297241211,398036.65625
2161,50276,83,309,16384,0,341,150527,0.7339999999967404,-1544000.0,-6346000.0,1801000.0,4675.0,501.8,5685.0,15.25969409942627,-103.8695297241211,398036.65625
2161,50277,83,309,32768,0,341,150527,0.9839999999967404,-1543000.0,-6346000.0,1802000.0,4676.0,503.7,5684.0,15.25969409942627,-103.8695297241211,398036.65625
2161,50278,83,309,49152,0,341,150528,0.23399999999674037,-1542000.0,-6345000.0,1804000.0,4676.0,505.5,5684.0,15.25969409942627,-103.8695297241211,398036.65625
2161,50279,83,310,0,0,341,150528,0.48399999999674037,-1541000.0,-6345000.0,1805000.0,4677.0,507.4,5683.0,15.25969409942627,-103.8695297241211,398036.65625
2161,50280,83,310,16384,0,341,150528,0.7339999999967404,-1540000.0,-6345000.0,1806000.0,4677.0,509.3,5683.0,15.25969409942627,-103.8695297241211,398036.65625
2161,50281,83,310,32768,0,341,150528,0.9839999999967404,-1539000.0,-6345000.0,1808000.0,4678.0,511.1,5682.0,15.25969409942627,-103.8695297241211,398036.65625
2161,50282,83,310,49152,0,341,150529,0.23399999999674037,-1537000.0,-6345000.0,1809000.0,4678.0,512.9,5682.0,15.25969409942627,-103.8695297241211,398036.65625
2161,50283,83,311,0,0,341,150529,0.48399999999674037,-1536000.0,-6345000.0,1811000.0,4679.0,514.8,5681.0,15.25969409942627,-103.8695297241211,398036.65625
2161,50284,83,311,16384,0,341,150529,0.7339999999967404,-1535000.0,-6345000.0,1812000.0,4679.0,516.7,5680.0,15.25969409942627,-103.8695297241211,398036.65625
2161,50285,83,311,32768,0,341,150529,0.9839999999967404,-1534000.0,-6345000.0,1813000.0,4680.0,518.5,5680.0,15.25969409942627,-103.8695297241211,398036.65625
2161,50286,83,311,49807,0,341,150530,0.23399999999674037,-1533000.0,-6344000.0,1815000.0,4680.0,520.4,5679.0,15.25969409942627,-103.8695297241211,398036.65625
2161,50287,83,312,655,0,341,150530,0.48399999999674037,-1532000.0,-6344000.0,1816000.0,4681.0,522.2,5679.0,15.25969409942627,-103.8695297241211,398036.65625
2161,50288,83,312,17039,0,341,150530,0.48399999999674037,-1532000.0,-6344000.0,1816000.0,4681.0,522.2,5679.0,15.657318115234375,-103.56260681152344,397916.0625
2161,50289,83,312,49807,0,341,150531,0.23399999999674037,-1528000.0,-6344000.0,1820000.0,4682.0,527.8,5677.0,15.657318115234375,-103.56260681152344,397916.0625
2161,50290,83,313,655,0,341,150531,0.48399999999674037,-1527000.0,-6344000.0,1822000.0,4683.0,529.7,5676.0,15.657318115234375,-103.56260681152344,397916.0625
2161,50291,83,313,17039,0,341,150531,0.7339999999967404,-1526000.0,-6344000.0,1823000.0,4683.0,531.5,5676.0,15.657318115234375,-103.56260681152344,397916.0625
2161,50292,83,313,33423,0,341,150531,0.9839999999967404,-1525000.0,-6343000.0,1825000.0,4684.0,533.3,5675.0,15.657318115234375,-103.56260681152344,397916.0625
2161,50293,83,313,49807,0,341,150532,0.23399999999674037,-1524000.0,-6343000.0,1826000.0,4684.0,535.2,5675.0,15.657318115234375,-103.56260681152344,397916.0625
2161,50294,83,314,655,0,341,150532,0.48399999999674037,-1522000.0,-6343000.0,1827000.0,4685.0,537.0,5674.0,15.657318115234375,-103.56260681152344,397916.0625
2161,50295,83,314,17039,0,341,150532,0.7339999999967404,-1521000.0,-6343000.0,1829000.0,4685.0,538.9,5673.0,15.657318115234375,-103.56260681152344,397916.0625
2161,50296,83,314,33423,0,341,150532,0.9839999999967404,-1520000.0,-6343000.0,1830000.0,4686.0,540.8,5673.0,15.657318115234375,-103.56260681152344,397916.0625
2161,50297,83,314,49807,0,341,150533,0.23399999999674037,-1519000.0,-6343000.0,1832000.0,4686.0,542.6,5672.0,15.657318115234375,-103.56260681152344,397916.0625
2161,50298,83,315,655,0,341,150533,0.48399999999674037,-1518000.0,-6343000.0,1833000.0,4687.0,544.5,5672.0,15.657318115234375,-103.56260681152344,397916.0625
2161,50299,83,315,17039,0,341,150533,0.7339999999967404,-1517000.0,-6343000.0,1834000.0,4687.0,546.4,5671.0,15.657318115234375,-103.56260681152344,397916.0625
2161,50300,83,315,34078,0,341,150533,0.9839999999967404,-1515000.0,-6342000.0,1836000.0,4688.0,548.2,5670.0,15.657318115234375,-103.56260681152344,397916.0625
2161,50301,83,315,50462,0,341,150534,0.23399999999674037,-1514000.0,-6342000.0,1837000.0,4688.0,550.1,5670.0,15.657318115234375,-103.56260681152344,397916.0625
2161,50302,83,316,1310,0,341,150534,0.23399999999674037,-1514000.0,-6342000.0,1837000.0,4688.0,550.1,5670.0,15.84343433380127,-103.4184799194336,397861.75
2161,50303,83,316,34078,0,341,150534,0.9839999999967404,-1511000.0,-6342000.0,1841000.0,4690.0,555.7,5668.0,15.84343433380127,-103.4184799194336,397861.75
2161,50304,83,316,50462,0,341,150535,0.23399999999674037,-1510000.0,-6342000.0,1843000.0,4690.0,557.5,5667.0,15.84343433380127,-103.4184799194336,397861.75
2161,50305,83,317,17694,0,341,150535,0.7339999999967404,-1507000.0,-6341000.0,1846000.0,4691.0,561.2,5666.0,15.84343433380127,-103.4184799194336,397861.75
2161,50306,83,317,34078,0,341,150535,0.9839999999967404,-1506000.0,-6341000.0,1847000.0,4692.0,563.0,5666.0,15.84343433380127,-103.4184799194336,397861.75
2161,50307,83,317,50462,0,341,150536,0.23399999999674037,-1505000.0,-6341000.0,1848000.0,4692.0,564.9,5665.0,15.84343433380127,-103.4184799194336,397861.75
2161,50308,83,318,1310,0,341,150536,0.48399999999674037,-1504000.0,-6341000.0,1850000.0,4693.0,566.8,5665.0,15.84343433380127,-103.4184799194336,397861.75
2161,50309,83,318,17694,0,341,150536,0.7339999999967404,-1503000.0,-6341000.0,1851000.0,4693.0,568.6,5664.0,15.84343433380127,-103.4184799194336,397861.75
2161,50310,83,318,34078,0,341,150536,0.9839999999967404,-1501000.0,-6341000.0,1853000.0,4694.0,570.4,5663.0,15.84343433380127,-103.4184799194336,397861.75
2161,50311,83,318,50462,0,341,150537,0.23399999999674037,-1500000.0,-6341000.0,1854000.0,4694.0,572.3,5663.0,15.84343433380127,-103.4184799194336,397861.75
2161,50312,83,319,1310,0,341,150537,0.48399999999674037,-1499000.0,-6340000.0,1856000.0,4695.0,574.2,5662.0,15.84343433380127,-103.4184799194336,397861.75
2161,50313,83,319,17694,0,341,150537,0.48399999999674037,-1499000.0,-6340000.0,1856000.0,4695.0,574.2,5662.0,16.00489616394043,-103.29301452636719,397808.625
2161,50314,83,319,34078,0,341,150537,0.9839999999967404,-1497000.0,-6340000.0,1858000.0,4696.0,577.9,5661.0,16.00489616394043,-103.29301452636719,397808.625
2161,50315,83,319,50462,0,341,150538,0.23399999999674037,-1496000.0,-6340000.0,1860000.0,4696.0,579.7,5660.0,16.00489616394043,-103.29301452636719,397808.625
2161,50316,83,320,1310,0,341,150538,0.48399999999674037,-1494000.0,-6340000.0,1861000.0,4697.0,581.6,5660.0,16.00489616394043,-103.29301452636719,397808.625
2161,50317,83,320,17694,0,341,150538,0.7339999999967404,-1493000.0,-6340000.0,1863000.0,4697.0,583.5,5659.0,16.00489616394043,-103.29301452636719,397808.625
2161,50318,83,320,34078,0,341,150538,0.9839999999967404,-1492000.0,-6340000.0,1864000.0,4698.0,585.3,5659.0,16.00489616394043,-103.29301452636719,397808.625
2161,50319,83,320,50462,0,341,150539,0.23399999999674037,-1491000.0,-6339000.0,1865000.0,4698.0,587.1,5658.0,16.00489616394043,-103.29301452636719,397808.625
2161,50320,83,321,1310,0,341,150539,0.48399999999674037,-1490000.0,-6339000.0,1867000.0,4699.0,589.0,5657.0,16.00489616394043,-103.29301452636719,397808.625
2161,50321,83,321,17694,0,341,150539,0.7339999999967404,-1489000.0,-6339000.0,1868000.0,4699.0,590.8,5657.0,16.00489616394043,-103.29301452636719,397808.625
2161,50322,83,321,34078,0,341,150539,0.9839999999967404,-1488000.0,-6339000.0,1870000.0,4700.0,592.7,5656.0,16.00489616394043,-103.29301452636719,397808.625
2161,50323,83,321,50462,0,341,150540,0.23399999999674037,-1486000.0,-6339000.0,1871000.0,4700.0,594.5,5656.0,16.00489616394043,-103.29301452636719,397808.625
2161,50324,83,322,1310,0,341,150540,0.48399999999674037,-1485000.0,-6339000.0,1872000.0,4701.0,596.4,5655.0,16.00489616394043,-103.29301452636719,397808.625
2161,50325,83,322,17694,0,341,150540,0.7339999999967404,-1484000.0,-6339000.0,1874000.0,4701.0,598.3,5654.0,16.00489616394043,-103.29301452636719,397808.625
2161,50326,83,322,34078,0,341,150540,0.9839999999967404,-1483000.0,-6338000.0,1875000.0,4702.0,600.1,5654.0,16.00489616394043,-103.29301452636719,397808.625
2161,50327,83,322,50462,0,341,150541,0.23399999999674037,-1482000.0,-6338000.0,1877000.0,4702.0,601.9,5653.0,16.00489616394043,-103.29301452636719,397808.625
2161,50328,83,323,1310,0,341,150541,0.48399999999674037,-1481000.0,-6338000.0,1878000.0,4703.0,603.8,5653.0,16.00489616394043,-103.29301452636719,397808.625
2161,50329,83,323,17694,0,341,150541,0.48399999999674037,-1481000.0,-6338000.0,1878000.0,4703.0,603.8,5653.0,16.203310012817383,-103.1384506225586,397751.1875
2161,50330,83,323,34078,0,341,150541,0.9839999999967404,-1478000.0,-6338000.0,1881000.0,4704.0,607.5,5651.0,16.203310012817383,-103.1384506225586,397751.1875
2161,50331,83,323,50462,0,341,150542,0.23399999999674037,-1477000.0,-6338000.0,1882000.0,4704.0,609.4,5651.0,16.203310012817383,-103.1384506225586,397751.1875
2161,50332,83,324,1310,0,341,150542,0.48399999999674037,-1476000.0,-6338000.0,1884000.0,4705.0,611.2,5650.0,16.203310012817383,-103.1384506225586,397751.1875
2161,50333,83,324,17694,0,341,150542,0.7339999999967404,-1475000.0,-6337000.0,1885000.0,4705.0,613.1,5650.0,16.203310012817383,-103.1384506225586,397751.1875
2161,50334,83,324,34078,0,341,150542,0.9839999999967404,-1474000.0,-6337000.0,1886000.0,4706.0,614.9,5649.0,16.203310012817383,-103.1384506225586,397751.1875
2161,50335,83,324,50462,0,341,150543,0.23399999999674037,-1472000.0,-6337000.0,1888000.0,4706.0,616.8,5648.0,16.203310012817383,-103.1384506225586,397751.1875
2161,50336,83,325,1310,0,341,150543,0.48399999999674037,-1471000.0,-6337000.0,1889000.0,4707.0,618.6,5648.0,16.203310012817383,-103.1384506225586,397751.1875
2161,50337,83,325,17694,0,341,150543,0.7339999999967404,-1470000.0,-6337000.0,1891000.0,4707.0,620.5,5647.0,16.203310012817383,-103.1384506225586,397751.1875
2161,50338,83,325,34078,0,341,150543,0.9839999999967404,-1469000.0,-6337000.0,1892000.0,4708.0,622.3,5647.0,16.203310012817383,-103.1384506225586,397751.1875
2161,50339,83,325,50462,0,341,150544,0.23399999999674037,-1468000.0,-6336000.0,1893000.0,4708.0,624.2,5646.0,16.203310012817383,-103.1384506225586,397751.1875
2161,50340,83,326,1310,0,341,150544,0.48399999999674037,-1467000.0,-6336000.0,1895000.0,4709.0,626.0,5645.0,16.203310012817383,-103.1384506225586,397751.1875
2161,50341,83,326,18350,0,341,150544,0.7339999999967404,-1465000.0,-6336000.0,1896000.0,4709.0,627.9,5645.0,16.203310012817383,-103.1384506225586,397751.1875
2161,50342,83,326,34734,0,341,150544,0.9839999999967404,-1464000.0,-6336000.0,1897000.0,4710.0,629.7,5644.0,16.203310012817383,-103.1384506225586,397751.1875
2161,50343,83,326,51118,0,341,150545,0.23399999999674037,-1463000.0,-6336000.0,1899000.0,4710.0,631.6,5644.0,16.203310012817383,-103.1384506225586,397751.1875
2161,50344,83,327,1966,0,341,150545,0.48399999999674037,-1462000.0,-6336000.0,1900000.0,4711.0,633.5,5643.0,16.203310012817383,-103.1384506225586,397751.1875
2161,50345,83,327,18350,0,341,150545,0.7339999999967404,-1461000.0,-6335000.0,1902000.0,4711.0,635.3,5642.0,16.203310012817383,-103.1384506225586,397751.1875
2161,50346,83,327,34734,0,341,150545,0.9839999999967404,-1460000.0,-6335000.0,1903000.0,4712.0,637.2,5642.0,16.203310012817383,-103.1384506225586,397751.1875
2161,50347,83,327,51118,0,341,150546,0.23399999999674037,-1458000.0,-6335000.0,1904000.0,4712.0,639.0,5641.0,16.203310012817383,-103.1384506225586,397751.1875
2161,50348,83,328,1966,0,341,150546,0.48399999999674037,-1457000.0,-6335000.0,1906000.0,4713.0,640.8,5640.0,16.203310012817383,-103.1384506225586,397751.1875
2161,50349,83,328,18350,0,341,150546,0.7339999999967404,-1456000.0,-6335000.0,1907000.0,4713.0,642.7,5640.0,16.203310012817383,-103.1384506225586,397751.1875
2161,50350,83,328,34734,0,341,150546,0.9839999999967404,-1455000.0,-6335000.0,1909000.0,4714.0,644.6,5639.0,16.203310012817383,-103.1384506225586,397751.1875
2161,50351,83,328,51118,0,341,150547,0.23399999999674037,-1454000.0,-6335000.0,1910000.0,4714.0,646.4,5639.0,16.203310012817383,-103.1384506225586,397751.1875
2161,50352,83,329,1966,0,341,150547,0.48399999999674037,-1453000.0,-6334000.0,1911000.0,4715.0,648.3,5638.0,16.203310012817383,-103.1384506225586,397751.1875
2161,50353,83,329,18350,0,341,150547,0.7339999999967404,-1451000.0,-6334000.0,1913000.0,4715.0,650.1,5637.0,16.203310012817383,-103.1384506225586,397751.1875
2161,50354,83,329,34734,0,341,150547,0.9839999999967404,-1450000.0,-6334000.0,1914000.0,4716.0,652.0,5637.0,16.203310012817383,-103.1384506225586,397751.1875
2161,50355,83,329,51118,0,341,150548,0.23399999999674037,-1449000.0,-6334000.0,1916000.0,4716.0,653.8,5636.0,16.203310012817383,-103.1384506225586,397751.1875
2161,50356,83,330,1966,0,341,150548,0.48399999999674037,-1448000.0,-6334000.0,1917000.0,4717.0,655.7,5636.0,16.203310012817383,-103.1384506225586,397751.1875
2161,50357,83,330,19005,0,341,150548,0.7339999999967404,-1447000.0,-6334000.0,1918000.0,4717.0,657.5,5635.0,16.203310012817383,-103.1384506225586,397751.1875
2161,50358,83,330,35389,0,341,150548,0.9839999999967404,-1446000.0,-6333000.0,1920000.0,4718.0,659.4,5634.0,16.203310012817383,-103.1384506225586,397751.1875
2161,50359,83,330,51773,0,341,150548,0.9839999999967404,-1446000.0,-6333000.0,1920000.0,4718.0,659.4,5634.0,16.5747013092041,-102.84808349609375,397627.875
2161,50360,83,331,2621,0,341,150548,0.9839999999967404,-1446000.0,-6333000.0,1920000.0,4718.0,659.4,5634.0,16.587173461914062,-102.83818817138672,397623.375
2161,50361,83,331,19005,0,341,150549,0.7339999999967404,-1442000.0,-6333000.0,1924000.0,4719.0,664.9,5632.0,16.587173461914062,-102.83818817138672,397623.375
2161,50362,83,331,35389,0,341,150549,0.9839999999967404,-1441000.0,-6333000.0,1925000.0,4720.0,666.8,5632.0,16.587173461914062,-102.83818817138672,397623.375
2161,50363,83,331,51773,0,341,150550,0.23399999999674037,-1440000.0,-6333000.0,1927000.0,4720.0,668.6,5631.0,16.587173461914062,-102.83818817138672,397623.375
2161,50364,83,332,19005,0,341,150550,0.7339999999967404,-1437000.0,-6332000.0,1930000.0,4721.0,672.3,5630.0,16.587173461914062,-102.83818817138672,397623.375
2161,50365,83,332,35389,0,341,150550,0.9839999999967404,-1436000.0,-6332000.0,1931000.0,4721.0,674.2,5629.0,16.587173461914062,-102.83818817138672,397623.375
2161,50366,83,332,51773,0,341,150551,0.23399999999674037,-1435000.0,-6332000.0,1932000.0,4722.0,676.0,5629.0,16.587173461914062,-102.83818817138672,397623.375
2161,50367,83,333,2621,0,341,150551,0.48399999999674037,-1434000.0,-6332000.0,1934000.0,4722.0,677.9,5628.0,16.587173461914062,-102.83818817138672,397623.375
2161,50368,83,333,19005,0,341,150551,0.7339999999967404,-1433000.0,-6332000.0,1935000.0,4723.0,679.7,5628.0,16.587173461914062,-102.83818817138672,397623.375
2161,50369,83,333,35389,0,341,150551,0.9839999999967404,-1432000.0,-6331000.0,1937000.0,4723.0,681.6,5627.0,16.587173461914062,-102.83818817138672,397623.375
2161,50370,83,333,51773,0,341,150552,0.23399999999674037,-1430000.0,-6331000.0,1938000.0,4724.0,683.4,5626.0,16.587173461914062,-102.83818817138672,397623.375
2161,50371,83,334,2621,0,341,150552,0.48399999999674037,-1429000.0,-6331000.0,1939000.0,4724.0,685.2,5626.0,16.587173461914062,-102.83818817138672,397623.375
2161,50372,83,334,19005,0,341,150552,0.7339999999967404,-1428000.0,-6331000.0,1941000.0,4725.0,687.1,5625.0,16.587173461914062,-102.83818817138672,397623.375
2161,50373,83,334,35389,0,341,150552,0.9839999999967404,-1427000.0,-6331000.0,1942000.0,4725.0,689.0,5624.0,16.587173461914062,-102.83818817138672,397623.375
2161,50374,83,334,51773,0,341,150553,0.23399999999674037,-1426000.0,-6331000.0,1943000.0,4726.0,690.8,5624.0,16.587173461914062,-102.83818817138672,397623.375
2161,50375,83,335,3276,0,341,150553,0.48399999999674037,-1425000.0,-6330000.0,1945000.0,4726.0,692.6,5623.0,16.587173461914062,-102.83818817138672,397623.375
2161,50376,83,335,19660,0,341,150553,0.7339999999967404,-1423000.0,-6330000.0,1946000.0,4727.0,694.5,5623.0,16.587173461914062,-102.83818817138672,397623.375
2161,50377,83,335,36044,0,341,150553,0.7339999999967404,-1423000.0,-6330000.0,1946000.0,4727.0,694.5,5623.0,16.809762954711914,-102.66334533691406,397548.25
2161,50378,83,336,3276,0,341,150554,0.48399999999674037,-1420000.0,-6330000.0,1950000.0,4728.0,700.1,5621.0,16.809762954711914,-102.66334533691406,397548.25
2161,50379,83,336,19660,0,341,150554,0.7339999999967404,-1419000.0,-6330000.0,1952000.0,4729.0,701.9,5620.0,16.809762954711914,-102.66334533691406,397548.25
2161,50380,83,336,36044,0,341,150554,0.9839999999967404,-1418000.0,-6329000.0,1953000.0,4729.0,703.8,5619.0,16.809762954711914,-102.66334533691406,397548.25
2161,50381,83,336,52428,0,341,150555,0.23399999999674037,-1.41,174806.06,1652.3014667,1.0,397524.493,0.0,16.809762954711914,-102.66334533691406,397548.25
2161,50382,83,337,3276,0,341,150555,0.48399999999674037,-1415000.0,-6329000.0,1956000.0,4730.0,707.4,5618.0,16.809762954711914,-102.66334533691406,397548.25
2161,50383,83,337,19660,0,341,150555,0.7339999999967404,-1414000.0,-6329000.0,1957000.0,4731.0,709.3,5618.0,16.809762954711914,-102.66334533691406,397548.25
2161,50384,83,337,36044,0,341,150555,0.9839999999967404,-1413000.0,-6329000.0,1959000.0,4731.0,711.2,5617.0,16.809762954711914,-102.66334533691406,397548.25
2161,50385,83,337,52428,0,341,150556,0.23399999999674037,-1412000.0,-6328000.0,1960000.0,4732.0,713.1,5616.0,16.809762954711914,-102.66334533691406,397548.25
2161,50386,83,338,3276,0,341,150556,0.48399999999674037,-1411000.0,-6328000.0,1962000.0,4732.0,714.9,5616.0,16.809762954711914,-102.66334533691406,397548.25
2161,50387,83,338,19660,0,341,150556,0.7339999999967404,-1409000.0,-6328000.0,1963000.0,4732.0,716.7,5615.0,16.809762954711914,-102.66334533691406,397548.25
2161,50388,83,338,36044,0,341,150556,0.9839999999967404,-1408000.0,-6328000.0,1964000.0,4733.0,718.5,5614.0,16.809762954711914,-102.66334533691406,397548.25
2161,50389,83,338,52428,0,341,150557,0.23399999999674037,-1407000.0,-6328000.0,1966000.0,4733.0,720.4,5614.0,16.809762954711914,-102.66334533691406,397548.25
2161,50390,83,339,3276,0,341,150557,0.48399999999674037,-1406000.0,-6328000.0,1967000.0,4734.0,722.3,5613.0,16.809762954711914,-102.66334533691406,397548.25
2161,50391,83,339,20316,0,341,150557,0.7339999999967404,-1405000.0,-6327000.0,1969000.0,4734.0,724.1,5613.0,16.809762954711914,-102.66334533691406,397548.25
2161,50392,83,339,36700,0,341,150557,0.9839999999967404,-1404000.0,-6327000.0,1970000.0,4735.0,726.0,5612.0,16.809762954711914,-102.66334533691406,397548.25
2161,50393,83,339,53084,0,341,150557,0.9839999999967404,-1404000.0,-6327000.0,1970000.0,4735.0,726.0,5612.0,17.019983291625977,-102.49751281738281,397487.59375
2161,50394,83,340,3932,0,341,150558,0.48399999999674037,-1401000.0,-6327000.0,1973000.0,4736.0,729.6,5611.0,17.019983291625977,-102.49751281738281,397487.59375
2161,50395,83,340,20316,0,341,150558,0.7339999999967404,-1400000.0,-6327000.0,1974000.0,4736.0,731.5,5610.0,17.019983291625977,-102.49751281738281,397487.59375
2161,50396,83,340,36700,0,341,150558,0.9839999999967404,-1399000.0,-6327000.0,1975000.0,4737.0,733.3,5609.0,17.019983291625977,-102.49751281738281,397487.59375
2161,50397,83,340,53084,0,341,150559,0.23399999999674037,-1398000.0,-6326000.0,1977000.0,4737.0,735.2,5609.0,17.019983291625977,-102.49751281738281,397487.59375
2161,50398,83,341,3932,0,341,150559,0.48399999999674037,-1397000.0,-6326000.0,1978000.0,4738.0,737.0,5608.0,17.019983291625977,-102.49751281738281,397487.59375
2161,50399,83,341,20316,0,341,150559,0.7339999999967404,-1395000.0,-6326000.0,1980000.0,4738.0,738.9,5607.0,17.019983291625977,-102.49751281738281,397487.59375
2161,50400,83,341,36700,0,341,150559,0.9839999999967404,-1394000.0,-6326000.0,1981000.0,4739.0,740.7,5607.0,17.019983291625977,-102.49751281738281,397487.59375
2161,50401,83,342,3932,0,341,150560,0.48399999999674037,-1392000.0,-6325000.0,1984000.0,4740.0,744.5,5606.0,17.019983291625977,-102.49751281738281,397487.59375
2161,50402,83,342,20316,0,341,150560,0.7339999999967404,-1391000.0,-6325000.0,1985000.0,4740.0,746.3,5605.0,17.019983291625977,-102.49751281738281,397487.59375
2161,50403,83,342,36700,0,341,150560,0.9839999999967404,-1390000.0,-6325000.0,1987000.0,4741.0,748.1,5604.0,17.019983291625977,-102.49751281738281,397487.59375
2161,50404,83,342,53084,0,341,150561,0.23399999999674037,-1388000.0,-6325000.0,1988000.0,4741.0,750.0,5604.0,17.019983291625977,-102.49751281738281,397487.59375
2161,50405,83,343,3932,0,341,150561,0.48399999999674037,-1387000.0,-6325000.0,1989000.0,4741.0,751.8,5603.0,17.019983291625977,-102.49751281738281,397487.59375
2161,50406,83,343,20316,0,341,150561,0.7339999999967404,-1386000.0,-6324000.0,1991000.0,4742.0,753.7,5602.0,17.019983291625977,-102.49751281738281,397487.59375
2161,50407,83,343,36700,0,341,150561,0.9839999999967404,-1385000.0,-6324000.0,1992000.0,4742.0,755.5,5602.0,17.019983291625977,-102.49751281738281,397487.59375
2161,50408,83,343,53084,0,341,150562,0.23399999999674037,-1384000.0,-6324000.0,1994000.0,4743.0,757.3,5601.0,17.019983291625977,-102.49751281738281,397487.59375
2161,50409,83,344,3932,0,341,150562,0.48399999999674037,-1382000.0,-6324000.0,1995000.0,4743.0,759.2,5600.0,17.019983291625977,-102.49751281738281,397487.59375
2161,50410,83,344,20316,0,341,150562,0.7339999999967404,-1381000.0,-6324000.0,1996000.0,4744.0,761.1,5600.0,17.019983291625977,-102.49751281738281,397487.59375
2161,50411,83,344,36700,0,341,150562,0.9839999999967404,-1380000.0,-6324000.0,1998000.0,4744.0,762.9,5599.0,17.019983291625977,-102.49751281738281,397487.59375
2161,50412,83,344,53084,0,341,150563,0.23399999999674037,-1379000.0,-6323000.0,1999000.0,4745.0,764.7,5599.0,17.019983291625977,-102.49751281738281,397487.59375
2161,50413,83,345,3932,0,341,150563,0.48399999999674037,-1378000.0,-6323000.0,2000000.0,4745.0,766.6,5598.0,17.019983291625977,-102.49751281738281,397487.59375
2161,50414,83,345,20316,0,341,150563,0.48399999999674037,-1378000.0,-6323000.0,2000000.0,4745.0,766.6,5598.0,17.29206085205078,-102.28219604492188,397383.875
2161,50415,83,345,36700,0,341,150563,0.48399999999674037,-1378000.0,-6323000.0,2000000.0,4745.0,766.6,5598.0,17.3040828704834,-102.27271270751953,397382.4375
2161,50416,83,345,53084,0,341,150564,0.23399999999674037,-1374000.0,-6323000.0,2005000.0,4747.0,772.2,5596.0,17.3040828704834,-102.27271270751953,397382.4375
2161,27659,18245,1313165897,17247,1229804820,17735,1230128462,2670250.6038016393,4.19907520757657e-310,9.96614392675923e-150,1.63082837000925e-310,-6.470905256919506e+26,3.17039640946004e-310,2.718760801243868e+154,3.87530629123156e+25,1.2511180849166585e-38,3.981477624111336e-25
2161,50417,83,346,3932,0,341,150564,0.48399999999674037,-1373000.0,-6322000.0,2006000.0,4747.0,774.0,5595.0,17.3040828704834,-102.27271270751953,397382.4375
2161,50418,83,346,20316,0,341,150564,0.7339999999967404,-1372000.0,-6322000.0,2007000.0,4748.0,775.9,5595.0,17.3040828704834,-102.27271270751953,397382.4375
2161,50419,83,346,36700,0,341,150564,0.9839999999967404,-1371000.0,-6322000.0,2009000.0,4748.0,777.7,5594.0,17.3040828704834,-102.27271270751953,397382.4375
2161,50420,83,346,53084,0,341,150565,0.23399999999674037,-1370000.0,-6322000.0,2010000.0,4748.0,779.5,5593.0,17.3040828704834,-102.27271270751953,397382.4375
2161,50421,83,347,3932,0,341,150565,0.48399999999674037,-1368000.0,-6322000.0,2012000.0,4749.0,781.4,5593.0,17.3040828704834,-102.27271270751953,397382.4375
2161,50422,83,347,20316,0,341,150565,0.7339999999967404,-1367000.0,-6321000.0,2013000.0,4749.0,783.2,5592.0,17.3040828704834,-102.27271270751953,397382.4375
2161,50423,83,347,36700,0,341,150565,0.9839999999967404,-1366000.0,-6321000.0,2014000.0,4750.0,785.0,5591.0,17.3040828704834,-102.27271270751953,397382.4375
2161,50424,83,347,53084,0,341,150566,0.23399999999674037,-1365000.0,-6321000.0,2016000.0,4750.0,786.9,5591.0,17.3040828704834,-102.27271270751953,397382.4375
2161,50425,83,348,3932,0,341,150566,0.48399999999674037,-1364000.0,-6321000.0,2017000.0,4751.0,788.7,5590.0,17.3040828704834,-102.27271270751953,397382.4375
2161,50426,83,348,20316,0,341,150566,0.7339999999967404,-1362000.0,-6321000.0,2018000.0,4751.0,790.6,5589.0,17.3040828704834,-102.27271270751953,397382.4375
2161,50427,83,348,36700,0,341,150566,0.9839999999967404,-1361000.0,-6320000.0,2020000.0,4752.0,792.5,5589.0,17.3040828704834,-102.27271270751953,397382.4375
2161,50428,83,348,53084,0,341,150567,0.23399999999674037,-1360000.0,-6320000.0,2021000.0,4752.0,794.3,5588.0,17.3040828704834,-102.27271270751953,397382.4375
2161,50429,83,349,3932,0,341,150567,0.23399999999674037,-1360000.0,-6320000.0,2021000.0,4752.0,794.3,5588.0,17.477130889892578,-102.13529205322266,397325.25
2161,50430,83,349,36700,0,341,150567,0.9839999999967404,-1357000.0,-6320000.0,2025000.0,4754.0,799.9,5586.0,17.477130889892578,-102.13529205322266,397325.25
2161,50431,83,349,53084,0,341,150568,0.23399999999674037,-1355000.0,-6319000.0,2027000.0,4754.0,801.7,5586.0,17.477130889892578,-102.13529205322266,397325.25
2161,50432,83,350,3932,0,341,150568,0.48399999999674037,-1354000.0,-6319000.0,2028000.0,4754.0,803.6,5585.0,17.477130889892578,-102.13529205322266,397325.25
2161,50433,83,350,20316,0,341,150568,0.7339999999967404,-1353000.0,-6319000.0,2030000.0,4755.0,805.3,5584.0,17.477130889892578,-102.13529205322266,397325.25
2161,50434,83,350,36700,0,341,150568,0.9839999999967404,-1352000.0,-6319000.0,2031000.0,4755.0,807.2,5584.0,17.477130889892578,-102.13529205322266,397325.25
2161,50435,83,350,53084,0,341,150569,0.23399999999674037,-1351000.0,-6319000.0,2032000.0,4756.0,809.1,5583.0,17.477130889892578,-102.13529205322266,397325.25
2161,50436,83,351,3932,0,341,150569,0.48399999999674037,-1350000.0,-6318000.0,2034000.0,4756.0,810.9,5582.0,17.477130889892578,-102.13529205322266,397325.25
2161,50437,83,351,20316,0,341,150569,0.7339999999967404,-1348000.0,-6318000.0,2035000.0,4757.0,812.7,5582.0,17.477130889892578,-102.13529205322266,397325.25
2161,50438,83,351,36700,0,341,150569,0.9839999999967404,-1347000.0,-6318000.0,2036000.0,4757.0,814.6,5581.0,17.477130889892578,-102.13529205322266,397325.25
2161,50439,83,351,53084,0,341,150570,0.23399999999674037,-1346000.0,-6318000.0,2038000.0,4758.0,816.5,5580.0,17.477130889892578,-102.13529205322266,397325.25
2161,50440,83,352,3932,0,341,150570,0.48399999999674037,-1345000.0,-6318000.0,2039000.0,4758.0,818.3,5580.0,17.477130889892578,-102.13529205322266,397325.25
2161,50441,83,352,20971,0,341,150570,0.7339999999967404,-1344000.0,-6317000.0,2041000.0,4759.0,820.1,5579.0,17.477130889892578,-102.13529205322266,397325.25
2161,50442,83,352,37355,0,341,150570,0.9839999999967404,-1343000.0,-6317000.0,2042000.0,4759.0,822.0,5578.0,17.477130889892578,-102.13529205322266,397325.25
2161,50443,83,352,53739,0,341,150570,0.9839999999967404,-1343000.0,-6317000.0,2042000.0,4759.0,822.0,5578.0,17.662046432495117,-101.98800659179688,397254.28125
2161,50444,83,353,4587,0,341,150570,0.9839999999967404,-1343000.0,-6317000.0,2042000.0,4759.0,822.0,5578.0,17.674484252929688,-101.97806549072266,397258.625
2161,50445,83,353,37355,0,341,150571,0.9839999999967404,-1338000.0,-6316000.0,2047000.0,4761.0,829.4,5576.0,17.674484252929688,-101.97806549072266,397258.625
2161,50446,83,353,53739,0,341,150572,0.23399999999674037,-1337000.0,-6316000.0,2049000.0,4761.0,831.2,5575.0,17.674484252929688,-101.97806549072266,397258.625
2161,50447,83,354,4587,0,341,150572,0.48399999999674037,-1335000.0,-6316000.0,2050000.0,4762.0,833.1,5575.0,17.674484252929688,-101.97806549072266,397258.625
2161,50448,83,354,20971,0,341,150572,0.7339999999967404,-1334000.0,-6316000.0,2052000.0,4762.0,834.9,5574.0,17.674484252929688,-101.97806549072266,397258.625
2161,50449,83,354,37355,0,341,150572,0.9839999999967404,-1333000.0,-6316000.0,2053000.0,4763.0,836.7,5573.0,17.674484252929688,-101.97806549072266,397258.625
2161,50450,83,354,53739,0,341,150573,0.23399999999674037,-1332000.0,-6315000.0,2054000.0,4763.0,838.6,5573.0,17.674484252929688,-101.97806549072266,397258.625
2161,50451,83,355,4587,0,341,150573,0.48399999999674037,-1331000.0,-6315000.0,2056000.0,4764.0,840.4,5572.0,17.674484252929688,-101.97806549072266,397258.625
2161,50452,83,355,20971,0,341,150573,0.7339999999967404,-1330000.0,-6315000.0,2057000.0,4764.0,842.2,5571.0,17.674484252929688,-101.97806549072266,397258.625
2161,50453,83,355,37355,0,341,150573,0.9839999999967404,-1328000.0,-6315000.0,2058000.0,4765.0,844.1,5571.0,17.674484252929688,-101.97806549072266,397258.625
2161,50454,83,355,53739,0,341,150574,0.23399999999674037,-1327000.0,-6315000.0,2060000.0,4765.0,845.9,5570.0,17.674484252929688,-101.97806549072266,397258.625
2161,20235,18245,1313165897,17247,1179865876,17735,1230128462,2670246.6505850866,4.19907520757657e-310,5.655496337646897e-222,1.6308366590553e-310,-4.819281806556136e+280,-7.769207536995053e-221,1.147281860970208e+69,201.3213653564453,907368398848.0,827442432.0
2161,50455,83,356,4587,0,341,150574,0.48399999999674037,-1326000.0,-6314000.0,2061000.0,4765.0,847.8,5569.0,17.674484252929688,-101.97806549072266,397258.625
2161,50456,83,356,20971,0,341,150574,0.7339999999967404,-1325000.0,-6314000.0,2063000.0,4766.0,849.6,5569.0,17.674484252929688,-101.97806549072266,397258.625
2161,50457,83,356,53739,0,341,150575,0.23399999999674037,-1323000.0,-6314000.0,2065000.0,4767.0,853.3,5567.0,17.674484252929688,-101.97806549072266,397258.625
2161,50458,83,357,4587,0,341,150575,0.48399999999674037,-1321000.0,-6314000.0,2067000.0,4767.0,855.2,5567.0,17.674484252929688,-101.97806549072266,397258.625
2161,50459,83,357,20971,0,341,150575,0.48399999999674037,-1321000.0,-6314000.0,2067000.0,4767.0,855.2,5567.0,17.884063720703125,-101.81049346923828,397179.90625
2161,50460,83,357,37355,0,341,150575,0.9839999999967404,-1319000.0,-6313000.0,2069000.0,4768.0,858.9,5565.0,17.884063720703125,-101.81049346923828,397179.90625
2161,50461,83,357,53739,0,341,150576,0.23399999999674037,-1318000.0,-6313000.0,2071000.0,4769.0,860.7,5565.0,17.884063720703125,-101.81049346923828,397179.90625
2161,50462,83,358,4587,0,341,150576,0.48399999999674037,-1317000.0,-6313000.0,2072000.0,4769.0,862.5,5564.0,17.884063720703125,-101.81049346923828,397179.90625
2161,50463,83,358,20971,0,341,150576,0.7339999999967404,-1315000.0,-6312000.0,2074000.0,4770.0,864.4,5563.0,17.884063720703125,-101.81049346923828,397179.90625
2161,50464,83,358,37355,0,341,150576,0.9839999999967404,-1314000.0,-6312000.0,2075000.0,4770.0,866.2,5563.0,17.884063720703125,-101.81049346923828,397179.90625
2161,50465,83,358,53739,0,341,150577,0.23399999999674037,-1313000.0,-6312000.0,2076000.0,4770.0,868.1,5562.0,17.884063720703125,-101.81049346923828,397179.90625
2161,50466,83,359,4587,0,341,150577,0.48399999999674037,-1312000.0,-6312000.0,2078000.0,4771.0,869.9,5561.0,17.884063720703125,-101.81049346923828,397179.90625
2161,50467,83,359,20971,0,341,150577,0.7339999999967404,-1311000.0,-6312000.0,2079000.0,4771.0,871.8,5561.0,17.884063720703125,-101.81049346923828,397179.90625
2161,50468,83,359,37355,0,341,150577,0.9839999999967404,-1310000.0,-6311000.0,2081000.0,4772.0,873.6,5560.0,17.884063720703125,-101.81049346923828,397179.90625
2161,50469,83,359,53739,0,341,150578,0.23399999999674037,-1308000.0,-6311000.0,2082000.0,4772.0,875.5,5559.0,17.884063720703125,-101.81049346923828,397179.90625
2161,50470,83,360,4587,0,341,150578,0.48399999999674037,-1307000.0,-6311000.0,2083000.0,4773.0,877.3,5559.0,17.884063720703125,-101.81049346923828,397179.90625
2161,50471,83,360,20971,0,341,150578,0.7339999999967404,-1306000.0,-6311000.0,2085000.0,4773.0,879.1,5558.0,17.884063720703125,-101.81049346923828,397179.90625
2161,50472,83,360,37355,0,341,150578,0.9839999999967404,-1305000.0,-6311000.0,2086000.0,4774.0,881.0,5557.0,17.884063720703125,-101.81049346923828,397179.90625
2161,50473,83,360,53739,0,341,150579,0.23399999999674037,-1304000.0,-6310000.0,2087000.0,4774.0,882.8,5557.0,17.884063720703125,-101.81049346923828,397179.90625
2161,50474,83,361,4587,0,341,150579,0.48399999999674037,-1302000.0,-6310000.0,2089000.0,4774.0,884.6,5556.0,17.884063720703125,-101.81049346923828,397179.90625
2161,50475,83,361,20971,0,341,150579,0.48399999999674037,-1302000.0,-6310000.0,2089000.0,4774.0,884.6,5556.0,18.081119537353516,-101.6524887084961,397113.28125
2161,50476,83,361,37355,0,341,150579,0.9839999999967404,-1300000.0,-6310000.0,2092000.0,4775.0,888.4,5555.0,18.081119537353516,-101.6524887084961,397113.28125
2161,50477,83,361,53739,0,341,150580,0.23399999999674037,-1299000.0,-6309000.0,2093000.0,4776.0,890.2,5554.0,18.081119537353516,-101.6524887084961,397113.28125
2161,50478,83,362,4587,0,341,150580,0.23399999999674037,-1299000.0,-6309000.0,2093000.0,4776.0,890.2,5554.0,18.117965698242188,-101.62287139892578,397099.90625
2161,50479,83,362,20971,0,341,150580,0.23399999999674037,-1299000.0,-6309000.0,2093000.0,4776.0,890.2,5554.0,18.1303653717041,-101.6129150390625,397093.5625
2161,50480,83,362,37355,0,341,150580,0.9839999999967404,-1295000.0,-6309000.0,2097000.0,4777.0,895.7,5552.0,18.1303653717041,-101.6129150390625,397093.5625
2161,50481,83,362,53739,0,341,150581,0.23399999999674037,-1294000.0,-6309000.0,2098000.0,4778.0,897.5,5551.0,18.1303653717041,-101.6129150390625,397093.5625
2161,50482,83,363,4587,0,341,150581,0.48399999999674037,-1293000.0,-6308000.0,2100000.0,4778.0,899.4,5551.0,18.1303653717041,-101.6129150390625,397093.5625
2161,50483,83,363,20971,0,341,150581,0.7339999999967404,-1292000.0,-6308000.0,2101000.0,4779.0,901.2,5550.0,18.1303653717041,-101.6129150390625,397093.5625
2161,50484,83,363,37355,0,341,150581,0.9839999999967404,-1291000.0,-6308000.0,2103000.0,4779.0,903.1,5549.0,18.1303653717041,-101.6129150390625,397093.5625
2161,50485,83,363,53739,0,341,150582,0.23399999999674037,-1289000.0,-6308000.0,2104000.0,4779.0,904.9,5549.0,18.1303653717041,-101.6129150390625,397093.5625
2161,50486,83,364,4587,0,341,150582,0.48399999999674037,-1288000.0,-6307000.0,2105000.0,4780.0,906.7,5548.0,18.1303653717041,-101.6129150390625,397093.5625
2161,50487,83,364,20971,0,341,150582,0.7339999999967404,-1287000.0,-6307000.0,2107000.0,4780.0,908.6,5547.0,18.1303653717041,-101.6129150390625,397093.5625
2161,50488,83,364,37355,0,341,150582,0.9839999999967404,-1286000.0,-6307000.0,2108000.0,4781.0,910.4,5546.0,18.1303653717041,-101.6129150390625,397093.5625
2161,50489,83,364,53739,0,341,150583,0.23399999999674037,-1285000.0,-6307000.0,2109000.0,4781.0,912.3,5546.0,18.1303653717041,-101.6129150390625,397093.5625
2161,50490,83,365,4587,0,341,150583,0.48399999999674037,-1284000.0,-6307000.0,2111000.0,4782.0,914.1,5545.0,18.1303653717041,-101.6129150390625,397093.5625
2161,50491,83,365,20971,0,341,150583,0.7339999999967404,-1282000.0,-6306000.0,2112000.0,4782.0,916.0,5544.0,18.1303653717041,-101.6129150390625,397093.5625
2161,50492,83,365,37355,0,341,150583,0.9839999999967404,-1281000.0,-6306000.0,2113000.0,4783.0,917.8,5544.0,18.1303653717041,-101.6129150390625,397093.5625
2161,50493,83,365,53739,0,341,150584,0.23399999999674037,-1280000.0,-6306000.0,2115000.0,4783.0,919.6,5543.0,18.1303653717041,-101.6129150390625,397093.5625
2161,50494,83,366,4587,0,341,150584,0.48399999999674037,-1279000.0,-6306000.0,2116000.0,4783.0,921.5,5542.0,18.1303653717041,-101.6129150390625,397093.5625
2161,50495,83,366,20971,0,341,150584,0.7339999999967404,-1278000.0,-6305000.0,2118000.0,4784.0,923.3,5542.0,18.1303653717041,-101.6129150390625,397093.5625
2161,50496,83,366,37355,0,341,150584,0.9839999999967404,-1276000.0,-6305000.0,2119000.0,4784.0,925.1,5541.0,18.1303653717041,-101.6129150390625,397093.5625
2161,50497,83,366,53739,0,341,150585,0.23399999999674037,-1275000.0,-6305000.0,2120000.0,4785.0,927.0,5540.0,18.1303653717041,-101.6129150390625,397093.5625
2161,50498,83,367,4587,0,341,150585,0.23399999999674037,-1275000.0,-6305000.0,2120000.0,4785.0,927.0,5540.0,18.364017486572266,101.42469024658203,341.0
2161,50499,83,367,20971,0,341,150585,0.7339999999967404,-1273000.0,-6304000.0,2123000.0,4786.0,930.7,5539.0,18.364017486572266,101.42469024658203,341.0
2161,50500,83,367,37355,0,341,150585,0.9839999999967404,-1272000.0,-6304000.0,2124000.0,4786.0,932.5,5538.0,18.364017486572266,101.42469024658203,341.0
2161,50501,83,367,53739,0,341,150586,0.23399999999674037,-1271000.0,-6304000.0,2126000.0,4786.0,934.4,5538.0,18.364017486572266,101.42469024658203,341.0
2161,50502,83,368,4587,0,341,150586,0.48399999999674037,-1269000.0,-6304000.0,2127000.0,4787.0,936.2,5537.0,18.364017486572266,101.42469024658203,341.0
2161,50503,83,368,20971,0,341,150586,0.7339999999967404,-1268000.0,-6304000.0,2129000.0,4787.0,938.1,5536.0,18.364017486572266,101.42469024658203,341.0
2161,50504,83,368,37355,0,341,150586,0.9839999999967404,-1267000.0,-6303000.0,2130000.0,4788.0,939.9,5536.0,18.364017486572266,101.42469024658203,341.0
2161,50505,83,368,53739,0,341,150587,0.23399999999674037,-1266000.0,-6303000.0,2131000.0,4788.0,941.8,5535.0,18.364017486572266,101.42469024658203,341.0
2161,50506,83,369,4587,0,341,150587,0.48399999999674037,-1265000.0,-6303000.0,2133000.0,4789.0,943.6,5534.0,18.364017486572266,101.42469024658203,341.0
2161,50507,83,369,20971,0,341,150587,0.7339999999967404,-1263000.0,-6303000.0,2134000.0,4789.0,945.4,5534.0,18.364017486572266,101.42469024658203,341.0
2161,50508,83,369,37355,0,341,150587,0.9839999999967404,-1262000.0,-6302000.0,2135000.0,4790.0,947.2,5533.0,18.364017486572266,101.42469024658203,341.0
2161,50509,83,369,53739,0,341,150588,0.23399999999674037,-1261000.0,-6302000.0,2137000.0,4790.0,949.1,5532.0,18.364017486572266,101.42469024658203,341.0
2161,50510,83,370,5242,0,341,150588,0.48399999999674037,-1260000.0,-6302000.0,2138000.0,4790.0,950.9,5532.0,18.364017486572266,101.42469024658203,341.0
2161,50511,83,370,21626,0,341,150588,0.7339999999967404,-1259000.0,-6302000.0,2140000.0,4791.0,952.8,5531.0,18.364017486572266,101.42469024658203,341.0
2161,50512,83,370,38010,0,341,150588,0.7339999999967404,-1259000.0,-6302000.0,2140000.0,4791.0,952.8,5531.0,18.535755157470703,-101.28585815429688,396945.28125
2161,50513,83,370,54394,0,341,150589,0.23399999999674037,-1256000.0,-6301000.0,2142000.0,4792.0,956.4,5529.0,18.535755157470703,-101.28585815429688,396945.28125
2161,50514,83,371,21626,0,341,150589,0.7339999999967404,-1254000.0,-6301000.0,2145000.0,4793.0,960.2,5528.0,18.535755157470703,-101.28585815429688,396945.28125
2161,50515,83,371,38010,0,341,150589,0.9839999999967404,-1253000.0,-6300000.0,2146000.0,4793.0,962.0,5527.0,18.535755157470703,-101.28585815429688,396945.28125
2161,50516,83,372,5242,0,341,150590,0.48399999999674037,-1250000.0,-6300000.0,2149000.0,4794.0,965.7,5526.0,18.535755157470703,-101.28585815429688,396945.28125
2161,50517,83,372,21626,0,341,150590,0.7339999999967404,-1249000.0,-6300000.0,2151000.0,4794.0,967.5,5525.0,18.535755157470703,-101.28585815429688,396945.28125
2161,50518,83,372,38010,0,341,150590,0.9839999999967404,-1248000.0,-6300000.0,2152000.0,4795.0,969.3,5525.0,18.535755157470703,-101.28585815429688,396945.28125
2161,50519,83,372,54394,0,341,150591,0.23399999999674037,-1247000.0,-6299000.0,2153000.0,4795.0,971.2,5524.0,18.535755157470703,-101.28585815429688,396945.28125
2161,50520,83,373,5242,0,341,150591,0.48399999999674037,-1246000.0,-6299000.0,2155000.0,4796.0,973.0,5523.0,18.535755157470703,-101.28585815429688,396945.28125
2161,50521,83,373,21626,0,341,150591,0.7339999999967404,-1244000.0,-6299000.0,2156000.0,4796.0,974.9,5523.0,18.535755157470703,-101.28585815429688,396945.28125
2161,50522,83,373,38010,0,341,150591,0.9839999999967404,-1243000.0,-6299000.0,2157000.0,4797.0,976.7,5522.0,18.535755157470703,-101.28585815429688,396945.28125
2161,50523,83,373,54394,0,341,150592,0.23399999999674037,-1242000.0,-6298000.0,2159000.0,4797.0,978.5,5521.0,18.535755157470703,-101.28585815429688,396945.28125
2161,50524,83,374,5242,0,341,150592,0.48399999999674037,-1241000.0,-6298000.0,2160000.0,4797.0,980.3,5521.0,18.535755157470703,-101.28585815429688,396945.28125
2161,50525,83,374,21626,0,341,150592,0.7339999999967404,-1240000.0,-6298000.0,2161000.0,4798.0,982.1,5520.0,18.535755157470703,-101.28585815429688,396945.28125
2161,50526,83,374,38010,0,341,150592,0.9839999999967404,-1239000.0,-6298000.0,2163000.0,4798.0,984.0,5519.0,18.535755157470703,-101.28585815429688,396945.28125
2161,50527,83,374,54394,0,341,150593,0.23399999999674037,-1237000.0,-6297000.0,2164000.0,4799.0,985.9,5518.0,18.535755157470703,-101.28585815429688,396945.28125
2161,50528,83,375,5242,0,341,150593,0.48399999999674037,-1236000.0,-6297000.0,2166000.0,4799.0,987.7,5518.0,18.535755157470703,-101.28585815429688,396945.28125
2161,50529,83,375,21626,0,341,150593,0.7339999999967404,-1235000.0,-6297000.0,2167000.0,4800.0,989.5,5517.0,18.535755157470703,-101.28585815429688,396945.28125
2161,50530,83,375,38010,0,341,150593,0.7339999999967404,-1235000.0,-6297000.0,2167000.0,4800.0,989.5,5517.0,18.78142547607422,-101.08654022216797,396859.75
2161,50531,83,375,54394,0,341,150594,0.23399999999674037,-1233000.0,-6296000.0,2170000.0,4800.0,993.2,5516.0,18.78142547607422,-101.08654022216797,396859.75
2161,50532,83,376,5242,0,341,150594,0.48399999999674037,-1231000.0,-6296000.0,2171000.0,4801.0,995.0,5515.0,18.78142547607422,-101.08654022216797,396859.75
2161,50533,83,376,21626,0,341,150594,0.7339999999967404,-1230000.0,-6296000.0,2172000.0,4801.0,996.9,5514.0,18.78142547607422,-101.08654022216797,396859.75
2161,50534,83,376,38010,0,341,150594,0.9839999999967404,-1229000.0,-6296000.0,2174000.0,4802.0,998.7,5514.0,18.78142547607422,-101.08654022216797,396859.75
2161,50535,83,376,54394,0,341,150595,0.23399999999674037,-1228000.0,-6295000.0,2175000.0,4802.0,1001.0,5513.0,18.78142547607422,-101.08654022216797,396859.75
2161,50536,83,377,21626,0,341,150595,0.7339999999967404,-1225000.0,-6295000.0,2178000.0,4803.0,1004.0,5511.0,18.78142547607422,-101.08654022216797,396859.75
2161,50537,83,377,38010,0,341,150595,0.9839999999967404,-1224000.0,-6295000.0,2179000.0,4803.0,1006.0,5511.0,18.78142547607422,-101.08654022216797,396859.75
2161,50538,83,377,54394,0,341,150596,0.23399999999674037,-1223000.0,-6294000.0,2181000.0,4804.0,1008.0,5510.0,18.78142547607422,-101.08654022216797,396859.75
2161,50539,83,378,5242,0,341,150596,0.48399999999674037,-1222000.0,-6294000.0,2182000.0,4804.0,1010.0,5509.0,18.78142547607422,-101.08654022216797,396859.75
2161,50540,83,378,21626,0,341,150596,0.7339999999967404,-1221000.0,-6294000.0,2183000.0,4805.0,1012.0,5509.0,18.78142547607422,-101.08654022216797,396859.75
2161,50541,83,378,38010,0,341,150596,0.9839999999967404,-1220000.0,-6294000.0,2185000.0,4805.0,1013.0,5508.0,18.78142547607422,-101.08654022216797,396859.75
2161,50542,83,378,54394,0,341,150597,0.23399999999674037,-1218000.0,-6293000.0,2186000.0,4806.0,1015.0,5507.0,18.78142547607422,-101.08654022216797,396859.75
2161,50543,83,379,5242,0,341,150597,0.48399999999674037,-1217000.0,-6293000.0,2187000.0,4806.0,1017.0,5507.0,18.78142547607422,-101.08654022216797,396859.75
2161,50544,83,379,21626,0,341,150597,0.7339999999967404,-1216000.0,-6293000.0,2189000.0,4806.0,1019.0,5506.0,18.78142547607422,-101.08654022216797,396859.75
2161,50545,83,379,38010,0,341,150597,0.9839999999967404,-1215000.0,-6293000.0,2190000.0,4807.0,1021.0,5505.0,18.78142547607422,-101.08654022216797,396859.75
2161,50546,83,379,54394,0,341,150598,0.23399999999674037,-1214000.0,-6292000.0,2191000.0,4807.0,1023.0,5504.0,18.78142547607422,-101.08654022216797,396859.75
2161,50547,83,380,5242,0,341,150598,0.48399999999674037,-1212000.0,-6292000.0,2193000.0,4808.0,1024.0,5504.0,18.78142547607422,-101.08654022216797,396859.75
2161,50548,83,380,21626,0,341,150598,0.7339999999967404,-1211000.0,-6292000.0,2194000.0,4808.0,1026.0,5503.0,18.78142547607422,-101.08654022216797,396859.75
2161,50549,83,380,38010,0,341,150598,0.9839999999967404,-1210000.0,-6292000.0,2196000.0,4809.0,1028.0,5502.0,18.78142547607422,-101.08654022216797,396859.75
2161,50550,83,381,5242,0,341,150599,0.48399999999674037,-1208000.0,-6291000.0,2198000.0,4809.0,1032.0,5501.0,18.78142547607422,-101.08654022216797,396859.75
2161,50551,83,381,21626,0,341,150599,0.7339999999967404,-1206000.0,-6291000.0,2200000.0,4810.0,1034.0,5500.0,18.78142547607422,-101.08654022216797,396859.75
2161,50552,83,381,38010,0,341,150599,0.9839999999967404,-1205000.0,-6291000.0,2201000.0,4810.0,1035.0,5499.0,18.78142547607422,-101.08654022216797,396859.75
2161,50553,83,381,54394,0,341,150599,0.9839999999967404,-1205000.0,-6291000.0,2201000.0,4810.0,1035.0,5499.0,19.08826446533203,-100.83647155761719,396736.875
2161,50554,83,382,21626,0,341,150600,0.7339999999967404,-1202000.0,-6290000.0,2205000.0,4811.0,1041.0,5497.0,19.08826446533203,-100.83647155761719,396736.875
2161,50555,83,382,38010,0,341,150600,0.9839999999967404,-1201000.0,-6290000.0,2206000.0,4812.0,1043.0,5497.0,19.08826446533203,-100.83647155761719,396736.875
2161,50556,83,382,54394,0,341,150601,0.23399999999674037,-1199000.0,-6289000.0,2208000.0,4812.0,1045.0,5496.0,19.08826446533203,-100.83647155761719,396736.875
2161,50557,83,383,5242,0,341,150601,0.48399999999674037,-1198000.0,-6289000.0,2209000.0,4813.0,1046.0,5495.0,19.08826446533203,-100.83647155761719,396736.875
2161,50558,83,383,21626,0,341,150601,0.7339999999967404,-1197000.0,-6289000.0,2211000.0,4813.0,1048.0,5495.0,19.08826446533203,-100.83647155761719,396736.875
2161,50559,83,383,38010,0,341,150601,0.9839999999967404,-1196000.0,-6289000.0,2212000.0,4814.0,1050.0,5494.0,19.08826446533203,-100.83647155761719,396736.875
2161,50560,83,383,54394,0,341,150602,0.23399999999674037,-1195000.0,-6288000.0,2213000.0,4814.0,1052.0,5493.0,19.08826446533203,-100.83647155761719,396736.875
2161,50561,83,384,5242,0,341,150602,0.48399999999674037,-1193000.0,-6288000.0,2215000.0,4814.0,1054.0,5492.0,19.08826446533203,-100.83647155761719,396736.875
2161,50562,83,384,21626,0,341,150602,0.7339999999967404,-1192000.0,-6288000.0,2216000.0,4815.0,1056.0,5492.0,19.08826446533203,-100.83647155761719,396736.875
2161,50563,83,384,38010,0,341,150602,0.9839999999967404,-1191000.0,-6287000.0,2217000.0,4815.0,1057.0,5491.0,19.08826446533203,-100.83647155761719,396736.875
2161,50564,83,384,54394,0,341,150603,0.23399999999674037,-1190000.0,-6287000.0,2219000.0,4816.0,1059.0,5490.0,19.08826446533203,-100.83647155761719,396736.875
2161,50565,83,385,5898,0,341,150603,0.48399999999674037,-1189000.0,-6287000.0,2220000.0,4816.0,1061.0,5490.0,19.08826446533203,-100.83647155761719,396736.875
2161,50566,83,385,22282,0,341,150603,0.7339999999967404,-1187000.0,-6287000.0,2221000.0,4817.0,1063.0,5489.0,19.08826446533203,-100.83647155761719,396736.875
2161,50567,83,385,38666,0,341,150603,0.9839999999967404,-1186000.0,-6286000.0,2223000.0,4817.0,1065.0,5488.0,19.08826446533203,-100.83647155761719,396736.875
2161,50568,83,386,5898,0,341,150604,0.48399999999674037,-1184000.0,-6286000.0,2225000.0,4818.0,1068.0,5487.0,19.08826446533203,-100.83647155761719,396736.875
2161,50569,83,386,22282,0,341,150604,0.7339999999967404,-1183000.0,-6286000.0,2227000.0,4818.0,1070.0,5486.0,19.08826446533203,-100.83647155761719,396736.875
2161,50570,83,386,38666,0,341,150604,0.9839999999967404,-1181000.0,-6285000.0,2228000.0,4819.0,1072.0,5485.0,19.08826446533203,-100.83647155761719,396736.875
2161,50571,83,386,55050,0,341,150605,0.23399999999674037,-1180000.0,-6285000.0,2230000.0,4819.0,1074.0,5485.0,19.08826446533203,-100.83647155761719,396736.875
2161,50572,83,387,5898,0,341,150605,0.23399999999674037,-1180000.0,-6285000.0,2230000.0,4819.0,1074.0,5485.0,19.34563636779785,-100.62555694580078,396633.3125
2161,50573,83,387,22282,0,341,150605,0.23399999999674037,-1180000.0,-6285000.0,2230000.0,4819.0,1074.0,5485.0,19.35794448852539,-100.61543273925781,396626.46875
2161,50574,83,387,38666,0,341,150605,0.9839999999967404,-1177000.0,-6284000.0,2234000.0,4820.0,1079.0,5482.0,19.35794448852539,-100.61543273925781,396626.46875
2161,50575,83,387,55050,0,341,150606,0.23399999999674037,-1176000.0,-6284000.0,2235000.0,4821.0,1081.0,5482.0,19.35794448852539,-100.61543273925781,396626.46875
2161,50576,83,388,5898,0,341,150606,0.48399999999674037,-1174000.0,-6284000.0,2236000.0,4821.0,1083.0,5481.0,19.35794448852539,-100.61543273925781,396626.46875
2161,50577,83,388,22282,0,341,150606,0.7339999999967404,-1173000.0,-6283000.0,2238000.0,4822.0,1085.0,5480.0,19.35794448852539,-100.61543273925781,396626.46875
2161,50578,83,388,38666,0,341,150606,0.9839999999967404,-1172000.0,-6283000.0,2239000.0,4822.0,1087.0,5480.0,19.35794448852539,-100.61543273925781,396626.46875
2161,50579,83,388,55050,0,341,150607,0.23399999999674037,-1171000.0,-6283000.0,2240000.0,4822.0,1089.0,5479.0,19.35794448852539,-100.61543273925781,396626.46875
2161,50580,83,389,5898,0,341,150607,0.48399999999674037,-1170000.0,-6283000.0,2242000.0,4823.0,1090.0,5478.0,19.35794448852539,-100.61543273925781,396626.46875
2161,50581,83,389,22282,0,341,150607,0.7339999999967404,-1168000.0,-6282000.0,2243000.0,4823.0,1092.0,5477.0,19.35794448852539,-100.61543273925781,396626.46875
2161,50582,83,389,38666,0,341,150607,0.9839999999967404,-1167000.0,-6282000.0,2244000.0,4824.0,1094.0,5477.0,19.35794448852539,-100.61543273925781,396626.46875
2161,50583,83,389,55050,0,341,150608,0.23399999999674037,-1166000.0,-6282000.0,2246000.0,4824.0,1096.0,5476.0,19.35794448852539,-100.61543273925781,396626.46875
2161,50584,83,390,5898,0,341,150608,0.48399999999674037,-1165000.0,-6282000.0,2247000.0,4824.0,1098.0,5475.0,19.35794448852539,-100.61543273925781,396626.46875
2161,50585,83,390,22282,0,341,150608,0.7339999999967404,-1164000.0,-6281000.0,2249000.0,4825.0,1100.0,5475.0,19.35794448852539,-100.61543273925781,396626.46875
2161,50586,83,390,38666,0,341,150608,0.7339999999967404,-1164000.0,-6281000.0,2249000.0,4825.0,1100.0,5475.0,19.516765594482422,-100.48491668701172,396571.75
2161,50587,83,390,55050,0,341,150609,0.23399999999674037,-1161000.0,-6281000.0,2251000.0,4826.0,1103.0,5473.0,19.516765594482422,-100.48491668701172,396571.75
2161,50588,83,391,5898,0,341,150609,0.48399999999674037,-1160000.0,-6280000.0,2253000.0,4826.0,1105.0,5472.0,19.516765594482422,-100.48491668701172,396571.75
2161,50589,83,391,22282,0,341,150609,0.7339999999967404,-1159000.0,-6280000.0,2254000.0,4827.0,1107.0,5472.0,19.516765594482422,-100.48491668701172,396571.75
2161,50590,83,391,38666,0,341,150609,0.9839999999967404,-1158000.0,-6280000.0,2255000.0,4827.0,1109.0,5471.0,19.516765594482422,-100.48491668701172,396571.75
2161,50591,83,391,55050,0,341,150610,0.23399999999674037,-1156000.0,-6280000.0,2257000.0,4827.0,1111.0,5470.0,19.516765594482422,-100.48491668701172,396571.75
2161,50592,83,392,5898,0,341,150610,0.48399999999674037,-1155000.0,-6279000.0,2258000.0,4828.0,1112.0,5469.0,19.516765594482422,-100.48491668701172,396571.75
2161,50593,83,392,38666,0,341,150610,0.9839999999967404,-1153000.0,-6279000.0,2261000.0,4829.0,1116.0,5468.0,19.516765594482422,-100.48491668701172,396571.75
2161,50594,83,392,55050,0,341,150611,0.23399999999674037,-1152000.0,-6279000.0,2262000.0,4829.0,1118.0,5467.0,19.516765594482422,-100.48491668701172,396571.75
2161,50595,83,393,5898,0,341,150611,0.48399999999674037,-1150000.0,-6278000.0,2263000.0,4829.0,1120.0,5467.0,19.516765594482422,-100.48491668701172,396571.75
2161,50596,83,393,22282,0,341,150611,0.7339999999967404,-1149000.0,-6278000.0,2265000.0,4830.0,1122.0,5466.0,19.516765594482422,-100.48491668701172,396571.75
2161,50597,83,393,38666,0,341,150611,0.9839999999967404,-1148000.0,-6278000.0,2266000.0,4830.0,1123.0,5465.0,19.516765594482422,-100.48491668701172,396571.75
2161,50598,83,393,55050,0,341,150612,0.23399999999674037,-1147000.0,-6277000.0,2267000.0,4831.0,1125.0,5464.0,19.516765594482422,-100.48491668701172,396571.75
2161,50599,83,394,5898,0,341,150612,0.48399999999674037,-1146000.0,-6277000.0,2269000.0,4831.0,1127.0,5464.0,19.516765594482422,-100.48491668701172,396571.75
2161,50600,83,394,22282,0,341,150612,0.7339999999967404,-1144000.0,-6277000.0,2270000.0,4831.0,1129.0,5463.0,19.516765594482422,-100.48491668701172,396571.75
2161,50601,83,394,38666,0,341,150612,0.9839999999967404,-1143000.0,-6277000.0,2271000.0,4832.0,1131.0,5462.0,19.516765594482422,-100.48491668701172,396571.75
2161,50602,83,394,55050,0,341,150613,0.23399999999674037,-1142000.0,-6276000.0,2273000.0,4832.0,1133.0,5461.0,19.516765594482422,-100.48491668701172,396571.75
2161,50603,83,395,5898,0,341,150613,0.48399999999674037,-1141000.0,-6276000.0,2274000.0,4833.0,1134.0,5461.0,19.516765594482422,-100.48491668701172,396571.75
2161,50604,83,395,22282,0,341,150613,0.7339999999967404,-1140000.0,-6276000.0,2276000.0,4833.0,1136.0,5460.0,19.516765594482422,-100.48491668701172,396571.75
2161,50605,83,395,38666,0,341,150613,0.9839999999967404,-1139000.0,-6275000.0,2277000.0,4833.0,1138.0,5459.0,19.516765594482422,-100.48491668701172,396571.75
2161,50606,83,395,55050,0,341,150614,0.23399999999674037,-1137000.0,-6275000.0,2278000.0,4834.0,1140.0,5459.0,19.516765594482422,-100.48491668701172,396571.75
2161,50607,83,396,5898,0,341,150614,0.48399999999674037,-1136000.0,-6275000.0,2280000.0,4834.0,1142.0,5458.0,19.516765594482422,-100.48491668701172,396571.75
2161,50608,83,396,22282,0,341,150614,0.7339999999967404,-1135000.0,-6275000.0,2281000.0,4835.0,1144.0,5457.0,19.516765594482422,-100.48491668701172,396571.75
2161,50609,83,396,38666,0,341,150614,0.9839999999967404,-1134000.0,-6274000.0,2282000.0,4835.0,1145.0,5456.0,19.516765594482422,-100.48491668701172,396571.75
2161,50610,83,396,55050,0,341,150615,0.23399999999674037,-1133000.0,-6274000.0,2284000.0,4835.0,1147.0,5456.0,19.516765594482422,-100.48491668701172,396571.75
2161,50611,83,397,5898,0,341,150615,0.48399999999674037,-1131000.0,-6274000.0,2285000.0,4836.0,1149.0,5455.0,19.516765594482422,-100.48491668701172,396571.75
2161,50612,83,397,22282,0,341,150615,0.7339999999967404,-1130000.0,-6274000.0,2286000.0,4836.0,1151.0,5454.0,19.516765594482422,-100.48491668701172,396571.75
2161,50613,83,397,38666,0,341,150615,0.9839999999967404,-1129000.0,-6273000.0,2288000.0,4837.0,1153.0,5453.0,19.516765594482422,-100.48491668701172,396571.75
2161,50614,83,397,55050,0,341,150616,0.23399999999674037,-1128000.0,-6273000.0,2289000.0,4837.0,1155.0,5453.0,19.516765594482422,-100.48491668701172,396571.75
2161,50615,83,398,5898,0,341,150616,0.48399999999674037,-1127000.0,-6273000.0,2290000.0,4837.0,1156.0,5452.0,19.516765594482422,-100.48491668701172,396571.75
2161,50616,83,398,22282,0,341,150616,0.7339999999967404,-1125000.0,-6272000.0,2292000.0,4838.0,1158.0,5451.0,19.516765594482422,-100.48491668701172,396571.75
2161,50617,83,398,38666,0,341,150616,0.9839999999967404,-1124000.0,-6272000.0,2293000.0,4838.0,1160.0,5450.0,19.516765594482422,-100.48491668701172,396571.75
2161,50618,83,398,55050,0,341,150617,0.23399999999674037,-1123000.0,-6272000.0,2294000.0,4839.0,1162.0,5450.0,19.516765594482422,-100.48491668701172,396571.75
2161,50619,83,399,6553,0,341,150617,0.48399999999674037,-1122000.0,-6271000.0,2296000.0,4839.0,1164.0,5449.0,19.516765594482422,-100.48491668701172,396571.75
2161,50620,83,399,22937,0,341,150617,0.7339999999967404,-1121000.0,-6271000.0,2297000.0,4839.0,1165.0,5448.0,19.516765594482422,-100.48491668701172,396571.75
2161,50621,83,399,39321,0,341,150617,0.9839999999967404,-1119000.0,-6271000.0,2298000.0,4840.0,1167.0,5448.0,19.516765594482422,-100.48491668701172,396571.75
2161,50622,83,399,55705,0,341,150617,0.9839999999967404,-1119000.0,-6271000.0,2298000.0,4840.0,1167.0,5448.0,19.969058990478516,-100.1107177734375,396378.9375
2161,50623,83,400,22937,0,341,150618,0.7339999999967404,-1116000.0,-6270000.0,2303000.0,4841.0,1173.0,5445.0,19.969058990478516,-100.1107177734375,396378.9375
2161,50624,83,400,39321,0,341,150618,0.9839999999967404,-1115000.0,-6270000.0,2304000.0,4841.0,1175.0,5445.0,19.969058990478516,-100.1107177734375,396378.9375
2161,50625,83,400,55705,0,341,150619,0.23399999999674037,-1113000.0,-6269000.0,2305000.0,4842.0,1176.0,5444.0,19.969058990478516,-100.1107177734375,396378.9375
2161,50626,83,401,6553,0,341,150619,0.48399999999674037,-1112000.0,-6269000.0,2307000.0,4842.0,1178.0,5443.0,19.969058990478516,-100.1107177734375,396378.9375
2161,50627,83,401,22937,0,341,150619,0.7339999999967404,-1111000.0,-6269000.0,2308000.0,4843.0,1180.0,5442.0,19.969058990478516,-100.1107177734375,396378.9375
2161,50628,83,401,39321,0,341,150619,0.9839999999967404,-1110000.0,-6269000.0,2309000.0,4843.0,1182.0,5442.0,19.969058990478516,-100.1107177734375,396378.9375
2161,50629,83,401,55705,0,341,150620,0.23399999999674037,-1109000.0,-6268000.0,2311000.0,4843.0,1184.0,5441.0,19.969058990478516,-100.1107177734375,396378.9375
2161,50630,83,402,6553,0,341,150620,0.48399999999674037,-1107000.0,-6268000.0,2312000.0,4844.0,1186.0,5440.0,19.969058990478516,-100.1107177734375,396378.9375
2161,50631,83,402,22937,0,341,150620,0.7339999999967404,-1106000.0,-6268000.0,2313000.0,4844.0,1187.0,5439.0,19.969058990478516,-100.1107177734375,396378.9375
2161,50632,83,402,39321,0,341,150620,0.9839999999967404,-1105000.0,-6267000.0,2315000.0,4845.0,1189.0,5439.0,19.969058990478516,-100.1107177734375,396378.9375
2161,50633,83,402,55705,0,341,150621,0.23399999999674037,-1104000.0,-6267000.0,2316000.0,4845.0,1191.0,5438.0,19.969058990478516,-100.1107177734375,396378.9375
2161,50634,83,403,6553,0,341,150621,0.48399999999674037,-1103000.0,-6267000.0,2317000.0,4845.0,1193.0,5437.0,19.969058990478516,-100.1107177734375,396378.9375
2161,50635,83,403,22937,0,341,150621,0.7339999999967404,-1101000.0,-6267000.0,2319000.0,4846.0,1195.0,5436.0,19.969058990478516,-100.1107177734375,396378.9375
2161,50636,83,403,39321,0,341,150621,0.9839999999967404,-1100000.0,-6266000.0,2320000.0,4846.0,1197.0,5436.0,19.969058990478516,-100.1107177734375,396378.9375
2161,50637,83,403,55705,0,341,150622,0.23399999999674037,-1099000.0,-6266000.0,2321000.0,4847.0,1198.0,5435.0,19.969058990478516,-100.1107177734375,396378.9375
2161,50638,83,404,6553,0,341,150622,0.48399999999674037,-1098000.0,-6266000.0,2323000.0,4847.0,1200.0,5434.0,19.969058990478516,-100.1107177734375,396378.9375
2161,50639,83,404,22937,0,341,150622,0.7339999999967404,-1097000.0,-6265000.0,2324000.0,4847.0,1202.0,5433.0,19.969058990478516,-100.1107177734375,396378.9375
2161,50640,83,404,39321,0,341,150622,0.9839999999967404,-1095000.0,-6265000.0,2325000.0,4848.0,1204.0,5433.0,19.969058990478516,-100.1107177734375,396378.9375
2161,50641,83,404,55705,0,341,150622,0.9839999999967404,-1095000.0,-6265000.0,2325000.0,4848.0,1204.0,5433.0,20.213132858276367,-99.9075927734375,396276.8125
2161,50642,83,405,6553,0,341,150623,0.48399999999674037,-1093000.0,-6264000.0,2328000.0,4849.0,1208.0,5431.0,20.213132858276367,-99.9075927734375,396276.8125
2161,50643,83,405,22937,0,341,150623,0.7339999999967404,-1092000.0,-6264000.0,2329000.0,4849.0,1209.0,5430.0,20.213132858276367,-99.9075927734375,396276.8125
2161,50644,83,405,39321,0,341,150623,0.9839999999967404,-1091000.0,-6264000.0,2331000.0,4849.0,1211.0,5430.0,20.213132858276367,-99.9075927734375,396276.8125
2161,50645,83,405,55705,0,341,150624,0.23399999999674037,-1089000.0,-6264000.0,2332000.0,4850.0,1213.0,5429.0,20.213132858276367,-99.9075927734375,396276.8125
2161,50646,83,406,6553,0,341,150624,0.48399999999674037,-1088000.0,-6263000.0,2334000.0,4850.0,1215.0,5428.0,20.213132858276367,-99.9075927734375,396276.8125
2161,50647,83,406,22937,0,341,150624,0.7339999999967404,-1087000.0,-6263000.0,2335000.0,4851.0,1217.0,5427.0,20.213132858276367,-99.9075927734375,396276.8125
2161,50648,83,406,39321,0,341,150624,0.9839999999967404,-1086000.0,-6263000.0,2336000.0,4851.0,1218.0,5427.0,20.213132858276367,-99.9075927734375,396276.8125
2161,50649,83,406,55705,0,341,150625,0.23399999999674037,-1085000.0,-6262000.0,2338000.0,4851.0,1220.0,5426.0,20.213132858276367,-99.9075927734375,396276.8125
2161,50650,83,407,6553,0,341,150625,0.48399999999674037,-1083000.0,-6262000.0,2339000.0,4852.0,1222.0,5425.0,20.213132858276367,-99.9075927734375,396276.8125
2161,50651,83,407,22937,0,341,150625,0.7339999999967404,-1082000.0,-6262000.0,2340000.0,4852.0,1224.0,5424.0,20.213132858276367,-99.9075927734375,396276.8125
2161,50652,83,407,39321,0,341,150625,0.9839999999967404,-1081000.0,-6261000.0,2342000.0,4852.0,1226.0,5424.0,20.213132858276367,-99.9075927734375,396276.8125
2161,50653,83,407,56360,0,341,150626,0.23399999999674037,-1080000.0,-6261000.0,2343000.0,4853.0,1228.0,5423.0,20.213132858276367,-99.9075927734375,396276.8125
2161,50654,83,408,7208,0,341,150626,0.48399999999674037,-1079000.0,-6261000.0,2344000.0,4853.0,1229.0,5422.0,20.213132858276367,-99.9075927734375,396276.8125
2161,50655,83,408,23592,0,341,150626,0.48399999999674037,-1079000.0,-6261000.0,2344000.0,4853.0,1229.0,5422.0,20.384029388427734,-99.7646713256836,396211.875
2161,50656,83,408,39976,0,341,150626,0.48399999999674037,-1079000.0,-6261000.0,2344000.0,4853.0,1229.0,5422.0,20.39591407775879,-99.75484466552734,396201.90625
2161,50657,83,408,56360,0,341,150627,0.23399999999674037,-1075000.0,-6260000.0,2348000.0,4854.0,1235.0,5420.0,20.39591407775879,-99.75484466552734,396201.90625
2161,50658,83,409,7208,0,341,150627,0.48399999999674037,-1074000.0,-6260000.0,2350000.0,4855.0,1237.0,5419.0,20.39591407775879,-99.75484466552734,396201.90625
2161,50659,83,409,23592,0,341,150627,0.7339999999967404,-1073000.0,-6259000.0,2351000.0,4855.0,1239.0,5418.0,20.39591407775879,-99.75484466552734,396201.90625
2161,50660,83,409,39976,0,341,150627,0.9839999999967404,-1071000.0,-6259000.0,2352000.0,4856.0,1240.0,5418.0,20.39591407775879,-99.75484466552734,396201.90625
2161,50661,83,409,56360,0,341,150628,0.23399999999674037,-1070000.0,-6259000.0,2354000.0,4856.0,1242.0,5417.0,20.39591407775879,-99.75484466552734,396201.90625
2161,50662,83,410,7208,0,341,150628,0.48399999999674037,-1069000.0,-6258000.0,2355000.0,4856.0,1244.0,5416.0,20.39591407775879,-99.75484466552734,396201.90625
2161,50663,83,410,23592,0,341,150628,0.7339999999967404,-1068000.0,-6258000.0,2356000.0,4857.0,1246.0,5415.0,20.39591407775879,-99.75484466552734,396201.90625
2161,50664,83,410,39976,0,341,150628,0.9839999999967404,-1067000.0,-6258000.0,2358000.0,4857.0,1248.0,5415.0,20.39591407775879,-99.75484466552734,396201.90625
2161,50665,83,410,56360,0,341,150629,0.23399999999674037,-1065000.0,-6257000.0,2359000.0,4857.0,1249.0,5414.0,20.39591407775879,-99.75484466552734,396201.90625
2161,50666,83,411,7208,0,341,150629,0.48399999999674037,-1064000.0,-6257000.0,2360000.0,4858.0,1251.0,5413.0,20.39591407775879,-99.75484466552734,396201.90625
2161,50667,83,411,23592,0,341,150629,0.7339999999967404,-1063000.0,-6257000.0,2362000.0,4858.0,1253.0,5412.0,20.39591407775879,-99.75484466552734,396201.90625
2161,50668,83,411,39976,0,341,150629,0.9839999999967404,-1062000.0,-6257000.0,2363000.0,4859.0,1255.0,5412.0,20.39591407775879,-99.75484466552734,396201.90625
2161,50669,83,411,56360,0,341,150630,0.23399999999674037,-1061000.0,-6256000.0,2364000.0,4859.0,1257.0,5411.0,20.39591407775879,-99.75484466552734,396201.90625
2161,50670,83,412,7208,0,341,150630,0.48399999999674037,-1059000.0,-6256000.0,2366000.0,4859.0,1259.0,5410.0,20.39591407775879,-99.75484466552734,396201.90625
2161,50671,83,412,23592,0,341,150630,0.7339999999967404,-1058000.0,-6256000.0,2367000.0,4860.0,1260.0,5409.0,20.39591407775879,-99.75484466552734,396201.90625
2161,50672,83,412,39976,0,341,150630,0.7339999999967404,-1058000.0,-6256000.0,2367000.0,4860.0,1260.0,5409.0,20.590768814086914,-99.59136962890625,396125.03125
2161,50673,83,412,56360,0,341,150631,0.23399999999674037,-1056000.0,-6255000.0,2370000.0,4861.0,1264.0,5408.0,20.590768814086914,-99.59136962890625,396125.03125
2161,50674,83,413,7208,0,341,150631,0.48399999999674037,-1055000.0,-6255000.0,2371000.0,4861.0,1266.0,5407.0,20.590768814086914,-99.59136962890625,396125.03125
2161,50675,83,413,23592,0,341,150631,0.7339999999967404,-1053000.0,-6254000.0,2372000.0,4861.0,1268.0,5406.0,20.590768814086914,-99.59136962890625,396125.03125
2161,50676,83,413,39976,0,341,150631,0.9839999999967404,-1052000.0,-6254000.0,2374000.0,4862.0,1270.0,5406.0,20.590768814086914,-99.59136962890625,396125.03125
2161,50677,83,413,56360,0,341,150632,0.23399999999674037,-1051000.0,-6254000.0,2375000.0,4862.0,1271.0,5405.0,20.590768814086914,-99.59136962890625,396125.03125
2161,50678,83,414,7208,0,341,150632,0.48399999999674037,-1050000.0,-6253000.0,2376000.0,4863.0,1273.0,5404.0,20.590768814086914,-99.59136962890625,396125.03125
2161,50679,83,414,23592,0,341,150632,0.7339999999967404,-1049000.0,-6253000.0,2378000.0,4863.0,1275.0,5403.0,20.590768814086914,-99.59136962890625,396125.03125
2161,50680,83,414,39976,0,341,150632,0.9839999999967404,-1047000.0,-6253000.0,2379000.0,4863.0,1277.0,5402.0,20.590768814086914,-99.59136962890625,396125.03125
2161,50681,83,414,56360,0,341,150633,0.23399999999674037,-1046000.0,-6252000.0,2380000.0,4864.0,1279.0,5402.0,20.590768814086914,-99.59136962890625,396125.03125
2161,50682,83,415,7208,0,341,150633,0.48399999999674037,-1045000.0,-6252000.0,2382000.0,4864.0,1280.0,5401.0,20.590768814086914,-99.59136962890625,396125.03125
2161,50683,83,415,23592,0,341,150633,0.7339999999967404,-1044000.0,-6252000.0,2383000.0,4864.0,1282.0,5400.0,20.590768814086914,-99.59136962890625,396125.03125
2161,50684,83,415,39976,0,341,150633,0.9839999999967404,-1043000.0,-6252000.0,2384000.0,4865.0,1284.0,5399.0,20.590768814086914,-99.59136962890625,396125.03125
2161,50685,83,415,56360,0,341,150634,0.23399999999674037,-1041000.0,-6251000.0,2386000.0,4865.0,1286.0,5399.0,20.590768814086914,-99.59136962890625,396125.03125
2161,50686,83,416,7864,0,341,150634,0.48399999999674037,-1040000.0,-6251000.0,2387000.0,4866.0,1288.0,5398.0,20.590768814086914,-99.59136962890625,396125.03125
2161,50687,83,416,24248,0,341,150634,0.7339999999967404,-1039000.0,-6251000.0,2388000.0,4866.0,1290.0,5397.0,20.590768814086914,-99.59136962890625,396125.03125
2161,50688,83,416,41287,0,43853,2047,0.12640459999988707,1.0,396040.283,0.0,0.0,0.0,341.0,20.590768814086914,-99.59136962890625,396125.03125
2161,50689,83,416,57671,0,341,150635,0.23399999999674037,-1037000.0,-6250000.0,2391000.0,4867.0,1293.0,5396.0,20.590768814086914,-99.59136962890625,396125.03125
2161,50690,83,417,8519,0,341,150635,0.48399999999674037,-1035000.0,-6250000.0,2392000.0,4867.0,1295.0,5395.0,20.590768814086914,-99.59136962890625,396125.03125
2161,50691,83,417,24903,0,341,150635,0.7339999999967404,-1034000.0,-6249000.0,2394000.0,4867.0,1297.0,5394.0,20.590768814086914,-99.59136962890625,396125.03125
2161,50692,83,417,57671,0,341,150636,0.23399999999674037,-1032000.0,-6249000.0,2396000.0,4868.0,1301.0,5393.0,20.590768814086914,-99.59136962890625,396125.03125
2161,50693,83,418,8519,0,341,150636,0.48399999999674037,-1031000.0,-6248000.0,2398000.0,4869.0,1302.0,5392.0,20.590768814086914,-99.59136962890625,396125.03125
2161,50694,83,418,24903,0,341,150636,0.7339999999967404,-1029000.0,-6248000.0,2399000.0,4869.0,1304.0,5391.0,20.590768814086914,-99.59136962890625,396125.03125
2161,50695,83,418,41287,0,341,150636,0.9839999999967404,-1028000.0,-6248000.0,2400000.0,4869.0,1306.0,5390.0,20.590768814086914,-99.59136962890625,396125.03125
2161,50696,83,418,57671,0,341,150637,0.23399999999674037,-1027000.0,-6247000.0,2402000.0,4870.0,1308.0,5389.0,20.590768814086914,-99.59136962890625,396125.03125
2161,50697,83,419,8519,0,341,150637,0.48399999999674037,-1026000.0,-6247000.0,2403000.0,4870.0,1310.0,5389.0,20.590768814086914,-99.59136962890625,396125.03125
2161,50698,83,419,24903,0,341,150637,0.7339999999967404,-1025000.0,-6247000.0,2404000.0,4870.0,1311.0,5388.0,20.590768814086914,-99.59136962890625,396125.03125
2161,50699,83,419,41287,0,341,150637,0.9839999999967404,-1023000.0,-6246000.0,2406000.0,4871.0,1313.0,5387.0,20.590768814086914,-99.59136962890625,396125.03125
2161,50700,83,419,57671,0,341,150638,0.23399999999674037,-1022000.0,-6246000.0,2407000.0,4871.0,1315.0,5386.0,20.590768814086914,-99.59136962890625,396125.03125
2161,50701,83,420,8519,0,341,150638,0.48399999999674037,-1021000.0,-6246000.0,2408000.0,4872.0,1317.0,5386.0,20.590768814086914,-99.59136962890625,396125.03125
2161,50702,83,420,24903,0,341,150638,0.7339999999967404,-1020000.0,-6245000.0,2410000.0,4872.0,1319.0,5385.0,20.590768814086914,-99.59136962890625,396125.03125
2161,50703,83,420,41943,0,341,150638,0.9839999999967404,-1019000.0,-6245000.0,2411000.0,4872.0,1321.0,5384.0,20.590768814086914,-99.59136962890625,396125.03125
2161,50704,83,420,58327,0,341,150639,0.23399999999674037,-1017000.0,-6245000.0,2412000.0,4873.0,1322.0,5383.0,20.590768814086914,-99.59136962890625,396125.03125
2161,50705,83,421,9175,0,341,150639,0.23399999999674037,-1017000.0,-6245000.0,2412000.0,4873.0,1322.0,5383.0,21.004507064819336,-99.24219512939453,395944.625
2161,50706,83,421,25559,0,341,150639,0.23399999999674037,-1017000.0,-6245000.0,2412000.0,4873.0,1322.0,5383.0,21.016742706298828,-99.23180389404297,395932.03125
2161,50707,83,421,41943,0,341,150639,0.9839999999967404,-1014000.0,-6244000.0,2416000.0,4874.0,1328.0,5381.0,21.016742706298828,-99.23180389404297,395932.03125
2161,50708,83,422,25559,0,341,150640,0.7339999999967404,-1010000.0,-6243000.0,2420000.0,4875.0,1333.0,5379.0,21.016742706298828,-99.23180389404297,395932.03125
2161,50709,83,422,41943,0,341,150640,0.9839999999967404,-1009000.0,-6242000.0,2422000.0,4875.0,1335.0,5378.0,21.016742706298828,-99.23180389404297,395932.03125
2161,50710,83,422,58327,0,341,150641,0.23399999999674037,-1008000.0,-6242000.0,2423000.0,4876.0,1337.0,5377.0,21.016742706298828,-99.23180389404297,395932.03125
2161,50711,83,423,9175,0,341,150641,0.48399999999674037,-1006000.0,-6242000.0,2424000.0,4876.0,1339.0,5376.0,21.016742706298828,-99.23180389404297,395932.03125
2161,50712,83,423,25559,0,341,150641,0.7339999999967404,-1005000.0,-6241000.0,2426000.0,4876.0,1341.0,5375.0,21.016742706298828,-99.23180389404297,395932.03125
2161,50713,83,423,41943,0,341,150641,0.9839999999967404,-1004000.0,-6241000.0,2427000.0,4877.0,1342.0,5375.0,21.016742706298828,-99.23180389404297,395932.03125
2161,50714,83,423,58327,0,341,150642,0.23399999999674037,-1003000.0,-6241000.0,2428000.0,4877.0,1344.0,5374.0,21.016742706298828,-99.23180389404297,395932.03125
2161,50715,83,424,9175,0,341,150642,0.48399999999674037,-1002000.0,-6240000.0,2430000.0,4878.0,1346.0,5373.0,21.016742706298828,-99.23180389404297,395932.03125
2161,50716,83,424,25559,0,341,150642,0.7339999999967404,-1000000.0,-6240000.0,2431000.0,4878.0,1348.0,5372.0,21.016742706298828,-99.23180389404297,395932.03125
2161,50717,83,424,41943,0,341,150642,0.9839999999967404,-999200.0,-6240000.0,2432000.0,4878.0,1350.0,5372.0,21.016742706298828,-99.23180389404297,395932.03125
2161,50718,83,424,58327,0,341,150643,0.23399999999674037,-998000.0,-6239000.0,2434000.0,4879.0,1351.0,5371.0,21.016742706298828,-99.23180389404297,395932.03125
2161,50719,83,425,9830,0,341,150643,0.48399999999674037,-996800.0,-6239000.0,2435000.0,4879.0,1353.0,5370.0,21.016742706298828,-99.23180389404297,395932.03125
2161,50720,83,425,26214,0,341,150643,0.7339999999967404,-995600.0,-6239000.0,2436000.0,4879.0,1355.0,5369.0,21.016742706298828,-99.23180389404297,395932.03125
2161,50721,83,425,42598,0,341,150643,0.9839999999967404,-994400.0,-6238000.0,2438000.0,4880.0,1357.0,5369.0,21.016742706298828,-99.23180389404297,395932.03125
2161,50722,83,425,58982,0,341,150643,0.9839999999967404,-994400.0,-6238000.0,2438000.0,4880.0,1357.0,5369.0,21.235004425048828,-99.04643249511719,395837.375
2161,33035,18245,1313165897,17247,1129534228,17735,1230128462,2670246.650493534,4.19907520757657e-310,1.618876107341281e-207,1.6308946823777e-310,4.3110806331720307e-308,3.91930100119628e+202,5.849104451504795e-252,3300.329833984375,1.4071868670649303e+19,1.0669200453926322e-26
2161,62475,18245,1313165897,17247,1296123668,17735,1230128462,2670222.5101737096,4.19907520757657e-310,1.617735603244951e-207,1.6308946823777e-310,-1.1316335513403025e+145,3.919106862504338e+202,4.647458012674509e-255,3300.329833984375,1.4071868670649303e+19,1.0768993669552714e-26
2161,50723,83,426,9830,0,341,150644,0.7339999999967404,-990800.0,-6237000.0,2442000.0,4881.0,1362.0,5366.0,21.235004425048828,-99.04643249511719,395837.375
2161,50724,83,426,26214,0,341,150644,0.9839999999967404,-989600.0,-6237000.0,2443000.0,4881.0,1364.0,5365.0,21.235004425048828,-99.04643249511719,395837.375
2161,50725,83,426,42598,0,341,150645,0.23399999999674037,-988400.0,-6237000.0,2444000.0,4882.0,1366.0,5365.0,21.235004425048828,-99.04643249511719,395837.375
2161,50726,83,426,58982,0,341,150645,0.48399999999674037,-987100.0,-6236000.0,2446000.0,4882.0,1368.0,5364.0,21.235004425048828,-99.04643249511719,395837.375
2161,50727,83,427,9830,0,341,150645,0.7339999999967404,-985900.0,-6236000.0,2447000.0,4882.0,1370.0,5363.0,21.235004425048828,-99.04643249511719,395837.375
2161,50728,83,427,26214,0,341,150645,0.9839999999967404,-984800.0,-6236000.0,2448000.0,4883.0,1371.0,5362.0,21.235004425048828,-99.04643249511719,395837.375
2161,50729,83,427,42598,0,341,150646,0.23399999999674037,-983500.0,-6235000.0,2450000.0,4883.0,1373.0,5361.0,21.235004425048828,-99.04643249511719,395837.375
2161,50730,83,427,58982,0,341,150646,0.48399999999674037,-982300.0,-6235000.0,2451000.0,4883.0,1375.0,5361.0,21.235004425048828,-99.04643249511719,395837.375
2161,50731,83,428,9830,0,341,150646,0.7339999999967404,-981100.0,-6235000.0,2452000.0,4884.0,1377.0,5360.0,21.235004425048828,-99.04643249511719,395837.375
2161,50732,83,428,26214,0,341,150646,0.9839999999967404,-979900.0,-6234000.0,2454000.0,4884.0,1379.0,5359.0,21.235004425048828,-99.04643249511719,395837.375
2161,50733,83,428,42598,0,341,150647,0.23399999999674037,-978700.0,-6234000.0,2455000.0,4884.0,1380.0,5358.0,21.235004425048828,-99.04643249511719,395837.375
2161,50734,83,428,58982,0,341,150647,0.48399999999674037,-977500.0,-6234000.0,2456000.0,4885.0,1382.0,5357.0,21.235004425048828,-99.04643249511719,395837.375
2161,50735,83,429,9830,0,341,150647,0.7339999999967404,-976300.0,-6233000.0,2458000.0,4885.0,1384.0,5357.0,21.235004425048828,-99.04643249511719,395837.375
2161,50736,83,429,26214,0,341,150647,0.9839999999967404,-975100.0,-6233000.0,2459000.0,4886.0,1386.0,5356.0,21.235004425048828,-99.04643249511719,395837.375
2161,50737,83,429,43253,0,341,150648,0.23399999999674037,-973900.0,-6233000.0,2460000.0,4886.0,1388.0,5355.0,21.235004425048828,-99.04643249511719,395837.375
2161,50738,83,429,59637,0,341,150648,0.48399999999674037,-972700.0,-6232000.0,2462000.0,4886.0,1390.0,5354.0,21.235004425048828,-99.04643249511719,395837.375
2161,50739,83,430,10485,0,341,150648,0.7339999999967404,-971400.0,-6232000.0,2463000.0,4887.0,1391.0,5354.0,21.235004425048828,-99.04643249511719,395837.375
2161,50740,83,430,26869,0,341,150648,0.7339999999967404,-971400.0,-6232000.0,2463000.0,4887.0,1391.0,5354.0,21.465356826782227,-98.84996795654297,395739.71875
2161,50741,83,430,43253,0,341,150649,0.23399999999674037,-969000.0,-6231000.0,2466000.0,4887.0,1395.0,5352.0,21.465356826782227,-98.84996795654297,395739.71875
2161,50742,83,430,59637,0,341,150649,0.48399999999674037,-967800.0,-6231000.0,2467000.0,4888.0,1397.0,5351.0,21.465356826782227,-98.84996795654297,395739.71875
2161,50743,83,431,10485,0,341,150649,0.7339999999967404,-966600.0,-6231000.0,2468000.0,4888.0,1399.0,5350.0,21.465356826782227,-98.84996795654297,395739.71875
2161,50744,83,431,26869,0,341,150649,0.9839999999967404,-965400.0,-6230000.0,2470000.0,4888.0,1400.0,5350.0,21.465356826782227,-98.84996795654297,395739.71875
2161,50745,83,431,43253,0,341,150650,0.23399999999674037,-964200.0,-6230000.0,2471000.0,4889.0,1402.0,5349.0,21.465356826782227,-98.84996795654297,395739.71875
2161,50746,83,431,59637,0,341,150650,0.23399999999674037,-964200.0,-6230000.0,2471000.0,4889.0,1402.0,5349.0,21.53829574584961,-98.78739166259766,395705.3125
2161,50747,83,432,26869,0,341,150650,0.9839999999967404,-960600.0,-6229000.0,2475000.0,4890.0,1408.0,5346.0,21.53829574584961,-98.78739166259766,395705.3125
2161,50748,83,432,43253,0,341,150651,0.23399999999674037,-959400.0,-6228000.0,2476000.0,4890.0,1410.0,5346.0,21.53829574584961,-98.78739166259766,395705.3125
2161,50749,83,432,59637,0,341,150651,0.48399999999674037,-958100.0,-6228000.0,2478000.0,4891.0,1411.0,5345.0,21.53829574584961,-98.78739166259766,395705.3125
2161,50750,83,433,10485,0,341,150651,0.7339999999967404,-956900.0,-6228000.0,2479000.0,4891.0,1413.0,5344.0,21.53829574584961,-98.78739166259766,395705.3125
2161,50751,83,433,26869,0,341,150651,0.9839999999967404,-955800.0,-6227000.0,2480000.0,4891.0,1415.0,5343.0,21.53829574584961,-98.78739166259766,395705.3125
2161,50752,83,433,43253,0,341,150652,0.23399999999674037,-954500.0,-6227000.0,2481000.0,4892.0,1417.0,5342.0,21.53829574584961,-98.78739166259766,395705.3125
2161,50753,83,433,59637,0,341,150652,0.48399999999674037,-953300.0,-6227000.0,2483000.0,4892.0,1419.0,5342.0,21.53829574584961,-98.78739166259766,395705.3125
2161,50754,83,434,10485,0,341,150652,0.7339999999967404,-952100.0,-6226000.0,2484000.0,4892.0,1420.0,5341.0,21.53829574584961,-98.78739166259766,395705.3125
2161,50755,83,434,26869,0,341,150652,0.9839999999967404,-950900.0,-6226000.0,2485000.0,4893.0,1422.0,5340.0,21.53829574584961,-98.78739166259766,395705.3125
2161,50756,83,434,43253,0,341,150653,0.23399999999674037,-949700.0,-6226000.0,2487000.0,4893.0,1424.0,5339.0,21.53829574584961,-98.78739166259766,395705.3125
2161,50757,83,434,59637,0,341,150653,0.48399999999674037,-948500.0,-6225000.0,2488000.0,4893.0,1426.0,5338.0,21.53829574584961,-98.78739166259766,395705.3125
2161,50758,83,435,11141,0,341,150653,0.7339999999967404,-947300.0,-6225000.0,2489000.0,4894.0,1428.0,5338.0,21.53829574584961,-98.78739166259766,395705.3125
2161,50759,83,435,27525,0,341,150653,0.9839999999967404,-946100.0,-6225000.0,2491000.0,4894.0,1429.0,5337.0,21.53829574584961,-98.78739166259766,395705.3125
2161,50760,83,435,43909,0,341,150654,0.23399999999674037,-944800.0,-6224000.0,2492000.0,4895.0,1431.0,5336.0,21.53829574584961,-98.78739166259766,395705.3125
2161,50761,83,436,27525,0,341,150654,0.9839999999967404,-941200.0,-6223000.0,2496000.0,4896.0,1437.0,5334.0,21.53829574584961,-98.78739166259766,395705.3125
2161,50762,83,436,43909,0,341,150655,0.23399999999674037,-940000.0,-6223000.0,2497000.0,4896.0,1439.0,5333.0,21.53829574584961,-98.78739166259766,395705.3125
2161,50763,83,436,60293,0,341,150655,0.23399999999674037,-940000.0,-6223000.0,2497000.0,4896.0,1439.0,5333.0,21.78046226501465,-98.57950592041016,395595.46875
2161,50764,83,437,27525,0,341,150655,0.9839999999967404,-936400.0,-6222000.0,2501000.0,4897.0,1444.0,5330.0,21.78046226501465,-98.57950592041016,395595.46875
2161,50765,83,437,43909,0,341,150656,0.23399999999674037,-935200.0,-6221000.0,2503000.0,4897.0,1446.0,5330.0,21.78046226501465,-98.57950592041016,395595.46875
2161,50766,83,437,60293,0,341,150656,0.48399999999674037,-933900.0,-6221000.0,2504000.0,4898.0,1448.0,5329.0,21.78046226501465,-98.57950592041016,395595.46875
2161,50767,83,438,11141,0,341,150656,0.7339999999967404,-932700.0,-6221000.0,2505000.0,4898.0,1449.0,5328.0,21.78046226501465,-98.57950592041016,395595.46875
2161,50768,83,438,27525,0,341,150656,0.9839999999967404,-931500.0,-6220000.0,2507000.0,4898.0,1451.0,5327.0,21.78046226501465,-98.57950592041016,395595.46875
2161,50769,83,438,43909,0,341,150657,0.23399999999674037,-930300.0,-6220000.0,2508000.0,4899.0,1453.0,5326.0,21.78046226501465,-98.57950592041016,395595.46875
2161,50770,83,438,60293,0,341,150657,0.48399999999674037,-929100.0,-6220000.0,2509000.0,4899.0,1455.0,5326.0,21.78046226501465,-98.57950592041016,395595.46875
2161,50771,83,439,11141,0,341,150657,0.7339999999967404,-927900.0,-6219000.0,2511000.0,4899.0,1457.0,5325.0,21.78046226501465,-98.57950592041016,395595.46875
2161,50772,83,439,27525,0,341,150657,0.9839999999967404,-926700.0,-6219000.0,2512000.0,4900.0,1458.0,5324.0,21.78046226501465,-98.57950592041016,395595.46875
2161,50773,83,439,43909,0,341,150658,0.23399999999674037,-925500.0,-6219000.0,2513000.0,4900.0,1460.0,5323.0,21.78046226501465,-98.57950592041016,395595.46875
2161,50774,83,439,60293,0,341,150658,0.48399999999674037,-924300.0,-6218000.0,2514000.0,4900.0,1462.0,5322.0,21.78046226501465,-98.57950592041016,395595.46875
2161,50775,83,440,11141,0,341,150658,0.7339999999967404,-923000.0,-6218000.0,2516000.0,4901.0,1464.0,5322.0,21.78046226501465,-98.57950592041016,395595.46875
2161,50776,83,440,27525,0,341,150658,0.9839999999967404,-921900.0,-6217000.0,2517000.0,4901.0,1466.0,5321.0,21.78046226501465,-98.57950592041016,395595.46875
2161,50777,83,440,43909,0,341,150659,0.23399999999674037,-920600.0,-6217000.0,2518000.0,4902.0,1468.0,5320.0,21.78046226501465,-98.57950592041016,395595.46875
2161,50778,83,440,60293,0,341,150659,0.48399999999674037,-919400.0,-6217000.0,2520000.0,4902.0,1469.0,5319.0,21.78046226501465,-98.57950592041016,395595.46875
2161,50779,83,441,11141,0,341,150659,0.48399999999674037,-919400.0,-6217000.0,2520000.0,4902.0,1469.0,5319.0,21.986167907714844,-98.40211486816406,395488.5625
2161,50780,83,441,27525,0,341,150659,0.9839999999967404,-917000.0,-6216000.0,2522000.0,4903.0,1473.0,5318.0,21.986167907714844,-98.40211486816406,395488.5625
2161,50781,83,441,43909,0,341,150660,0.23399999999674037,-915800.0,-6216000.0,2524000.0,4903.0,1475.0,5317.0,21.986167907714844,-98.40211486816406,395488.5625
2161,50782,83,441,60293,0,341,150660,0.23399999999674037,-915800.0,-6216000.0,2524000.0,4903.0,1475.0,5317.0,22.022296905517578,-98.37081909179688,395486.75
2161,50783,83,442,43909,0,341,150661,0.23399999999674037,-910900.0,-6214000.0,2529000.0,4904.0,1482.0,5313.0,22.022296905517578,-98.37081909179688,395486.75
2161,50784,83,442,60293,0,341,150661,0.48399999999674037,-909700.0,-6214000.0,2530000.0,4905.0,1484.0,5313.0,22.022296905517578,-98.37081909179688,395486.75
2161,50785,83,443,11141,0,341,150661,0.7339999999967404,-908500.0,-6213000.0,2532000.0,4905.0,1486.0,5312.0,22.022296905517578,-98.37081909179688,395486.75
2161,50786,83,443,27525,0,341,150661,0.9839999999967404,-907300.0,-6213000.0,2533000.0,4905.0,1487.0,5311.0,22.022296905517578,-98.37081909179688,395486.75
2161,50787,83,443,43909,0,341,150662,0.23399999999674037,-906100.0,-6213000.0,2534000.0,4906.0,1489.0,5310.0,22.022296905517578,-98.37081909179688,395486.75
2161,50788,83,443,60293,0,341,150662,0.48399999999674037,-904900.0,-6212000.0,2536000.0,4906.0,1491.0,5309.0,22.022296905517578,-98.37081909179688,395486.75
2161,50789,83,444,11141,0,341,150662,0.7339999999967404,-903600.0,-6212000.0,2537000.0,4906.0,1493.0,5309.0,22.022296905517578,-98.37081909179688,395486.75
2161,50790,83,444,27525,0,341,150662,0.9839999999967404,-902400.0,-6212000.0,2538000.0,4907.0,1495.0,5308.0,22.022296905517578,-98.37081909179688,395486.75
2161,50791,83,444,43909,0,341,150663,0.23399999999674037,-901200.0,-6211000.0,2539000.0,4907.0,1496.0,5307.0,22.022296905517578,-98.37081909179688,395486.75
2161,50792,83,444,60293,0,341,150663,0.48399999999674037,-900000.0,-6211000.0,2541000.0,4907.0,1498.0,5306.0,22.022296905517578,-98.37081909179688,395486.75
2161,50793,83,445,11141,0,341,150663,0.7339999999967404,-898800.0,-6210000.0,2542000.0,4908.0,1500.0,5305.0,22.022296905517578,-98.37081909179688,395486.75
2161,50794,83,445,27525,0,341,150663,0.9839999999967404,-897600.0,-6210000.0,2543000.0,4908.0,1502.0,5305.0,22.022296905517578,-98.37081909179688,395486.75
2161,50795,83,445,43909,0,341,150664,0.23399999999674037,-896400.0,-6210000.0,2545000.0,4908.0,1504.0,5304.0,22.022296905517578,-98.37081909179688,395486.75
2161,50796,83,445,60293,0,341,150664,0.23399999999674037,-896400.0,-6210000.0,2545000.0,4908.0,1504.0,5304.0,22.215564727783203,-98.20333099365234,395391.96875
2161,50797,83,446,11141,0,341,150664,0.23399999999674037,-896400.0,-6210000.0,2545000.0,4908.0,1504.0,5304.0,22.227745056152344,-98.19270324707031,395388.53125
2161,50798,83,446,27525,0,341,150664,0.9839999999967404,-892700.0,-6209000.0,2549000.0,4909.0,1509.0,5301.0,22.227745056152344,-98.19270324707031,395388.53125
2161,50799,83,446,43909,0,341,150665,0.23399999999674037,-891500.0,-6208000.0,2550000.0,4910.0,1511.0,5300.0,22.227745056152344,-98.19270324707031,395388.53125
2161,50800,83,446,60293,0,341,150665,0.23399999999674037,-891500.0,-6208000.0,2550000.0,4910.0,1511.0,5300.0,22.263805389404297,-98.16136169433594,395370.6875
2161,50801,83,447,11141,0,341,150665,0.7339999999967404,-889100.0,-6207000.0,2553000.0,4910.0,1515.0,5299.0,22.263805389404297,-98.16136169433594,395370.6875
2161,50802,83,447,27525,0,341,150665,0.9839999999967404,-887900.0,-6207000.0,2554000.0,4911.0,1516.0,5298.0,22.263805389404297,-98.16136169433594,395370.6875
2161,50803,83,447,43909,0,341,150666,0.23399999999674037,-886700.0,-6207000.0,2555000.0,4911.0,1518.0,5297.0,22.263805389404297,-98.16136169433594,395370.6875
2161,50804,83,447,60293,0,341,150666,0.48399999999674037,-885400.0,-6206000.0,2557000.0,4911.0,1520.0,5296.0,22.263805389404297,-98.16136169433594,395370.6875
2161,50805,83,448,11141,0,341,150666,0.7339999999967404,-884200.0,-6206000.0,2558000.0,4912.0,1522.0,5295.0,22.263805389404297,-98.16136169433594,395370.6875
2161,50806,83,448,27525,0,341,150666,0.9839999999967404,-883000.0,-6206000.0,2559000.0,4912.0,1524.0,5295.0,22.263805389404297,-98.16136169433594,395370.6875
2161,50807,83,448,43909,0,341,150667,0.23399999999674037,-881800.0,-6205000.0,2560000.0,4912.0,1525.0,5294.0,22.263805389404297,-98.16136169433594,395370.6875
2161,50808,83,448,60293,0,341,150667,0.48399999999674037,-880600.0,-6205000.0,2562000.0,4913.0,1527.0,5293.0,22.263805389404297,-98.16136169433594,395370.6875
2161,50809,83,449,11141,0,341,150667,0.7339999999967404,-879300.0,-6204000.0,2563000.0,4913.0,1529.0,5292.0,22.263805389404297,-98.16136169433594,395370.6875
2161,50810,83,449,27525,0,341,150667,0.9839999999967404,-878200.0,-6204000.0,2564000.0,4914.0,1531.0,5291.0,22.263805389404297,-98.16136169433594,395370.6875
2161,50811,83,449,43909,0,341,150668,0.23399999999674037,-876900.0,-6204000.0,2566000.0,4914.0,1533.0,5291.0,22.263805389404297,-98.16136169433594,395370.6875
2161,50812,83,449,60293,0,341,150668,0.48399999999674037,-875700.0,-6203000.0,2567000.0,4914.0,1534.0,5290.0,22.263805389404297,-98.16136169433594,395370.6875
2161,50813,83,450,11141,0,341,150668,0.7339999999967404,-874500.0,-6203000.0,2568000.0,4915.0,1536.0,5289.0,22.263805389404297,-98.16136169433594,395370.6875
2161,50814,83,450,27525,0,341,150668,0.9839999999967404,-873300.0,-6203000.0,2570000.0,4915.0,1538.0,5288.0,22.263805389404297,-98.16136169433594,395370.6875
2161,50815,83,450,43909,0,341,150669,0.23399999999674037,-872100.0,-6202000.0,2571000.0,4915.0,1540.0,5287.0,22.263805389404297,-98.16136169433594,395370.6875
2161,50816,83,450,60293,0,341,150669,0.23399999999674037,-872100.0,-6202000.0,2571000.0,4915.0,1540.0,5287.0,22.456850051879883,-97.99324798583984,395272.125
2161,50817,83,451,11141,0,341,150669,0.7339999999967404,-869600.0,-6201000.0,2574000.0,4916.0,1543.0,5286.0,22.456850051879883,-97.99324798583984,395272.125
2161,50818,83,451,27525,0,341,150669,0.9839999999967404,-868400.0,-6201000.0,2575000.0,4916.0,1545.0,5285.0,22.456850051879883,-97.99324798583984,395272.125
2161,50819,83,451,43909,0,341,150670,0.23399999999674037,-867200.0,-6201000.0,2576000.0,4917.0,1547.0,5284.0,22.456850051879883,-97.99324798583984,395272.125
2161,50820,83,451,60293,0,341,150670,0.48399999999674037,-866000.0,-6200000.0,2577000.0,4917.0,1549.0,5283.0,22.456850051879883,-97.99324798583984,395272.125
2161,50821,83,452,11141,0,341,150670,0.48399999999674037,-866000.0,-6200000.0,2577000.0,4917.0,1549.0,5283.0,22.51717185974121,-97.94036865234375,395259.65625
2161,50822,83,452,27525,0,341,150670,0.9839999999967404,-863600.0,-6200000.0,2580000.0,4918.0,1552.0,5281.0,22.51717185974121,-97.94036865234375,395259.65625
2161,50823,83,452,43909,0,341,150671,0.23399999999674037,-862400.0,-6199000.0,2581000.0,4918.0,1554.0,5281.0,22.51717185974121,-97.94036865234375,395259.65625
2161,50824,83,452,60293,0,341,150671,0.48399999999674037,-861100.0,-6199000.0,2583000.0,4918.0,1556.0,5280.0,22.51717185974121,-97.94036865234375,395259.65625
2161,50825,83,453,11141,0,341,150671,0.7339999999967404,-859900.0,-6198000.0,2584000.0,4918.0,1558.0,5279.0,22.51717185974121,-97.94036865234375,395259.65625
2161,50826,83,453,27525,0,341,150671,0.9839999999967404,-858700.0,-6198000.0,2585000.0,4919.0,1560.0,5278.0,22.51717185974121,-97.94036865234375,395259.65625
2161,50827,83,453,43909,0,341,150672,0.23399999999674037,-857500.0,-6198000.0,2587000.0,4919.0,1561.0,5277.0,22.51717185974121,-97.94036865234375,395259.65625
2161,50828,83,453,60293,0,341,150672,0.48399999999674037,-856300.0,-6197000.0,2588000.0,4919.0,1563.0,5277.0,22.51717185974121,-97.94036865234375,395259.65625
2161,50829,83,454,11141,0,341,150672,0.7339999999967404,-855000.0,-6197000.0,2589000.0,4920.0,1565.0,5276.0,22.51717185974121,-97.94036865234375,395259.65625
2161,50830,83,454,27525,0,341,150672,0.9839999999967404,-853900.0,-6196000.0,2590000.0,4920.0,1567.0,5275.0,22.51717185974121,-97.94036865234375,395259.65625
2161,50831,83,454,43909,0,341,150673,0.23399999999674037,-852600.0,-6196000.0,2592000.0,4920.0,1569.0,5274.0,22.51717185974121,-97.94036865234375,395259.65625
2161,50832,83,454,60293,0,341,150673,0.48399999999674037,-851400.0,-6196000.0,2593000.0,4921.0,1570.0,5273.0,22.51717185974121,-97.94036865234375,395259.65625
2161,50833,83,455,11141,0,341,150673,0.7339999999967404,-850200.0,-6195000.0,2594000.0,4921.0,1572.0,5272.0,22.51717185974121,-97.94036865234375,395259.65625
2161,50834,83,455,28180,0,341,150673,0.9839999999967404,-849000.0,-6195000.0,2596000.0,4921.0,1574.0,5272.0,22.51717185974121,-97.94036865234375,395259.65625
2161,50835,83,455,44564,0,341,150674,0.23399999999674037,-847800.0,-6194000.0,2597000.0,4922.0,1576.0,5271.0,22.51717185974121,-97.94036865234375,395259.65625
2161,50836,83,455,60948,0,341,150674,0.23399999999674037,-847800.0,-6194000.0,2597000.0,4922.0,1576.0,5271.0,22.6977596282959,-97.78225708007812,395168.0625
2161,50837,83,456,11796,0,341,150674,0.23399999999674037,-847800.0,-6194000.0,2597000.0,4922.0,1576.0,5271.0,22.70995330810547,-97.77164459228516,395166.65625
2161,50838,83,456,28180,0,341,150674,0.9839999999967404,-844100.0,-6193000.0,2601000.0,4923.0,1581.0,5268.0,22.70995330810547,-97.77164459228516,395166.65625
2161,50839,83,456,44564,0,341,150675,0.23399999999674037,-842900.0,-6193000.0,2602000.0,4923.0,1583.0,5267.0,22.70995330810547,-97.77164459228516,395166.65625
2161,50840,83,456,60948,0,341,150675,0.48399999999674037,-841700.0,-6193000.0,2604000.0,4923.0,1585.0,5266.0,22.70995330810547,-97.77164459228516,395166.65625
2161,50841,83,457,11796,0,341,150675,0.7339999999967404,-840400.0,-6192000.0,2605000.0,4924.0,1587.0,5266.0,22.70995330810547,-97.77164459228516,395166.65625
2161,50842,83,457,28180,0,341,150675,0.9839999999967404,-839300.0,-6192000.0,2606000.0,4924.0,1589.0,5265.0,22.70995330810547,-97.77164459228516,395166.65625
2161,50843,83,457,44564,0,341,150676,0.23399999999674037,-838000.0,-6191000.0,2607000.0,4924.0,1590.0,5264.0,22.70995330810547,-97.77164459228516,395166.65625
2161,50844,83,457,60948,0,341,150676,0.48399999999674037,-836800.0,-6191000.0,2609000.0,4925.0,1592.0,5263.0,22.70995330810547,-97.77164459228516,395166.65625
2161,50845,83,458,11796,0,341,150676,0.7339999999967404,-835600.0,-6191000.0,2610000.0,4925.0,1594.0,5262.0,22.70995330810547,-97.77164459228516,395166.65625
2161,50846,83,458,28180,0,341,150676,0.9839999999967404,-834400.0,-6190000.0,2611000.0,4925.0,1596.0,5261.0,22.70995330810547,-97.77164459228516,395166.65625
2161,50847,83,458,44564,0,341,150677,0.23399999999674037,-833200.0,-6190000.0,2613000.0,4926.0,1598.0,5261.0,22.70995330810547,-97.77164459228516,395166.65625
2161,50848,83,458,60948,0,341,150677,0.48399999999674037,-831900.0,-6189000.0,2614000.0,4926.0,1599.0,5260.0,22.70995330810547,-97.77164459228516,395166.65625
2161,50849,83,459,11796,0,341,150677,0.7339999999967404,-830700.0,-6189000.0,2615000.0,4926.0,1601.0,5259.0,22.70995330810547,-97.77164459228516,395166.65625
2161,50850,83,459,28180,0,341,150677,0.9839999999967404,-829500.0,-6189000.0,2617000.0,4927.0,1603.0,5258.0,22.70995330810547,-97.77164459228516,395166.65625
2161,50851,83,459,44564,0,341,150678,0.23399999999674037,-828300.0,-6188000.0,2618000.0,4927.0,1605.0,5257.0,22.70995330810547,-97.77164459228516,395166.65625
2161,50852,83,459,60948,0,341,150678,0.48399999999674037,-827000.0,-6188000.0,2619000.0,4927.0,1607.0,5256.0,22.70995330810547,-97.77164459228516,395166.65625
2161,50853,83,460,11796,0,341,150678,0.7339999999967404,-825800.0,-6187000.0,2621000.0,4928.0,1608.0,5256.0,22.70995330810547,-97.77164459228516,395166.65625
2161,50854,83,460,28180,0,341,150678,0.9839999999967404,-824600.0,-6187000.0,2622000.0,4928.0,1610.0,5255.0,22.70995330810547,-97.77164459228516,395166.65625
2161,50855,83,460,45219,0,341,150679,0.23399999999674037,-823400.0,-6187000.0,2623000.0,4928.0,1612.0,5254.0,22.70995330810547,-97.77164459228516,395166.65625
2161,50856,83,460,61603,0,341,150679,0.48399999999674037,-822200.0,-6186000.0,2624000.0,4929.0,1614.0,5253.0,22.70995330810547,-97.77164459228516,395166.65625
2161,50857,83,461,12451,0,341,150679,0.48399999999674037,-822200.0,-6186000.0,2624000.0,4929.0,1614.0,5253.0,22.950531005859375,-97.55982208251953,395036.0
2161,50858,83,461,28835,0,341,150679,0.9839999999967404,-819800.0,-6185000.0,2627000.0,4929.0,1617.0,5251.0,22.950531005859375,-97.55982208251953,395036.0
2161,50859,83,461,45219,0,341,150680,0.23399999999674037,-818500.0,-6185000.0,2628000.0,4930.0,1619.0,5251.0,22.950531005859375,-97.55982208251953,395036.0
2161,50860,83,461,61603,0,341,150680,0.48399999999674037,-817300.0,-6185000.0,2630000.0,4930.0,1621.0,5250.0,22.950531005859375,-97.55982208251953,395036.0
2161,50861,83,462,28835,0,341,150680,0.9839999999967404,-814900.0,-6184000.0,2632000.0,4931.0,1625.0,5248.0,22.950531005859375,-97.55982208251953,395036.0
2161,50862,83,462,45219,0,341,150681,0.23399999999674037,-813700.0,-6183000.0,2633000.0,4931.0,1626.0,5247.0,22.950531005859375,-97.55982208251953,395036.0
2161,50863,83,462,61603,0,341,150681,0.48399999999674037,-812400.0,-6183000.0,2635000.0,4931.0,1628.0,5246.0,22.950531005859375,-97.55982208251953,395036.0
2161,50864,83,463,12451,0,341,150681,0.7339999999967404,-811200.0,-6183000.0,2636000.0,4932.0,1630.0,5245.0,22.950531005859375,-97.55982208251953,395036.0
2161,50865,83,463,28835,0,341,150681,0.9839999999967404,-810000.0,-6182000.0,2637000.0,4932.0,1632.0,5245.0,22.950531005859375,-97.55982208251953,395036.0
2161,50866,83,463,45219,0,341,150682,0.23399999999674037,-808800.0,-6182000.0,2639000.0,4932.0,1633.0,5244.0,22.950531005859375,-97.55982208251953,395036.0
2161,50867,83,463,61603,0,341,150682,0.48399999999674037,-807500.0,-6181000.0,2640000.0,4932.0,1635.0,5243.0,22.950531005859375,-97.55982208251953,395036.0
2161,50868,83,464,12451,0,341,150682,0.7339999999967404,-806300.0,-6181000.0,2641000.0,4933.0,1637.0,5242.0,22.950531005859375,-97.55982208251953,395036.0
2161,50869,83,464,28835,0,341,150682,0.9839999999967404,-805100.0,-6181000.0,2643000.0,4933.0,1639.0,5241.0,22.950531005859375,-97.55982208251953,395036.0
2161,50870,83,464,45219,0,341,150683,0.23399999999674037,-803900.0,-6180000.0,2644000.0,4933.0,1641.0,5240.0,22.950531005859375,-97.55982208251953,395036.0
2161,50871,83,464,61603,0,341,150683,0.48399999999674037,-802700.0,-6180000.0,2645000.0,4934.0,1643.0,5240.0,22.950531005859375,-97.55982208251953,395036.0
2161,50872,83,465,12451,0,341,150683,0.7339999999967404,-801400.0,-6179000.0,2646000.0,4934.0,1644.0,5239.0,22.950531005859375,-97.55982208251953,395036.0
2161,50873,83,465,29491,0,341,150683,0.9839999999967404,-800200.0,-6179000.0,2648000.0,4934.0,1646.0,5238.0,22.950531005859375,-97.55982208251953,395036.0
2161,50874,83,465,45875,0,341,150684,0.23399999999674037,-799000.0,-6179000.0,2649000.0,4935.0,1648.0,5237.0,22.950531005859375,-97.55982208251953,395036.0
2161,50875,83,465,62259,0,341,150684,0.48399999999674037,-797800.0,-6178000.0,2650000.0,4935.0,1650.0,5236.0,22.950531005859375,-97.55982208251953,395036.0
2161,50876,83,466,13107,0,341,150684,0.48399999999674037,-797800.0,-6178000.0,2650000.0,4935.0,1650.0,5236.0,23.19081687927246,-97.34715270996094,394932.1875
2161,50877,83,466,29491,0,341,150684,0.9839999999967404,-795400.0,-6177000.0,2653000.0,4936.0,1653.0,5234.0,23.19081687927246,-97.34715270996094,394932.1875
2161,50878,83,466,45875,0,341,150684,0.9839999999967404,-795400.0,-6177000.0,2653000.0,4936.0,1653.0,5234.0,23.214561462402344,-97.32611846923828,394911.21875
2161,50879,83,466,62259,0,341,150684,0.9839999999967404,-795400.0,-6177000.0,2653000.0,4936.0,1653.0,5234.0,23.226661682128906,-97.31534576416016,394912.0
2161,50880,83,467,29491,0,341,150685,0.9839999999967404,-790500.0,-6176000.0,2658000.0,4937.0,1660.0,5231.0,23.226661682128906,-97.31534576416016,394912.0
2161,50881,83,467,45875,0,341,150686,0.23399999999674037,-789200.0,-6175000.0,2659000.0,4937.0,1662.0,5230.0,23.226661682128906,-97.31534576416016,394912.0
2161,50882,83,467,62259,0,341,150686,0.48399999999674037,-788000.0,-6175000.0,2661000.0,4937.0,1664.0,5229.0,23.226661682128906,-97.31534576416016,394912.0
2161,50883,83,468,13107,0,341,150686,0.7339999999967404,-786800.0,-6174000.0,2662000.0,4938.0,1666.0,5228.0,23.226661682128906,-97.31534576416016,394912.0
2161,50884,83,468,29491,0,341,150686,0.9839999999967404,-785600.0,-6174000.0,2663000.0,4938.0,1668.0,5228.0,23.226661682128906,-97.31534576416016,394912.0
2161,50885,83,468,45875,0,341,150687,0.23399999999674037,-784400.0,-6174000.0,2665000.0,4938.0,1669.0,5227.0,23.226661682128906,-97.31534576416016,394912.0
2161,50886,83,468,62259,0,341,150687,0.48399999999674037,-783100.0,-6173000.0,2666000.0,4939.0,1671.0,5226.0,23.226661682128906,-97.31534576416016,394912.0
2161,50887,83,469,13107,0,341,150687,0.7339999999967404,-781900.0,-6173000.0,2667000.0,4939.0,1673.0,5225.0,23.226661682128906,-97.31534576416016,394912.0
2161,50888,83,469,29491,0,341,150687,0.9839999999967404,-780700.0,-6172000.0,2668000.0,4939.0,1675.0,5224.0,23.226661682128906,-97.31534576416016,394912.0
2161,50889,83,469,45875,0,341,150688,0.23399999999674037,-779500.0,-6172000.0,2670000.0,4940.0,1677.0,5223.0,23.226661682128906,-97.31534576416016,394912.0
2161,50890,83,469,62259,0,341,150688,0.48399999999674037,-778300.0,-6172000.0,2671000.0,4940.0,1678.0,5222.0,23.226661682128906,-97.31534576416016,394912.0
2161,50891,83,470,13107,0,341,150688,0.7339999999967404,-777000.0,-6171000.0,2672000.0,4940.0,1680.0,5222.0,23.226661682128906,-97.31534576416016,394912.0
2161,50892,83,470,29491,0,341,150688,0.9839999999967404,-775800.0,-6171000.0,2674000.0,4941.0,1682.0,5221.0,23.226661682128906,-97.31534576416016,394912.0
2161,50893,83,470,45875,0,341,150689,0.23399999999674037,-774600.0,-6170000.0,2675000.0,4941.0,1684.0,5220.0,23.226661682128906,-97.31534576416016,394912.0
2161,50894,83,471,13107,0,341,150689,0.7339999999967404,-772100.0,-6169000.0,2678000.0,4942.0,1687.0,5218.0,23.226661682128906,-97.31534576416016,394912.0
2161,50895,83,471,29491,0,341,150689,0.9839999999967404,-771000.0,-6169000.0,2679000.0,4942.0,1689.0,5217.0,23.226661682128906,-97.31534576416016,394912.0
2161,50896,83,471,45875,0,341,150689,0.9839999999967404,-771000.0,-6169000.0,2679000.0,4942.0,1689.0,5217.0,23.454408645629883,-97.11257934570312,394799.21875
2161,50897,83,471,62259,0,341,150689,0.9839999999967404,-771000.0,-6169000.0,2679000.0,4942.0,1689.0,5217.0,23.466482162475586,-97.1016616821289,394787.0625
2161,50898,83,472,13107,0,341,150690,0.7339999999967404,-767200.0,-6168000.0,2683000.0,4943.0,1695.0,5215.0,23.466482162475586,-97.1016616821289,394787.0625
2161,50899,83,472,29491,0,341,150690,0.9839999999967404,-766100.0,-6167000.0,2684000.0,4943.0,1696.0,5214.0,23.466482162475586,-97.1016616821289,394787.0625
2161,50900,83,472,45875,0,341,150691,0.23399999999674037,-764800.0,-6167000.0,2685000.0,4943.0,1698.0,5213.0,23.466482162475586,-97.1016616821289,394787.0625
2161,50901,83,472,62259,0,341,150691,0.48399999999674037,-763600.0,-6166000.0,2687000.0,4944.0,1700.0,5212.0,23.466482162475586,-97.1016616821289,394787.0625
2161,50902,83,473,13107,0,341,150691,0.7339999999967404,-762300.0,-6166000.0,2688000.0,4944.0,1702.0,5211.0,23.466482162475586,-97.1016616821289,394787.0625
2161,50903,83,473,29491,0,341,150691,0.9839999999967404,-761200.0,-6166000.0,2689000.0,4944.0,1704.0,5210.0,23.466482162475586,-97.1016616821289,394787.0625
2161,50904,83,473,45875,0,341,150692,0.23399999999674037,-759900.0,-6165000.0,2690000.0,4945.0,1705.0,5210.0,23.466482162475586,-97.1016616821289,394787.0625
2161,50905,83,473,62259,0,341,150692,0.48399999999674037,-758700.0,-6165000.0,2692000.0,4945.0,1707.0,5209.0,23.466482162475586,-97.1016616821289,394787.0625
2161,50906,83,474,13107,0,341,150692,0.7339999999967404,-757500.0,-6164000.0,2693000.0,4945.0,1709.0,5208.0,23.466482162475586,-97.1016616821289,394787.0625
2161,50907,83,474,29491,0,341,150692,0.9839999999967404,-756300.0,-6164000.0,2694000.0,4946.0,1711.0,5207.0,23.466482162475586,-97.1016616821289,394787.0625
2161,50908,83,474,45875,0,341,150693,0.23399999999674037,-755000.0,-6164000.0,2696000.0,4946.0,1713.0,5206.0,23.466482162475586,-97.1016616821289,394787.0625
2161,50909,83,474,62914,0,341,150693,0.48399999999674037,-753800.0,-6163000.0,2697000.0,4946.0,1714.0,5205.0,23.466482162475586,-97.1016616821289,394787.0625
2161,50910,83,475,13762,0,341,150693,0.7339999999967404,-752600.0,-6163000.0,2698000.0,4946.0,1716.0,5204.0,23.466482162475586,-97.1016616821289,394787.0625
2161,50911,83,475,30146,0,341,150693,0.9839999999967404,-751400.0,-6162000.0,2699000.0,4947.0,1718.0,5203.0,23.466482162475586,-97.1016616821289,394787.0625
2161,50912,83,475,46530,0,341,150694,0.23399999999674037,-750100.0,-6162000.0,2701000.0,4947.0,1720.0,5203.0,23.466482162475586,-97.1016616821289,394787.0625
2161,50913,83,475,62914,0,341,150694,0.48399999999674037,-748900.0,-6161000.0,2702000.0,4947.0,1721.0,5202.0,23.466482162475586,-97.1016616821289,394787.0625
2161,50914,83,476,13762,0,341,150694,0.7339999999967404,-747700.0,-6161000.0,2703000.0,4948.0,1723.0,5201.0,23.466482162475586,-97.1016616821289,394787.0625
2161,50915,83,476,30146,0,341,150694,0.9839999999967404,-746500.0,-6161000.0,2705000.0,4948.0,1725.0,5200.0,23.466482162475586,-97.1016616821289,394787.0625
2161,50916,83,476,46530,0,341,150694,0.9839999999967404,-746500.0,-6161000.0,2705000.0,4948.0,1725.0,5200.0,23.694021224975586,-96.89808654785156,394669.4375
2161,50917,83,477,13762,0,341,150695,0.7339999999967404,-742800.0,-6159000.0,2708000.0,4949.0,1730.0,5197.0,23.694021224975586,-96.89808654785156,394669.4375
2161,50918,83,477,30146,0,341,150695,0.9839999999967404,-741600.0,-6159000.0,2710000.0,4949.0,1732.0,5197.0,23.694021224975586,-96.89808654785156,394669.4375
2161,50919,83,477,46530,0,341,150696,0.23399999999674037,-740400.0,-6158000.0,2711000.0,4949.0,1734.0,5196.0,23.694021224975586,-96.89808654785156,394669.4375
2161,50920,83,477,62914,0,341,150696,0.48399999999674037,-739100.0,-6158000.0,2712000.0,4950.0,1736.0,5195.0,23.694021224975586,-96.89808654785156,394669.4375
2161,50921,83,478,13762,0,341,150696,0.7339999999967404,-737900.0,-6158000.0,2714000.0,4950.0,1738.0,5194.0,23.694021224975586,-96.89808654785156,394669.4375
2161,50922,83,478,30146,0,341,150696,0.9839999999967404,-736700.0,-6157000.0,2715000.0,4950.0,1739.0,5193.0,23.694021224975586,-96.89808654785156,394669.4375
2161,50923,83,478,46530,0,341,150697,0.23399999999674037,-735500.0,-6157000.0,2716000.0,4951.0,1741.0,5192.0,23.694021224975586,-96.89808654785156,394669.4375
2161,50924,83,478,62914,0,341,150697,0.48399999999674037,-734200.0,-6156000.0,2717000.0,4951.0,1743.0,5191.0,23.694021224975586,-96.89808654785156,394669.4375
2161,50925,83,479,13762,0,341,150697,0.7339999999967404,-733000.0,-6156000.0,2719000.0,4951.0,1745.0,5190.0,23.694021224975586,-96.89808654785156,394669.4375
2161,50926,83,479,30146,0,341,150697,0.9839999999967404,-731800.0,-6155000.0,2720000.0,4952.0,1747.0,5190.0,23.694021224975586,-96.89808654785156,394669.4375
2161,50927,83,479,46530,0,341,150698,0.23399999999674037,-730600.0,-6155000.0,2721000.0,4952.0,1748.0,5189.0,23.694021224975586,-96.89808654785156,394669.4375
2161,50928,83,479,63569,0,341,150698,0.48399999999674037,-729300.0,-6155000.0,2723000.0,4952.0,1750.0,5188.0,23.694021224975586,-96.89808654785156,394669.4375
2161,50929,83,480,14417,0,341,150698,0.7339999999967404,-728100.0,-6154000.0,2724000.0,4952.0,1752.0,5187.0,23.694021224975586,-96.89808654785156,394669.4375
2161,50930,83,480,30801,0,341,150698,0.7339999999967404,-728100.0,-6154000.0,2724000.0,4952.0,1752.0,5187.0,23.873319625854492,-96.73686981201172,394578.5
2161,50931,83,480,63569,0,341,150699,0.48399999999674037,-724400.0,-6153000.0,2728000.0,4953.0,1757.0,5184.0,23.873319625854492,-96.73686981201172,394578.5
2161,50932,83,481,14417,0,341,150699,0.7339999999967404,-723200.0,-6152000.0,2729000.0,4954.0,1759.0,5183.0,23.873319625854492,-96.73686981201172,394578.5
2161,50933,83,481,30801,0,341,150699,0.9839999999967404,-722000.0,-6152000.0,2730000.0,4954.0,1761.0,5183.0,23.873319625854492,-96.73686981201172,394578.5
2161,50934,83,481,47185,0,341,150699,0.9839999999967404,-722000.0,-6152000.0,2730000.0,4954.0,1761.0,5183.0,23.93311309814453,-96.68279266357422,394546.125
2161,50935,83,481,63569,0,341,150700,0.48399999999674037,-719500.0,-6151000.0,2733000.0,4955.0,1764.0,5181.0,23.93311309814453,-96.68279266357422,394546.125
2161,50936,83,482,14417,0,341,150700,0.7339999999967404,-718300.0,-6151000.0,2734000.0,4955.0,1766.0,5180.0,23.93311309814453,-96.68279266357422,394546.125
2161,50937,83,482,30801,0,341,150700,0.9839999999967404,-717100.0,-6150000.0,2735000.0,4955.0,1768.0,5179.0,23.93311309814453,-96.68279266357422,394546.125
2161,50938,83,482,47185,0,341,150701,0.23399999999674037,-715900.0,-6150000.0,2737000.0,4955.0,1770.0,5178.0,23.93311309814453,-96.68279266357422,394546.125
2161,50939,83,482,63569,0,341,150701,0.48399999999674037,-714600.0,-6149000.0,2738000.0,4956.0,1772.0,5177.0,23.93311309814453,-96.68279266357422,394546.125
2161,50940,83,483,14417,0,341,150701,0.7339999999967404,-713400.0,-6149000.0,2739000.0,4956.0,1773.0,5176.0,23.93311309814453,-96.68279266357422,394546.125
2161,50941,83,483,30801,0,341,150701,0.9839999999967404,-712200.0,-6148000.0,2741000.0,4956.0,1775.0,5176.0,23.93311309814453,-96.68279266357422,394546.125
2161,50942,83,483,47185,0,341,150702,0.23399999999674037,-711000.0,-6148000.0,2742000.0,4957.0,1777.0,5175.0,23.93311309814453,-96.68279266357422,394546.125
2161,50943,83,483,63569,0,341,150702,0.48399999999674037,-709700.0,-6148000.0,2743000.0,4957.0,1779.0,5174.0,23.93311309814453,-96.68279266357422,394546.125
2161,50944,83,484,14417,0,341,150702,0.7339999999967404,-708500.0,-6147000.0,2744000.0,4957.0,1781.0,5173.0,23.93311309814453,-96.68279266357422,394546.125
2161,50945,83,484,30801,0,341,150702,0.9839999999967404,-707300.0,-6147000.0,2746000.0,4957.0,1782.0,5172.0,23.93311309814453,-96.68279266357422,394546.125
2161,50946,83,484,47841,0,341,150703,0.23399999999674037,-706100.0,-6146000.0,2747000.0,4958.0,1784.0,5171.0,23.93311309814453,-96.68279266357422,394546.125
2161,50947,83,484,64225,0,341,150703,0.48399999999674037,-704800.0,-6146000.0,2748000.0,4958.0,1786.0,5170.0,23.93311309814453,-96.68279266357422,394546.125
2161,50948,83,485,15073,0,341,150703,0.48399999999674037,-704800.0,-6146000.0,2748000.0,4958.0,1786.0,5170.0,24.10057830810547,-96.53135681152344,394455.25
2161,50949,83,485,31457,0,341,150703,0.48399999999674037,-704800.0,-6146000.0,2748000.0,4958.0,1786.0,5170.0,24.112146377563477,-96.52091217041016,394448.4375
2161,50950,83,485,47841,0,341,150704,0.23399999999674037,-701200.0,-6144000.0,2752000.0,4959.0,1791.0,5168.0,24.112146377563477,-96.52091217041016,394448.4375
2161,50951,83,485,64225,0,341,150704,0.48399999999674037,-699900.0,-6144000.0,2753000.0,4959.0,1793.0,5167.0,24.112146377563477,-96.52091217041016,394448.4375
2161,50952,83,486,15073,0,341,150704,0.7339999999967404,-698700.0,-6144000.0,2755000.0,4959.0,1795.0,5166.0,24.112146377563477,-96.52091217041016,394448.4375
2161,50953,83,486,31457,0,341,150704,0.9839999999967404,-697500.0,-6143000.0,2756000.0,4960.0,1797.0,5165.0,24.112146377563477,-96.52091217041016,394448.4375
2161,50954,83,486,47841,0,341,150704,0.9839999999967404,-697500.0,-6143000.0,2756000.0,4960.0,1797.0,5165.0,24.171905517578125,-96.4666976928711,394416.71875
2161,50955,83,486,64225,0,341,150704,0.9839999999967404,-697500.0,-6143000.0,2756000.0,4960.0,1797.0,5165.0,24.184011459350586,-96.45568084716797,394413.875
2161,50956,83,487,15073,0,341,150705,0.7339999999967404,-693800.0,-6142000.0,2760000.0,4961.0,1802.0,5162.0,24.184011459350586,-96.45568084716797,394413.875
2161,50957,83,487,31457,0,341,150705,0.9839999999967404,-692600.0,-6141000.0,2761000.0,4961.0,1804.0,5161.0,24.184011459350586,-96.45568084716797,394413.875
2161,50958,83,487,47841,0,341,150706,0.23399999999674037,-691300.0,-6141000.0,2762000.0,4961.0,1806.0,5160.0,24.184011459350586,-96.45568084716797,394413.875
2161,50959,83,487,64225,0,341,150706,0.48399999999674037,-690100.0,-6140000.0,2764000.0,4961.0,1807.0,5160.0,24.184011459350586,-96.45568084716797,394413.875
2161,50960,83,488,15073,0,341,150706,0.7339999999967404,-688900.0,-6140000.0,2765000.0,4962.0,1809.0,5159.0,24.184011459350586,-96.45568084716797,394413.875
2161,50961,83,488,31457,0,341,150706,0.9839999999967404,-687700.0,-6140000.0,2766000.0,4962.0,1811.0,5158.0,24.184011459350586,-96.45568084716797,394413.875
2161,50962,83,488,47841,0,341,150707,0.23399999999674037,-686400.0,-6139000.0,2767000.0,4962.0,1813.0,5157.0,24.184011459350586,-96.45568084716797,394413.875
2161,50963,83,488,64225,0,341,150707,0.48399999999674037,-685200.0,-6139000.0,2769000.0,4963.0,1814.0,5156.0,24.184011459350586,-96.45568084716797,394413.875
2161,50964,83,489,15073,0,341,150707,0.7339999999967404,-684000.0,-6138000.0,2770000.0,4963.0,1816.0,5155.0,24.184011459350586,-96.45568084716797,394413.875
2161,50965,83,489,31457,0,341,150707,0.9839999999967404,-682800.0,-6138000.0,2771000.0,4963.0,1818.0,5154.0,24.184011459350586,-96.45568084716797,394413.875
2161,50966,83,489,47841,0,341,150708,0.23399999999674037,-681500.0,-6137000.0,2772000.0,4963.0,1820.0,5153.0,24.184011459350586,-96.45568084716797,394413.875
2161,50967,83,489,64880,0,341,150708,0.48399999999674037,-680300.0,-6137000.0,2774000.0,4964.0,1822.0,5152.0,24.184011459350586,-96.45568084716797,394413.875
2161,50968,83,490,15728,0,341,150708,0.7339999999967404,-679000.0,-6136000.0,2775000.0,4964.0,1823.0,5152.0,24.184011459350586,-96.45568084716797,394413.875
2161,50969,83,490,64880,0,341,150709,0.48399999999674037,-675400.0,-6135000.0,2779000.0,4965.0,1829.0,5149.0,24.184011459350586,-96.45568084716797,394413.875
2161,50970,83,491,15728,0,341,150709,0.7339999999967404,-674100.0,-6135000.0,2780000.0,4965.0,1831.0,5148.0,24.184011459350586,-96.45568084716797,394413.875
2161,50971,83,491,32112,0,341,150709,0.9839999999967404,-673000.0,-6134000.0,2781000.0,4965.0,1832.0,5147.0,24.184011459350586,-96.45568084716797,394413.875
2161,50972,83,491,48496,0,341,150710,0.23399999999674037,-671700.0,-6134000.0,2783000.0,4966.0,1834.0,5146.0,24.184011459350586,-96.45568084716797,394413.875
2161,50973,83,491,64880,0,341,150710,0.48399999999674037,-670500.0,-6133000.0,2784000.0,4966.0,1836.0,5145.0,24.184011459350586,-96.45568084716797,394413.875
2161,50974,83,492,15728,0,341,150710,0.7339999999967404,-669200.0,-6133000.0,2785000.0,4966.0,1838.0,5144.0,24.184011459350586,-96.45568084716797,394413.875
2161,50975,83,492,32112,0,341,150710,0.9839999999967404,-668000.0,-6132000.0,2787000.0,4967.0,1839.0,5144.0,24.184011459350586,-96.45568084716797,394413.875
2161,50976,83,492,48496,0,341,150711,0.23399999999674037,-666800.0,-6132000.0,2788000.0,4967.0,1841.0,5143.0,24.184011459350586,-96.45568084716797,394413.875
2161,50977,83,492,64880,0,341,150711,0.48399999999674037,-665600.0,-6131000.0,2789000.0,4967.0,1843.0,5142.0,24.184011459350586,-96.45568084716797,394413.875
2161,50978,83,493,15728,0,341,150711,0.7339999999967404,-664300.0,-6131000.0,2790000.0,4967.0,1845.0,5141.0,24.184011459350586,-96.45568084716797,394413.875
2161,50979,83,493,32112,0,341,150711,0.9839999999967404,-663100.0,-6130000.0,2792000.0,4968.0,1847.0,5140.0,24.184011459350586,-96.45568084716797,394413.875
2161,50980,83,493,48496,0,341,150712,0.23399999999674037,-661900.0,-6130000.0,2793000.0,4968.0,1848.0,5139.0,24.184011459350586,-96.45568084716797,394413.875
2161,50981,83,493,64880,0,341,150712,0.48399999999674037,-660600.0,-6130000.0,2794000.0,4968.0,1850.0,5138.0,24.184011459350586,-96.45568084716797,394413.875
2161,50982,83,494,16384,0,341,150712,0.7339999999967404,-659400.0,-6129000.0,2795000.0,4968.0,1852.0,5137.0,24.184011459350586,-96.45568084716797,394413.875
2161,50983,83,494,32768,0,341,150712,0.9839999999967404,-658200.0,-6129000.0,2797000.0,4969.0,1854.0,5136.0,24.184011459350586,-96.45568084716797,394413.875
2161,50984,83,494,49152,0,341,150713,0.23399999999674037,-657000.0,-6128000.0,2798000.0,4969.0,1855.0,5135.0,24.184011459350586,-96.45568084716797,394413.875
2161,50985,83,495,16384,0,341,150713,0.7339999999967404,-654500.0,-6127000.0,2801000.0,4970.0,1859.0,5134.0,24.184011459350586,-96.45568084716797,394413.875
2161,50986,83,495,32768,0,341,150713,0.9839999999967404,-653300.0,-6127000.0,2802000.0,4970.0,1861.0,5133.0,24.184011459350586,-96.45568084716797,394413.875
2161,50987,83,495,49152,0,341,150714,0.23399999999674037,-652100.0,-6126000.0,2803000.0,4970.0,1863.0,5132.0,24.184011459350586,-96.45568084716797,394413.875
2161,50988,83,496,0,0,341,150714,0.48399999999674037,-650800.0,-6126000.0,2804000.0,4970.0,1864.0,5131.0,24.184011459350586,-96.45568084716797,394413.875
2161,50989,83,496,16384,0,341,150714,0.7339999999967404,-649600.0,-6125000.0,2806000.0,4971.0,1866.0,5130.0,24.184011459350586,-96.45568084716797,394413.875
2161,50990,83,496,32768,0,341,150714,0.9839999999967404,-648400.0,-6125000.0,2807000.0,4971.0,1868.0,5129.0,24.184011459350586,-96.45568084716797,394413.875
2161,50991,83,496,49152,0,341,150715,0.23399999999674037,-647100.0,-6125000.0,2808000.0,4971.0,1870.0,5128.0,24.184011459350586,-96.45568084716797,394413.875
2161,50992,83,497,0,0,341,150715,0.48399999999674037,-645900.0,-6124000.0,2809000.0,4972.0,1871.0,5127.0,24.184011459350586,-96.45568084716797,394413.875
2161,50993,83,497,16384,0,341,150715,0.7339999999967404,-644700.0,-6124000.0,2811000.0,4972.0,1873.0,5126.0,24.184011459350586,-96.45568084716797,394413.875
2161,50994,83,497,32768,0,341,150715,0.9839999999967404,-643500.0,-6123000.0,2812000.0,4972.0,1875.0,5126.0,24.184011459350586,-96.45568084716797,394413.875
2161,50995,83,497,49152,0,341,150716,0.23399999999674037,-642200.0,-6123000.0,2813000.0,4972.0,1877.0,5125.0,24.184011459350586,-96.45568084716797,394413.875
2161,50996,83,498,0,0,341,150716,0.48399999999674037,-641000.0,-6122000.0,2814000.0,4973.0,1879.0,5124.0,24.184011459350586,-96.45568084716797,394413.875
2161,50997,83,498,16384,0,341,150716,0.7339999999967404,-639700.0,-6122000.0,2816000.0,4973.0,1880.0,5123.0,24.184011459350586,-96.45568084716797,394413.875
2161,50998,83,498,32768,0,341,150716,0.9839999999967404,-638500.0,-6121000.0,2817000.0,4973.0,1882.0,5122.0,24.184011459350586,-96.45568084716797,394413.875
2161,50999,83,498,49152,0,341,150717,0.23399999999674037,-637300.0,-6121000.0,2818000.0,4973.0,1884.0,5121.0,24.184011459350586,-96.45568084716797,394413.875
2161,51000,83,499,0,0,341,150717,0.48399999999674037,-636100.0,-6120000.0,2820000.0,4974.0,1886.0,5120.0,24.184011459350586,-96.45568084716797,394413.875
2161,51001,83,499,16384,0,341,150717,0.7339999999967404,-634800.0,-6120000.0,2821000.0,4974.0,1888.0,5119.0,24.184011459350586,-96.45568084716797,394413.875
2161,51002,83,499,32768,0,341,150717,0.9839999999967404,-633600.0,-6119000.0,2822000.0,4974.0,1889.0,5118.0,24.184011459350586,-96.45568084716797,394413.875
2161,51003,83,499,49152,0,341,150718,0.23399999999674037,-632400.0,-6119000.0,2823000.0,4975.0,1891.0,5117.0,24.184011459350586,-96.45568084716797,394413.875
2161,51004,83,500,0,0,341,150718,0.23399999999674037,-632400.0,-6119000.0,2823000.0,4975.0,1891.0,5117.0,24.803171157836914,-95.889404296875,394077.1875
2161,51005,83,500,32768,0,341,150718,0.9839999999967404,-628700.0,-6118000.0,2827000.0,4975.0,1896.0,5115.0,24.803171157836914,-95.889404296875,394077.1875
2161,51006,83,500,49152,0,341,150719,0.23399999999674037,-627500.0,-6117000.0,2828000.0,4976.0,1898.0,5114.0,24.803171157836914,-95.889404296875,394077.1875
2161,51007,83,501,0,0,341,150719,0.48399999999674037,-626200.0,-6117000.0,2830000.0,4976.0,1900.0,5113.0,24.803171157836914,-95.889404296875,394077.1875
2161,51008,83,501,16384,0,341,150719,0.7339999999967404,-625000.0,-6116000.0,2831000.0,4976.0,1902.0,5112.0,24.803171157836914,-95.889404296875,394077.1875
2161,51009,83,501,32768,0,341,150719,0.9839999999967404,-623800.0,-6116000.0,2832000.0,4976.0,1903.0,5111.0,24.803171157836914,-95.889404296875,394077.1875
2161,51010,83,501,49152,0,341,150720,0.23399999999674037,-622500.0,-6115000.0,2833000.0,4977.0,1905.0,5110.0,24.803171157836914,-95.889404296875,394077.1875
2161,51011,83,502,0,0,341,150720,0.48399999999674037,-621300.0,-6115000.0,2835000.0,4977.0,1907.0,5109.0,24.803171157836914,-95.889404296875,394077.1875
2161,51012,83,502,16384,0,341,150720,0.7339999999967404,-620000.0,-6114000.0,2836000.0,4977.0,1909.0,5108.0,24.803171157836914,-95.889404296875,394077.1875
2161,51013,83,502,32768,0,341,150720,0.9839999999967404,-618900.0,-6114000.0,2837000.0,4978.0,1911.0,5107.0,24.803171157836914,-95.889404296875,394077.1875
2161,51014,83,502,49152,0,341,150721,0.23399999999674037,-617600.0,-6113000.0,2839000.0,4978.0,1912.0,5107.0,24.803171157836914,-95.889404296875,394077.1875
2161,51015,83,503,0,0,341,150721,0.48399999999674037,-616400.0,-6113000.0,2840000.0,4978.0,1914.0,5106.0,24.803171157836914,-95.889404296875,394077.1875
2161,51016,83,503,16384,0,341,150721,0.7339999999967404,-615100.0,-6112000.0,2841000.0,4978.0,1916.0,5105.0,24.803171157836914,-95.889404296875,394077.1875
2161,51017,83,503,32768,0,341,150721,0.9839999999967404,-613900.0,-6112000.0,2842000.0,4979.0,1918.0,5104.0,24.803171157836914,-95.889404296875,394077.1875
2161,51018,83,503,49152,0,341,150722,0.23399999999674037,-612700.0,-6111000.0,2844000.0,4979.0,1919.0,5103.0,24.803171157836914,-95.889404296875,394077.1875
2161,51019,83,504,0,0,341,150722,0.48399999999674037,-611400.0,-6111000.0,2845000.0,4979.0,1921.0,5102.0,24.803171157836914,-95.889404296875,394077.1875
2161,51020,83,504,16384,0,341,150722,0.7339999999967404,-610200.0,-6110000.0,2846000.0,4979.0,1923.0,5101.0,24.803171157836914,-95.889404296875,394077.1875
2161,51021,83,504,32768,0,341,150722,0.9839999999967404,-609000.0,-6110000.0,2847000.0,4980.0,1925.0,5100.0,24.803171157836914,-95.889404296875,394077.1875
2161,51022,83,504,49152,0,341,150723,0.23399999999674037,-607800.0,-6109000.0,2849000.0,4980.0,1927.0,5099.0,24.803171157836914,-95.889404296875,394077.1875
2161,51023,83,505,0,0,341,150723,0.23399999999674037,-607800.0,-6109000.0,2849000.0,4980.0,1927.0,5099.0,25.04064178466797,-95.6699447631836,393949.625
2161,51024,83,505,16384,0,341,150723,0.7339999999967404,-605300.0,-6109000.0,2851000.0,4980.0,1930.0,5097.0,25.04064178466797,-95.6699447631836,393949.625
2161,51025,83,505,32768,0,341,150723,0.9839999999967404,-604100.0,-6108000.0,2852000.0,4981.0,1932.0,5096.0,25.04064178466797,-95.6699447631836,393949.625
2161,51026,83,505,49152,0,341,150724,0.23399999999674037,-602800.0,-6108000.0,2854000.0,4981.0,1934.0,5096.0,25.04064178466797,-95.6699447631836,393949.625
2161,51027,83,506,0,0,341,150724,0.48399999999674037,-601600.0,-6107000.0,2855000.0,4981.0,1935.0,5095.0,25.04064178466797,-95.6699447631836,393949.625
2161,51028,83,506,16384,0,341,150724,0.7339999999967404,-600400.0,-6107000.0,2856000.0,4981.0,1937.0,5094.0,25.04064178466797,-95.6699447631836,393949.625
2161,51029,83,506,32768,0,341,150724,0.9839999999967404,-599200.0,-6106000.0,2857000.0,4982.0,1939.0,5093.0,25.04064178466797,-95.6699447631836,393949.625
2161,51030,83,506,49152,0,341,150725,0.23399999999674037,-597900.0,-6106000.0,2859000.0,4982.0,1941.0,5092.0,25.04064178466797,-95.6699447631836,393949.625
2161,51031,83,507,0,0,341,150725,0.48399999999674037,-596700.0,-6105000.0,2860000.0,4982.0,1943.0,5091.0,25.04064178466797,-95.6699447631836,393949.625
2161,51032,83,507,16384,0,341,150725,0.7339999999967404,-595400.0,-6105000.0,2861000.0,4983.0,1944.0,5090.0,25.04064178466797,-95.6699447631836,393949.625
2161,51033,83,507,32768,0,341,150725,0.9839999999967404,-594200.0,-6104000.0,2862000.0,4983.0,1946.0,5089.0,25.04064178466797,-95.6699447631836,393949.625
2161,51034,83,507,49152,0,341,150726,0.23399999999674037,-593000.0,-6104000.0,2864000.0,4983.0,1948.0,5088.0,25.04064178466797,-95.6699447631836,393949.625
2161,51035,83,508,0,0,341,150726,0.48399999999674037,-591700.0,-6103000.0,2865000.0,4983.0,1950.0,5087.0,25.04064178466797,-95.6699447631836,393949.625
2161,51036,83,508,16384,0,341,150726,0.7339999999967404,-590500.0,-6103000.0,2866000.0,4984.0,1951.0,5086.0,25.04064178466797,-95.6699447631836,393949.625
2161,51037,83,508,32768,0,341,150726,0.9839999999967404,-589300.0,-6102000.0,2868000.0,4984.0,1953.0,5085.0,25.04064178466797,-95.6699447631836,393949.625
2161,51038,83,508,49152,0,341,150727,0.23399999999674037,-588100.0,-6102000.0,2869000.0,4984.0,1955.0,5084.0,25.04064178466797,-95.6699447631836,393949.625
2161,51039,83,509,0,0,341,150727,0.48399999999674037,-586800.0,-6101000.0,2870000.0,4984.0,1957.0,5084.0,25.04064178466797,-95.6699447631836,393949.625
2161,51040,83,509,16384,0,341,150727,0.7339999999967404,-585600.0,-6101000.0,2871000.0,4985.0,1958.0,5083.0,25.04064178466797,-95.6699447631836,393949.625
2161,51041,83,509,32768,0,341,150727,0.7339999999967404,-585600.0,-6101000.0,2871000.0,4985.0,1958.0,5083.0,25.253847122192383,-95.4718246459961,393832.125
2161,51042,83,509,49152,0,341,150728,0.23399999999674037,-583100.0,-6100000.0,2874000.0,4985.0,1962.0,5081.0,25.253847122192383,-95.4718246459961,393832.125
2161,51043,83,510,0,0,341,150728,0.48399999999674037,-581900.0,-6099000.0,2875000.0,4985.0,1964.0,5080.0,25.253847122192383,-95.4718246459961,393832.125
2161,51044,83,510,16384,0,341,150728,0.7339999999967404,-580600.0,-6099000.0,2876000.0,4986.0,1966.0,5079.0,25.253847122192383,-95.4718246459961,393832.125
2161,51045,83,510,32768,0,341,150728,0.9839999999967404,-579400.0,-6098000.0,2878000.0,4986.0,1967.0,5078.0,25.253847122192383,-95.4718246459961,393832.125
2161,51046,83,510,49152,0,341,150729,0.23399999999674037,-578200.0,-6098000.0,2879000.0,4986.0,1969.0,5077.0,25.253847122192383,-95.4718246459961,393832.125
2161,51047,83,511,0,0,341,150729,0.48399999999674037,-576900.0,-6097000.0,2880000.0,4986.0,1971.0,5076.0,25.253847122192383,-95.4718246459961,393832.125
2161,51048,83,511,16384,0,341,150729,0.7339999999967404,-575700.0,-6097000.0,2881000.0,4987.0,1973.0,5075.0,25.253847122192383,-95.4718246459961,393832.125
2161,51049,83,511,32768,0,341,150729,0.9839999999967404,-574500.0,-6096000.0,2883000.0,4987.0,1974.0,5074.0,25.253847122192383,-95.4718246459961,393832.125
2161,51050,83,511,49152,0,341,150730,0.23399999999674037,-573300.0,-6096000.0,2884000.0,4987.0,1976.0,5073.0,25.253847122192383,-95.4718246459961,393832.125
2161,51051,83,512,0,0,341,150730,0.48399999999674037,-572000.0,-6095000.0,2885000.0,4987.0,1978.0,5072.0,25.253847122192383,-95.4718246459961,393832.125
2161,51052,83,512,16384,0,341,150730,0.7339999999967404,-570800.0,-6095000.0,2886000.0,4988.0,1980.0,5072.0,25.253847122192383,-95.4718246459961,393832.125
2161,51053,83,512,32768,0,341,150730,0.9839999999967404,-569600.0,-6094000.0,2888000.0,4988.0,1982.0,5071.0,25.253847122192383,-95.4718246459961,393832.125
2161,51054,83,512,49152,0,341,150731,0.23399999999674037,-568300.0,-6094000.0,2889000.0,4988.0,1983.0,5070.0,25.253847122192383,-95.4718246459961,393832.125
2161,51055,83,513,0,0,341,150731,0.48399999999674037,-567100.0,-6093000.0,2890000.0,4988.0,1985.0,5069.0,25.253847122192383,-95.4718246459961,393832.125
2161,51056,83,513,16384,0,341,150731,0.7339999999967404,-565800.0,-6093000.0,2891000.0,4989.0,1987.0,5068.0,25.253847122192383,-95.4718246459961,393832.125
2161,51057,83,513,32768,0,341,150731,0.9839999999967404,-564600.0,-6093000.0,2893000.0,4989.0,1989.0,5067.0,25.253847122192383,-95.4718246459961,393832.125
2161,51058,83,513,49807,0,341,150732,0.23399999999674037,-563400.0,-6092000.0,2894000.0,4989.0,1990.0,5066.0,25.253847122192383,-95.4718246459961,393832.125
2161,51059,83,514,655,0,341,150732,0.48399999999674037,-562100.0,-6092000.0,2895000.0,4989.0,1992.0,5065.0,25.253847122192383,-95.4718246459961,393832.125
2161,51060,83,514,17039,0,341,150732,0.7339999999967404,-560900.0,-6091000.0,2896000.0,4990.0,1994.0,5064.0,25.253847122192383,-95.4718246459961,393832.125
2161,51061,83,514,49807,0,341,150733,0.23399999999674037,-558500.0,-6090000.0,2899000.0,4990.0,1997.0,5062.0,25.253847122192383,-95.4718246459961,393832.125
2161,51062,83,515,655,0,341,150733,0.48399999999674037,-557200.0,-6090000.0,2900000.0,4990.0,1999.0,5061.0,25.253847122192383,-95.4718246459961,393832.125
2161,51063,83,515,17039,0,341,150733,0.7339999999967404,-556000.0,-6089000.0,2901000.0,4991.0,2001.0,5060.0,25.253847122192383,-95.4718246459961,393832.125
2161,51064,83,515,33423,0,341,150733,0.9839999999967404,-554800.0,-6089000.0,2903000.0,4991.0,2003.0,5059.0,25.253847122192383,-95.4718246459961,393832.125
2161,51065,83,515,49807,0,341,150734,0.23399999999674037,-553500.0,-6088000.0,2904000.0,4991.0,2005.0,5058.0,25.253847122192383,-95.4718246459961,393832.125
2161,51066,83,516,655,0,341,150734,0.48399999999674037,-552300.0,-6088000.0,2905000.0,4991.0,2006.0,5058.0,25.253847122192383,-95.4718246459961,393832.125
2161,51067,83,516,17039,0,341,150734,0.7339999999967404,-551000.0,-6087000.0,2906000.0,4992.0,2008.0,5057.0,25.253847122192383,-95.4718246459961,393832.125
2161,51068,83,516,33423,0,341,150734,0.9839999999967404,-549800.0,-6087000.0,2908000.0,4992.0,2010.0,5056.0,25.253847122192383,-95.4718246459961,393832.125
2161,51069,83,516,49807,0,341,150735,0.23399999999674037,-548600.0,-6086000.0,2909000.0,4992.0,2012.0,5055.0,25.253847122192383,-95.4718246459961,393832.125
2161,51070,83,517,655,0,341,150735,0.48399999999674037,-547300.0,-6086000.0,2910000.0,4992.0,2013.0,5054.0,25.253847122192383,-95.4718246459961,393832.125
2161,51071,83,517,17039,0,341,150735,0.7339999999967404,-546100.0,-6085000.0,2911000.0,4993.0,2015.0,5053.0,25.253847122192383,-95.4718246459961,393832.125
2161,51072,83,517,33423,0,341,150735,0.9839999999967404,-544900.0,-6085000.0,2913000.0,4993.0,2017.0,5052.0,25.253847122192383,-95.4718246459961,393832.125
2161,51073,83,517,49807,0,341,150736,0.23399999999674037,-543600.0,-6084000.0,2914000.0,4993.0,2019.0,5051.0,25.253847122192383,-95.4718246459961,393832.125
2161,51074,83,518,655,0,341,150736,0.48399999999674037,-542400.0,-6084000.0,2915000.0,4993.0,2020.0,5050.0,25.253847122192383,-95.4718246459961,393832.125
2161,51075,83,518,17039,0,341,150736,0.7339999999967404,-541100.0,-6083000.0,2916000.0,4994.0,2022.0,5049.0,25.253847122192383,-95.4718246459961,393832.125
2161,51076,83,518,33423,0,341,150736,0.9839999999967404,-539900.0,-6083000.0,2918000.0,4994.0,2024.0,5048.0,25.253847122192383,-95.4718246459961,393832.125
2161,51077,83,518,49807,0,341,150737,0.23399999999674037,-538700.0,-6082000.0,2919000.0,4994.0,2026.0,5047.0,25.253847122192383,-95.4718246459961,393832.125
2161,51078,83,519,655,0,341,150737,0.48399999999674037,-537500.0,-6082000.0,2920000.0,4994.0,2027.0,5046.0,25.253847122192383,-95.4718246459961,393832.125
2161,51079,83,519,17039,0,341,150737,0.7339999999967404,-536200.0,-6081000.0,2921000.0,4995.0,2029.0,5045.0,25.253847122192383,-95.4718246459961,393832.125
2161,51080,83,519,33423,0,341,150737,0.9839999999967404,-535000.0,-6081000.0,2923000.0,4995.0,2031.0,5044.0,25.253847122192383,-95.4718246459961,393832.125
2161,51081,83,519,49807,0,341,150738,0.23399999999674037,-533800.0,-6080000.0,2924000.0,4995.0,2033.0,5044.0,25.253847122192383,-95.4718246459961,393832.125
2161,51082,83,520,655,0,341,150738,0.48399999999674037,-532500.0,-6080000.0,2925000.0,4995.0,2035.0,5043.0,25.253847122192383,-95.4718246459961,393832.125
2161,51083,83,520,17039,0,341,150738,0.7339999999967404,-531300.0,-6079000.0,2926000.0,4996.0,2036.0,5042.0,25.253847122192383,-95.4718246459961,393832.125
2161,51084,83,520,49807,0,341,150739,0.23399999999674037,-528800.0,-6078000.0,2929000.0,4996.0,2040.0,5040.0,25.253847122192383,-95.4718246459961,393832.125
2161,51085,83,521,655,0,341,150739,0.48399999999674037,-527600.0,-6078000.0,2930000.0,4996.0,2042.0,5039.0,25.253847122192383,-95.4718246459961,393832.125
2161,51086,83,521,17039,0,341,150739,0.7339999999967404,-526300.0,-6077000.0,2931000.0,4997.0,2043.0,5038.0,25.253847122192383,-95.4718246459961,393832.125
2161,51087,83,521,33423,0,341,150739,0.9839999999967404,-525100.0,-6077000.0,2933000.0,4997.0,2045.0,5037.0,25.253847122192383,-95.4718246459961,393832.125
2161,51088,83,521,49807,0,341,150740,0.23399999999674037,-523900.0,-6076000.0,2934000.0,4997.0,2047.0,5036.0,25.253847122192383,-95.4718246459961,393832.125
2161,51089,83,522,655,0,341,150740,0.48399999999674037,-522600.0,-6076000.0,2935000.0,4997.0,2049.0,5035.0,25.253847122192383,-95.4718246459961,393832.125
2161,51090,83,522,17039,0,341,150740,0.7339999999967404,-521400.0,-6075000.0,2936000.0,4998.0,2050.0,5034.0,25.253847122192383,-95.4718246459961,393832.125
2161,51091,83,522,33423,0,341,150740,0.9839999999967404,-520200.0,-6075000.0,2938000.0,4998.0,2052.0,5033.0,25.253847122192383,-95.4718246459961,393832.125
2161,51092,83,522,49807,0,341,150741,0.23399999999674037,-518900.0,-6074000.0,2939000.0,4998.0,2054.0,5032.0,25.253847122192383,-95.4718246459961,393832.125
2161,51093,83,523,655,0,341,150741,0.48399999999674037,-517700.0,-6073000.0,2940000.0,4998.0,2056.0,5031.0,25.253847122192383,-95.4718246459961,393832.125
2161,51094,83,523,17039,0,341,150741,0.7339999999967404,-516400.0,-6073000.0,2941000.0,4999.0,2057.0,5030.0,25.253847122192383,-95.4718246459961,393832.125
2161,51095,83,523,33423,0,341,150741,0.9839999999967404,-515200.0,-6072000.0,2943000.0,4999.0,2059.0,5029.0,25.253847122192383,-95.4718246459961,393832.125
2161,51096,83,523,49807,0,341,150742,0.23399999999674037,-514000.0,-6072000.0,2944000.0,4999.0,2061.0,5028.0,25.253847122192383,-95.4718246459961,393832.125
2161,1539,17222,1393247046,24392,1263550787,17739,84,4.841811825443568e-305,3.03462365002e-312,0.0,0.0,0.0,0.0,0.0,0.0,0.0,0.0
2161,51097,83,524,655,0,341,150742,0.48399999999674037,-512700.0,-6071000.0,2945000.0,4999.0,2063.0,5027.0,25.253847122192383,-95.4718246459961,393832.125
2161,51098,83,524,17039,0,341,150742,0.7339999999967404,-511500.0,-6071000.0,2946000.0,5000.0,2065.0,5027.0,25.253847122192383,-95.4718246459961,393832.125
2161,51099,83,524,33423,0,341,150742,0.9839999999967404,-510300.0,-6070000.0,2948000.0,5000.0,2066.0,5026.0,25.253847122192383,-95.4718246459961,393832.125
2161,51100,83,524,49807,0,341,150743,0.23399999999674037,-509000.0,-6070000.0,2949000.0,5000.0,2068.0,5025.0,25.253847122192383,-95.4718246459961,393832.125
2161,51101,83,525,655,0,341,150743,0.48399999999674037,-507800.0,-6069000.0,2950000.0,5000.0,2070.0,5024.0,25.253847122192383,-95.4718246459961,393832.125
2161,51102,83,525,33423,0,341,150743,0.9839999999967404,-505400.0,-6068000.0,2953000.0,5001.0,2073.0,5022.0,25.253847122192383,-95.4718246459961,393832.125
2161,51103,83,525,49807,0,341,150744,0.23399999999674037,-504100.0,-6068000.0,2954000.0,5001.0,2075.0,5021.0,25.253847122192383,-95.4718246459961,393832.125
2161,51104,83,526,655,0,341,150744,0.48399999999674037,-502800.0,-6067000.0,2955000.0,5001.0,2077.0,5020.0,25.253847122192383,-95.4718246459961,393832.125
2161,51105,83,526,17039,0,341,150744,0.7339999999967404,-501600.0,-6067000.0,2956000.0,5001.0,2079.0,5019.0,25.253847122192383,-95.4718246459961,393832.125
2161,51106,83,526,33423,0,341,150744,0.9839999999967404,-500400.0,-6066000.0,2958000.0,5002.0,2080.0,5018.0,25.253847122192383,-95.4718246459961,393832.125
2161,51107,83,526,49807,0,341,150745,0.23399999999674037,-499200.0,-6066000.0,2959000.0,5002.0,2082.0,5017.0,25.253847122192383,-95.4718246459961,393832.125
2161,51108,83,527,655,0,341,150745,0.48399999999674037,-497900.0,-6065000.0,2960000.0,5002.0,2084.0,5016.0,25.253847122192383,-95.4718246459961,393832.125
2161,51109,83,527,17039,0,341,150745,0.7339999999967404,-496600.0,-6065000.0,2961000.0,5002.0,2086.0,5015.0,25.253847122192383,-95.4718246459961,393832.125
2161,51110,83,527,33423,0,341,150745,0.9839999999967404,-495500.0,-6064000.0,2963000.0,5003.0,2087.0,5014.0,25.253847122192383,-95.4718246459961,393832.125
2161,51111,83,527,49807,0,341,150746,0.23399999999674037,-494200.0,-6064000.0,2964000.0,5003.0,2089.0,5013.0,25.253847122192383,-95.4718246459961,393832.125
2161,51112,83,528,655,0,341,150746,0.48399999999674037,-493000.0,-6063000.0,2965000.0,5003.0,2091.0,5012.0,25.253847122192383,-95.4718246459961,393832.125
2161,51113,83,528,17039,0,341,150746,0.7339999999967404,-491700.0,-6063000.0,2966000.0,5003.0,2093.0,5011.0,25.253847122192383,-95.4718246459961,393832.125
2161,51114,83,528,33423,0,341,150746,0.9839999999967404,-490500.0,-6062000.0,2967000.0,5004.0,2094.0,5010.0,25.253847122192383,-95.4718246459961,393832.125
2161,51115,83,528,50462,0,341,150747,0.23399999999674037,-489300.0,-6062000.0,2969000.0,5004.0,2096.0,5009.0,25.253847122192383,-95.4718246459961,393832.125
2161,51116,83,529,1310,0,341,150747,0.48399999999674037,-488000.0,-6061000.0,2970000.0,5004.0,2098.0,5008.0,25.253847122192383,-95.4718246459961,393832.125
2161,51117,83,529,17694,0,341,150747,0.7339999999967404,-486800.0,-6061000.0,2971000.0,5004.0,2100.0,5007.0,25.253847122192383,-95.4718246459961,393832.125
2161,51118,83,529,34078,0,341,150747,0.7339999999967404,-486800.0,-6061000.0,2971000.0,5004.0,2100.0,5007.0,26.198331832885742,-94.58097839355469,393295.3125
2161,51119,83,529,50462,0,341,150748,0.23399999999674037,-484300.0,-6060000.0,2974000.0,5005.0,2103.0,5006.0,26.198331832885742,-94.58097839355469,393295.3125
2161,51120,83,530,1310,0,341,150748,0.48399999999674037,-483100.0,-6059000.0,2975000.0,5005.0,2105.0,5005.0,26.198331832885742,-94.58097839355469,393295.3125
2161,51121,83,530,17694,0,341,150748,0.7339999999967404,-481800.0,-6059000.0,2976000.0,5005.0,2107.0,5004.0,26.198331832885742,-94.58097839355469,393295.3125
2161,51122,83,530,34078,0,341,150748,0.9839999999967404,-480600.0,-6058000.0,2977000.0,5005.0,2109.0,5003.0,26.198331832885742,-94.58097839355469,393295.3125
2161,51123,83,530,50462,0,341,150749,0.23399999999674037,-479400.0,-6058000.0,2979000.0,5006.0,2110.0,5002.0,26.198331832885742,-94.58097839355469,393295.3125
2161,51124,83,531,1310,0,341,150749,0.48399999999674037,-478100.0,-6057000.0,2980000.0,5006.0,2112.0,5001.0,26.198331832885742,-94.58097839355469,393295.3125
2161,51125,83,531,17694,0,341,150749,0.7339999999967404,-476900.0,-6056000.0,2981000.0,5006.0,2114.0,5000.0,26.198331832885742,-94.58097839355469,393295.3125
2161,51126,83,531,34078,0,341,150749,0.9839999999967404,-475700.0,-6056000.0,2982000.0,5006.0,2116.0,4999.0,26.198331832885742,-94.58097839355469,393295.3125
2161,51127,83,531,50462,0,341,150750,0.23399999999674037,-474400.0,-6055000.0,2984000.0,5007.0,2117.0,4998.0,26.198331832885742,-94.58097839355469,393295.3125
2161,51128,83,532,1310,0,341,150750,0.48399999999674037,-473100.0,-6055000.0,2985000.0,5007.0,2119.0,4997.0,26.198331832885742,-94.58097839355469,393295.3125
2161,51129,83,532,17694,0,341,150750,0.7339999999967404,-471900.0,-6054000.0,2986000.0,5007.0,2121.0,4996.0,26.198331832885742,-94.58097839355469,393295.3125
2161,51130,83,532,34078,0,341,150750,0.9839999999967404,-470700.0,-6054000.0,2987000.0,5007.0,2123.0,4995.0,26.198331832885742,-94.58097839355469,393295.3125
2161,51131,83,532,50462,0,341,150751,0.23399999999674037,-469500.0,-6053000.0,2989000.0,5007.0,2124.0,4994.0,26.198331832885742,-94.58097839355469,393295.3125
2161,51132,83,533,1310,0,341,150751,0.48399999999674037,-468200.0,-6053000.0,2990000.0,5008.0,2126.0,4993.0,26.198331832885742,-94.58097839355469,393295.3125
2161,51133,83,533,17694,0,341,150751,0.7339999999967404,-467000.0,-6052000.0,2991000.0,5008.0,2128.0,4992.0,26.198331832885742,-94.58097839355469,393295.3125
2161,51134,83,533,34078,0,341,150751,0.9839999999967404,-465800.0,-6052000.0,2992000.0,5008.0,2130.0,4991.0,26.198331832885742,-94.58097839355469,393295.3125
2161,51135,83,533,51118,0,341,150752,0.23399999999674037,-464500.0,-6051000.0,2993000.0,5008.0,2131.0,4990.0,26.198331832885742,-94.58097839355469,393295.3125
2161,51136,83,534,1966,0,341,150752,0.48399999999674037,-463200.0,-6051000.0,2995000.0,5009.0,2133.0,4989.0,26.198331832885742,-94.58097839355469,393295.3125
2161,51137,83,534,18350,0,341,150752,0.7339999999967404,-462000.0,-6050000.0,2996000.0,5009.0,2135.0,4988.0,26.198331832885742,-94.58097839355469,393295.3125
2161,51138,83,534,34734,0,341,150752,0.7339999999967404,-462000.0,-6050000.0,2996000.0,5009.0,2135.0,4988.0,26.433475494384766,-94.35572814941406,393147.90625
2161,51139,83,534,51118,0,341,150753,0.23399999999674037,-459500.0,-6049000.0,2998000.0,5009.0,2138.0,4986.0,26.433475494384766,-94.35572814941406,393147.90625
2161,51140,83,535,1966,0,341,150753,0.48399999999674037,-458300.0,-6049000.0,3000000.0,5009.0,2140.0,4985.0,26.433475494384766,-94.35572814941406,393147.90625
2161,51141,83,535,18350,0,341,150753,0.7339999999967404,-457000.0,-6048000.0,3001000.0,5010.0,2142.0,4984.0,26.433475494384766,-94.35572814941406,393147.90625
2161,51142,83,535,34734,0,341,150753,0.9839999999967404,-455800.0,-6048000.0,3002000.0,5010.0,2144.0,4984.0,26.433475494384766,-94.35572814941406,393147.90625
2161,51143,83,535,51118,0,341,150754,0.23399999999674037,-454600.0,-6047000.0,3003000.0,5010.0,2145.0,4983.0,26.433475494384766,-94.35572814941406,393147.90625
2161,51144,83,536,1966,0,341,150754,0.48399999999674037,-453300.0,-6046000.0,3005000.0,5010.0,2147.0,4982.0,26.433475494384766,-94.35572814941406,393147.90625
2161,51145,83,536,18350,0,341,150754,0.7339999999967404,-452100.0,-6046000.0,3006000.0,5011.0,2149.0,4981.0,26.433475494384766,-94.35572814941406,393147.90625
2161,51146,83,536,34734,0,341,150754,0.9839999999967404,-450900.0,-6045000.0,3007000.0,5011.0,2151.0,4980.0,26.433475494384766,-94.35572814941406,393147.90625
2161,51147,83,536,51118,0,341,150755,0.23399999999674037,-449600.0,-6045000.0,3008000.0,5011.0,2152.0,4979.0,26.433475494384766,-94.35572814941406,393147.90625
2161,51148,83,537,1966,0,341,150755,0.48399999999674037,-448400.0,-6044000.0,3010000.0,5011.0,2154.0,4978.0,26.433475494384766,-94.35572814941406,393147.90625
2161,51149,83,537,18350,0,341,150755,0.7339999999967404,-447100.0,-6044000.0,3011000.0,5012.0,2156.0,4977.0,26.433475494384766,-94.35572814941406,393147.90625
2161,51150,83,537,34734,0,341,150755,0.9839999999967404,-445900.0,-6043000.0,3012000.0,5012.0,2158.0,4976.0,26.433475494384766,-94.35572814941406,393147.90625
2161,51151,83,537,51118,0,341,150756,0.23399999999674037,-444700.0,-6043000.0,3013000.0,5012.0,2159.0,4975.0,26.433475494384766,-94.35572814941406,393147.90625
2161,51152,83,538,1966,0,341,150756,0.48399999999674037,-443400.0,-6042000.0,3014000.0,5012.0,2161.0,4974.0,26.433475494384766,-94.35572814941406,393147.90625
2161,51153,83,538,19005,0,341,150756,0.7339999999967404,-442200.0,-6042000.0,3016000.0,5012.0,2163.0,4973.0,26.433475494384766,-94.35572814941406,393147.90625
2161,51154,83,538,35389,0,341,150756,0.9839999999967404,-441000.0,-6041000.0,3017000.0,5013.0,2165.0,4972.0,26.433475494384766,-94.35572814941406,393147.90625
2161,51155,83,538,51773,0,341,150756,0.9839999999967404,-441000.0,-6041000.0,3017000.0,5013.0,2165.0,4972.0,26.633119583129883,-94.16345977783203,393037.3125
2161,51156,83,539,2621,0,341,150757,0.48399999999674037,-438500.0,-6040000.0,3019000.0,5013.0,2168.0,4970.0,26.633119583129883,-94.16345977783203,393037.3125
2161,51157,83,539,19005,0,341,150757,0.7339999999967404,-437200.0,-6039000.0,3021000.0,5013.0,2170.0,4969.0,26.633119583129883,-94.16345977783203,393037.3125
2161,51158,83,539,35389,0,341,150757,0.9839999999967404,-436000.0,-6039000.0,3022000.0,5013.0,2172.0,4968.0,26.633119583129883,-94.16345977783203,393037.3125
2161,51159,83,539,51773,0,341,150758,0.23399999999674037,-434800.0,-6038000.0,3023000.0,5014.0,2173.0,4967.0,26.633119583129883,-94.16345977783203,393037.3125
2161,51160,83,540,2621,0,341,150758,0.48399999999674037,-433500.0,-6038000.0,3024000.0,5014.0,2175.0,4966.0,26.633119583129883,-94.16345977783203,393037.3125
2161,51161,83,540,19005,0,341,150758,0.7339999999967404,-432200.0,-6037000.0,3026000.0,5014.0,2177.0,4965.0,26.633119583129883,-94.16345977783203,393037.3125
2161,51162,83,540,35389,0,341,150758,0.9839999999967404,-431100.0,-6037000.0,3027000.0,5014.0,2179.0,4964.0,26.633119583129883,-94.16345977783203,393037.3125
2161,51163,83,540,51773,0,341,150759,0.23399999999674037,-429800.0,-6036000.0,3028000.0,5015.0,2180.0,4963.0,26.633119583129883,-94.16345977783203,393037.3125
2161,51164,83,541,2621,0,341,150759,0.48399999999674037,-428500.0,-6036000.0,3029000.0,5015.0,2182.0,4962.0,26.633119583129883,-94.16345977783203,393037.3125
2161,51165,83,541,19005,0,341,150759,0.7339999999967404,-427300.0,-6035000.0,3030000.0,5015.0,2184.0,4961.0,26.633119583129883,-94.16345977783203,393037.3125
2161,51166,83,541,35389,0,341,150759,0.9839999999967404,-426100.0,-6035000.0,3032000.0,5015.0,2186.0,4960.0,26.633119583129883,-94.16345977783203,393037.3125
2161,51167,83,541,51773,0,341,150760,0.23399999999674037,-424800.0,-6034000.0,3033000.0,5015.0,2187.0,4959.0,26.633119583129883,-94.16345977783203,393037.3125
2161,51168,83,542,2621,0,341,150760,0.48399999999674037,-423600.0,-6034000.0,3034000.0,5016.0,2189.0,4958.0,26.633119583129883,-94.16345977783203,393037.3125
2161,51169,83,542,19005,0,341,150760,0.7339999999967404,-422300.0,-6033000.0,3035000.0,5016.0,2191.0,4957.0,26.633119583129883,-94.16345977783203,393037.3125
2161,51170,83,542,35389,0,341,150760,0.9839999999967404,-421100.0,-6032000.0,3037000.0,5016.0,2193.0,4956.0,26.633119583129883,-94.16345977783203,393037.3125
2161,51171,83,542,51773,0,341,150760,0.9839999999967404,-421100.0,-6032000.0,3037000.0,5016.0,2193.0,4956.0,26.820629119873047,-93.98193359375,392913.21875
2161,51172,83,543,2621,0,341,150761,0.48399999999674037,-418600.0,-6031000.0,3039000.0,5016.0,2196.0,4954.0,26.820629119873047,-93.98193359375,392913.21875
2161,51173,83,543,19005,0,341,150761,0.7339999999967404,-417400.0,-6031000.0,3040000.0,5017.0,2198.0,4953.0,26.820629119873047,-93.98193359375,392913.21875
2161,51174,83,543,35389,0,341,150761,0.9839999999967404,-416200.0,-6030000.0,3041000.0,5017.0,2200.0,4952.0,26.820629119873047,-93.98193359375,392913.21875
2161,51175,83,543,51773,0,341,150762,0.23399999999674037,-414900.0,-6030000.0,3043000.0,5017.0,2201.0,4951.0,26.820629119873047,-93.98193359375,392913.21875
2161,51176,83,544,2621,0,341,150762,0.48399999999674037,-413700.0,-6029000.0,3044000.0,5017.0,2203.0,4950.0,26.820629119873047,-93.98193359375,392913.21875
2161,51177,83,544,19005,0,341,150762,0.7339999999967404,-412400.0,-6029000.0,3045000.0,5018.0,2205.0,4949.0,26.820629119873047,-93.98193359375,392913.21875
2161,51178,83,544,35389,0,341,150762,0.9839999999967404,-411200.0,-6028000.0,3046000.0,5018.0,2207.0,4948.0,26.820629119873047,-93.98193359375,392913.21875
2161,51179,83,544,51773,0,341,150763,0.23399999999674037,-410000.0,-6028000.0,3048000.0,5018.0,2208.0,4948.0,26.820629119873047,-93.98193359375,392913.21875
2161,51180,83,545,2621,0,341,150763,0.48399999999674037,-408700.0,-6027000.0,3049000.0,5018.0,2210.0,4947.0,26.820629119873047,-93.98193359375,392913.21875
2161,51181,83,545,19005,0,341,150763,0.7339999999967404,-407400.0,-6026000.0,3050000.0,5018.0,2212.0,4946.0,26.820629119873047,-93.98193359375,392913.21875
2161,51182,83,545,35389,0,341,150763,0.9839999999967404,-406300.0,-6026000.0,3051000.0,5019.0,2214.0,4945.0,26.820629119873047,-93.98193359375,392913.21875
2161,51183,83,545,51773,0,341,150764,0.23399999999674037,-405000.0,-6025000.0,3052000.0,5019.0,2215.0,4944.0,26.820629119873047,-93.98193359375,392913.21875
2161,51184,83,546,3276,0,341,150764,0.48399999999674037,-403700.0,-6025000.0,3054000.0,5019.0,2217.0,4943.0,26.820629119873047,-93.98193359375,392913.21875
2161,51185,83,546,19660,0,341,150764,0.7339999999967404,-402500.0,-6024000.0,3055000.0,5019.0,2219.0,4942.0,26.820629119873047,-93.98193359375,392913.21875
2161,51186,83,547,3276,0,341,150765,0.48399999999674037,-398800.0,-6023000.0,3059000.0,5020.0,2224.0,4939.0,26.820629119873047,-93.98193359375,392913.21875
2161,51187,83,547,19660,0,341,150765,0.7339999999967404,-397500.0,-6022000.0,3060000.0,5020.0,2226.0,4938.0,26.820629119873047,-93.98193359375,392913.21875
2161,51188,83,547,36044,0,341,150765,0.9839999999967404,-396300.0,-6022000.0,3061000.0,5020.0,2228.0,4937.0,26.820629119873047,-93.98193359375,392913.21875
2161,51189,83,547,52428,0,341,150766,0.23399999999674037,-395100.0,-6021000.0,3062000.0,5020.0,2229.0,4936.0,26.820629119873047,-93.98193359375,392913.21875
2161,51190,83,548,3276,0,341,150766,0.23399999999674037,-395100.0,-6021000.0,3062000.0,5020.0,2229.0,4936.0,27.06646728515625,-93.74240112304688,392777.40625
2161,51191,83,548,19660,0,341,150766,0.7339999999967404,-392500.0,-6020000.0,3065000.0,5021.0,2233.0,4934.0,27.06646728515625,-93.74240112304688,392777.40625
2161,51192,83,548,36044,0,341,150766,0.9839999999967404,-391400.0,-6019000.0,3066000.0,5021.0,2235.0,4933.0,27.06646728515625,-93.74240112304688,392777.40625
2161,51193,83,548,52428,0,341,150767,0.23399999999674037,-390100.0,-6019000.0,3067000.0,5021.0,2236.0,4932.0,27.06646728515625,-93.74240112304688,392777.40625
2161,51194,83,549,3276,0,341,150767,0.48399999999674037,-388800.0,-6018000.0,3068000.0,5022.0,2238.0,4931.0,27.06646728515625,-93.74240112304688,392777.40625
2161,51195,83,549,19660,0,341,150767,0.7339999999967404,-387600.0,-6018000.0,3070000.0,5022.0,2240.0,4930.0,27.06646728515625,-93.74240112304688,392777.40625
2161,51196,83,549,36044,0,341,150767,0.9839999999967404,-386400.0,-6017000.0,3071000.0,5022.0,2242.0,4929.0,27.06646728515625,-93.74240112304688,392777.40625
2161,51197,83,549,52428,0,341,150768,0.23399999999674037,-385100.0,-6017000.0,3072000.0,5022.0,2243.0,4928.0,27.06646728515625,-93.74240112304688,392777.40625
2161,51198,83,550,3276,0,341,150768,0.48399999999674037,-383900.0,-6016000.0,3073000.0,5022.0,2245.0,4927.0,27.06646728515625,-93.74240112304688,392777.40625
2161,51199,83,550,19660,0,341,150768,0.7339999999967404,-382600.0,-6015000.0,3074000.0,5023.0,2247.0,4926.0,27.06646728515625,-93.74240112304688,392777.40625
2161,51200,83,550,36044,0,341,150768,0.9839999999967404,-381400.0,-6015000.0,3076000.0,5023.0,2249.0,4925.0,27.06646728515625,-93.74240112304688,392777.40625
2161,51201,83,550,52428,0,341,150769,0.23399999999674037,-380200.0,-6014000.0,3077000.0,5023.0,2250.0,4924.0,27.06646728515625,-93.74240112304688,392777.40625
2161,51202,83,551,3276,0,341,150769,0.48399999999674037,-378900.0,-6014000.0,3078000.0,5023.0,2252.0,4923.0,27.06646728515625,-93.74240112304688,392777.40625
2161,51203,83,551,20316,0,341,150769,0.7339999999967404,-377600.0,-6013000.0,3079000.0,5023.0,2254.0,4922.0,27.06646728515625,-93.74240112304688,392777.40625
2161,51204,83,551,36700,0,341,150769,0.9839999999967404,-376400.0,-6013000.0,3081000.0,5024.0,2256.0,4921.0,27.06646728515625,-93.74240112304688,392777.40625
2161,51205,83,551,53084,0,341,150769,0.9839999999967404,-376400.0,-6013000.0,3081000.0,5024.0,2256.0,4921.0,27.24155044555664,-93.5709228515625,392664.875
2161,51206,83,552,36700,0,341,150770,0.9839999999967404,-371500.0,-6010000.0,3085000.0,5024.0,2263.0,4917.0,27.24155044555664,-93.5709228515625,392664.875
2161,51207,83,552,53084,0,341,150771,0.23399999999674037,-370200.0,-6010000.0,3087000.0,5025.0,2264.0,4916.0,27.24155044555664,-93.5709228515625,392664.875
2161,51208,83,553,20316,0,341,150771,0.7339999999967404,-367700.0,-6009000.0,3089000.0,5025.0,2268.0,4914.0,27.24155044555664,-93.5709228515625,392664.875
2161,51209,83,553,36700,0,341,150771,0.9839999999967404,-366500.0,-6008000.0,3090000.0,5025.0,2270.0,4913.0,27.24155044555664,-93.5709228515625,392664.875
2161,51210,83,553,53084,0,341,150772,0.23399999999674037,-365300.0,-6008000.0,3092000.0,5025.0,2271.0,4912.0,27.24155044555664,-93.5709228515625,392664.875
2161,51211,83,554,3932,0,341,150772,0.48399999999674037,-364000.0,-6007000.0,3093000.0,5026.0,2273.0,4911.0,27.24155044555664,-93.5709228515625,392664.875
2161,51212,83,554,20316,0,341,150772,0.7339999999967404,-362700.0,-6006000.0,3094000.0,5026.0,2275.0,4910.0,27.24155044555664,-93.5709228515625,392664.875
2161,51213,83,554,36700,0,341,150772,0.9839999999967404,-361500.0,-6006000.0,3095000.0,5026.0,2277.0,4909.0,27.24155044555664,-93.5709228515625,392664.875
2161,51214,83,554,53084,0,341,150773,0.23399999999674037,-360300.0,-6005000.0,3096000.0,5026.0,2278.0,4908.0,27.24155044555664,-93.5709228515625,392664.875
2161,51215,83,555,3932,0,341,150773,0.48399999999674037,-359000.0,-6005000.0,3098000.0,5026.0,2280.0,4907.0,27.24155044555664,-93.5709228515625,392664.875
2161,51216,83,555,20316,0,341,150773,0.7339999999967404,-357800.0,-6004000.0,3099000.0,5027.0,2282.0,4906.0,27.24155044555664,-93.5709228515625,392664.875
2161,51217,83,555,36700,0,341,150773,0.9839999999967404,-356600.0,-6004000.0,3100000.0,5027.0,2284.0,4905.0,27.24155044555664,-93.5709228515625,392664.875
2161,51218,83,555,53084,0,341,150774,0.23399999999674037,-355300.0,-6003000.0,3101000.0,5027.0,2285.0,4904.0,27.24155044555664,-93.5709228515625,392664.875
2161,51219,83,556,3932,0,341,150774,0.48399999999674037,-354000.0,-6003000.0,3102000.0,5027.0,2287.0,4903.0,27.24155044555664,-93.5709228515625,392664.875
2161,51220,83,556,20971,0,341,150774,0.7339999999967404,-352800.0,-6002000.0,3104000.0,5027.0,2289.0,4902.0,27.24155044555664,-93.5709228515625,392664.875
2161,51221,83,556,37355,0,341,150774,0.9839999999967404,-351600.0,-6001000.0,3105000.0,5028.0,2290.0,4901.0,27.24155044555664,-93.5709228515625,392664.875
2161,51222,83,556,53739,0,341,150775,0.23399999999674037,-350300.0,-6001000.0,3106000.0,5028.0,2292.0,4900.0,27.24155044555664,-93.5709228515625,392664.875
2161,51223,83,557,4587,0,341,150775,0.48399999999674037,-349100.0,-6000000.0,3107000.0,5028.0,2294.0,4899.0,27.24155044555664,-93.5709228515625,392664.875
2161,51224,83,557,37355,0,341,150775,0.9839999999967404,-346600.0,-5999000.0,3110000.0,5028.0,2297.0,4897.0,27.24155044555664,-93.5709228515625,392664.875
2161,51225,83,557,53739,0,341,150776,0.23399999999674037,-345400.0,-5999000.0,3111000.0,5029.0,2299.0,4896.0,27.24155044555664,-93.5709228515625,392664.875
2161,51226,83,558,4587,0,341,150776,0.23399999999674037,-345400.0,-5999000.0,3111000.0,5029.0,2299.0,4896.0,27.53304100036621,-93.28343200683594,392479.90625
2161,51227,83,558,20971,0,341,150776,0.23399999999674037,-345400.0,-5999000.0,3111000.0,5029.0,2299.0,4896.0,0.0,0.0,0.0
2161,51228,83,558,37355,0,341,150776,0.9839999999967404,-341600.0,-5997000.0,3115000.0,5029.0,2304.0,4893.0,0.0,0.0,0.0
2161,51229,83,558,53739,0,341,150777,0.23399999999674037,-340400.0,-5996000.0,3116000.0,5029.0,2306.0,4892.0,0.0,0.0,0.0
2161,51230,83,559,4587,0,341,150777,0.48399999999674037,-339100.0,-5996000.0,3117000.0,5029.0,2308.0,4891.0,0.0,0.0,0.0
2161,51231,83,559,20971,0,341,150777,0.7339999999967404,-337900.0,-5995000.0,3118000.0,5030.0,2310.0,4890.0,0.0,0.0,0.0
2161,51232,83,559,37355,0,341,150777,0.9839999999967404,-336700.0,-5995000.0,3119000.0,5030.0,2311.0,4889.0,0.0,0.0,0.0
2161,51233,83,559,53739,0,341,150778,0.23399999999674037,-335400.0,-5994000.0,3121000.0,5030.0,2313.0,4888.0,0.0,0.0,0.0
2161,51234,83,560,4587,0,341,150778,0.48399999999674037,-334100.0,-5993000.0,3122000.0,5030.0,2315.0,4887.0,0.0,0.0,0.0
2161,51235,83,560,20971,0,341,150778,0.7339999999967404,-332900.0,-5993000.0,3123000.0,5030.0,2317.0,4886.0,0.0,0.0,0.0
2161,51236,83,560,37355,0,341,150778,0.9839999999967404,-331700.0,-5992000.0,3124000.0,5031.0,2318.0,4885.0,0.0,0.0,0.0
2161,51237,83,560,53739,0,341,150779,0.23399999999674037,-330400.0,-5992000.0,3125000.0,5031.0,2320.0,4884.0,0.0,0.0,0.0
2161,51238,83,561,5242,0,341,150779,0.48399999999674037,-329200.0,-5991000.0,3127000.0,5031.0,2322.0,4883.0,0.0,0.0,0.0
2161,51239,83,561,21626,0,341,150779,0.7339999999967404,-327900.0,-5991000.0,3128000.0,5031.0,2324.0,4882.0,0.0,0.0,0.0
2161,51240,83,561,38010,0,341,150779,0.7339999999967404,-327900.0,-5991000.0,3128000.0,5031.0,2324.0,4882.0,27.695804595947266,-93.12200927734375,392379.34375
2161,51241,83,562,21626,0,341,150780,0.7339999999967404,-322900.0,-5988000.0,3133000.0,5032.0,2330.0,4878.0,27.695804595947266,-93.12200927734375,392379.34375
2161,51242,83,562,38010,0,341,150780,0.9839999999967404,-321800.0,-5988000.0,3134000.0,5032.0,2332.0,4877.0,27.695804595947266,-93.12200927734375,392379.34375
2161,51243,83,562,54394,0,341,150781,0.23399999999674037,-320500.0,-5987000.0,3135000.0,5032.0,2334.0,4876.0,27.695804595947266,-93.12200927734375,392379.34375
2161,51244,83,563,5242,0,341,150781,0.23399999999674037,-320500.0,-5987000.0,3135000.0,5032.0,2334.0,4876.0,27.765716552734375,-93.05228424072266,392331.03125
2161,51245,83,563,21626,0,341,150781,0.7339999999967404,-318000.0,-5986000.0,3138000.0,5033.0,2337.0,4874.0,27.765716552734375,-93.05228424072266,392331.03125
2161,51246,83,563,38010,0,341,150781,0.9839999999967404,-316800.0,-5985000.0,3139000.0,5033.0,2339.0,4873.0,27.765716552734375,-93.05228424072266,392331.03125
2161,51247,83,563,54394,0,341,150782,0.23399999999674037,-315500.0,-5985000.0,3140000.0,5033.0,2341.0,4872.0,27.765716552734375,-93.05228424072266,392331.03125
2161,51248,83,564,5242,0,341,150782,0.48399999999674037,-314200.0,-5984000.0,3141000.0,5033.0,2343.0,4871.0,27.765716552734375,-93.05228424072266,392331.03125
2161,51249,83,564,21626,0,341,150782,0.7339999999967404,-313000.0,-5984000.0,3142000.0,5033.0,2344.0,4870.0,27.765716552734375,-93.05228424072266,392331.03125
2161,51250,83,564,38010,0,341,150782,0.9839999999967404,-311800.0,-5983000.0,3144000.0,5034.0,2346.0,4869.0,27.765716552734375,-93.05228424072266,392331.03125
2161,51251,83,564,54394,0,341,150783,0.23399999999674037,-310500.0,-5982000.0,3145000.0,5034.0,2348.0,4868.0,27.765716552734375,-93.05228424072266,392331.03125
2161,51252,83,565,5242,0,341,150783,0.48399999999674037,-309300.0,-5982000.0,3146000.0,5034.0,2350.0,4867.0,27.765716552734375,-93.05228424072266,392331.03125
2161,51253,83,565,21626,0,341,150783,0.7339999999967404,-308000.0,-5981000.0,3147000.0,5034.0,2351.0,4866.0,27.765716552734375,-93.05228424072266,392331.03125
2161,51254,83,565,38010,0,341,150783,0.9839999999967404,-306800.0,-5981000.0,3148000.0,5034.0,2353.0,4865.0,27.765716552734375,-93.05228424072266,392331.03125
2161,51255,83,565,54394,0,341,150784,0.23399999999674037,-305500.0,-5980000.0,3150000.0,5035.0,2355.0,4864.0,27.765716552734375,-93.05228424072266,392331.03125
2161,51256,83,566,5898,0,341,150784,0.48399999999674037,-304300.0,-5980000.0,3151000.0,5035.0,2356.0,4863.0,27.765716552734375,-93.05228424072266,392331.03125
2161,51257,83,566,22282,0,341,150784,0.7339999999967404,-303000.0,-5979000.0,3152000.0,5035.0,2358.0,4862.0,27.765716552734375,-93.05228424072266,392331.03125
2161,51258,83,566,38666,0,341,150784,0.9839999999967404,-301800.0,-5978000.0,3153000.0,5035.0,2360.0,4861.0,27.765716552734375,-93.05228424072266,392331.03125
2161,51259,83,566,55050,0,341,150784,0.9839999999967404,-301800.0,-5978000.0,3153000.0,5035.0,2360.0,4861.0,27.939838409423828,-92.87845611572266,392221.375
2161,51260,83,567,5898,0,341,150785,0.48399999999674037,-299300.0,-5977000.0,3156000.0,5035.0,2363.0,4859.0,27.939838409423828,-92.87845611572266,392221.375
2161,51261,83,567,22282,0,341,150785,0.7339999999967404,-298100.0,-5977000.0,3157000.0,5036.0,2365.0,4858.0,27.939838409423828,-92.87845611572266,392221.375
2161,51262,83,567,38666,0,341,150785,0.9839999999967404,-296800.0,-5976000.0,3158000.0,5036.0,2367.0,4857.0,27.939838409423828,-92.87845611572266,392221.375
2161,51263,83,567,55050,0,341,150786,0.23399999999674037,-295600.0,-5975000.0,3159000.0,5036.0,2369.0,4856.0,27.939838409423828,-92.87845611572266,392221.375
2161,51264,83,568,5898,0,341,150786,0.48399999999674037,-294300.0,-5975000.0,3160000.0,5036.0,2370.0,4855.0,27.939838409423828,-92.87845611572266,392221.375
2161,51265,83,568,22282,0,341,150786,0.7339999999967404,-293100.0,-5974000.0,3162000.0,5036.0,2372.0,4854.0,27.939838409423828,-92.87845611572266,392221.375
2161,51266,83,568,38666,0,341,150786,0.9839999999967404,-291900.0,-5974000.0,3163000.0,5037.0,2374.0,4853.0,27.939838409423828,-92.87845611572266,392221.375
2161,51267,83,568,55050,0,341,150787,0.23399999999674037,-290600.0,-5973000.0,3164000.0,5037.0,2376.0,4852.0,27.939838409423828,-92.87845611572266,392221.375
2161,51268,83,569,5898,0,341,150787,0.48399999999674037,-289300.0,-5973000.0,3165000.0,5037.0,2377.0,4851.0,27.939838409423828,-92.87845611572266,392221.375
2161,51269,83,569,22282,0,341,150787,0.7339999999967404,-288100.0,-5972000.0,3166000.0,5037.0,2379.0,4850.0,27.939838409423828,-92.87845611572266,392221.375
2161,51270,83,569,38666,0,341,150787,0.9839999999967404,-286900.0,-5971000.0,3168000.0,5037.0,2381.0,4849.0,27.939838409423828,-92.87845611572266,392221.375
2161,51271,83,569,55050,0,341,150788,0.23399999999674037,-285600.0,-5971000.0,3169000.0,5037.0,2382.0,4848.0,27.939838409423828,-92.87845611572266,392221.375
2161,51272,83,570,6553,0,341,150788,0.48399999999674037,-284400.0,-5970000.0,3170000.0,5038.0,2384.0,4846.0,27.939838409423828,-92.87845611572266,392221.375
2161,51273,83,570,22937,0,341,150788,0.7339999999967404,-283100.0,-5970000.0,3171000.0,5038.0,2386.0,4845.0,27.939838409423828,-92.87845611572266,392221.375
2161,51274,83,570,55705,0,341,150789,0.23399999999674037,-280600.0,-5968000.0,3174000.0,5038.0,2389.0,4843.0,27.939838409423828,-92.87845611572266,392221.375
2161,51275,83,571,6553,0,341,150789,0.48399999999674037,-279400.0,-5968000.0,3175000.0,5038.0,2391.0,4842.0,27.939838409423828,-92.87845611572266,392221.375
2161,51276,83,571,22937,0,341,150789,0.7339999999967404,-278100.0,-5967000.0,3176000.0,5038.0,2393.0,4841.0,27.939838409423828,-92.87845611572266,392221.375
2161,51277,83,571,39321,0,341,150789,0.9839999999967404,-276900.0,-5967000.0,3177000.0,5039.0,2395.0,4840.0,27.939838409423828,-92.87845611572266,392221.375
2161,51278,83,571,55705,0,341,150790,0.23399999999674037,-275700.0,-5966000.0,3178000.0,5039.0,2396.0,4839.0,27.939838409423828,-92.87845611572266,392221.375
2161,51279,83,572,6553,0,341,150790,0.48399999999674037,-274400.0,-5965000.0,3180000.0,5039.0,2398.0,4838.0,27.939838409423828,-92.87845611572266,392221.375
2161,51280,83,572,22937,0,341,150790,0.7339999999967404,-273100.0,-5965000.0,3181000.0,5039.0,2400.0,4837.0,27.939838409423828,-92.87845611572266,392221.375
2161,51281,83,572,39321,0,341,150790,0.9839999999967404,-271900.0,-5964000.0,3182000.0,5039.0,2402.0,4836.0,27.939838409423828,-92.87845611572266,392221.375
2161,51282,83,572,55705,0,341,150791,0.23399999999674037,-270700.0,-5964000.0,3183000.0,5040.0,2403.0,4835.0,27.939838409423828,-92.87845611572266,392221.375
2161,51283,83,573,6553,0,341,150791,0.48399999999674037,-269400.0,-5963000.0,3184000.0,5040.0,2405.0,4834.0,27.939838409423828,-92.87845611572266,392221.375
2161,51284,83,573,22937,0,341,150791,0.7339999999967404,-268100.0,-5962000.0,3186000.0,5040.0,2407.0,4833.0,27.939838409423828,-92.87845611572266,392221.375
2161,51285,83,573,39321,0,341,150791,0.9839999999967404,-266900.0,-5962000.0,3187000.0,5040.0,2408.0,4832.0,27.939838409423828,-92.87845611572266,392221.375
2161,51286,83,573,55705,0,341,150792,0.23399999999674037,-265700.0,-5961000.0,3188000.0,5040.0,2410.0,4831.0,27.939838409423828,-92.87845611572266,392221.375
2161,51287,83,574,6553,0,341,150792,0.48399999999674037,-264400.0,-5961000.0,3189000.0,5040.0,2412.0,4830.0,27.939838409423828,-92.87845611572266,392221.375
2161,51288,83,574,22937,0,341,150792,0.7339999999967404,-263200.0,-5960000.0,3190000.0,5041.0,2414.0,4829.0,27.939838409423828,-92.87845611572266,392221.375
2161,51289,83,574,39321,0,341,150792,0.9839999999967404,-262000.0,-5959000.0,3192000.0,5041.0,2415.0,4828.0,27.939838409423828,-92.87845611572266,392221.375
2161,51290,83,574,55705,0,341,150792,0.9839999999967404,-262000.0,-5959000.0,3192000.0,5041.0,2415.0,4828.0,28.310623168945312,-92.50505828857422,391983.15625
2161,51291,83,575,22937,0,341,150793,0.7339999999967404,-258200.0,-5958000.0,3195000.0,5041.0,2421.0,4825.0,28.310623168945312,-92.50505828857422,391983.15625
2161,51292,83,575,39321,0,341,150793,0.9839999999967404,-257000.0,-5957000.0,3196000.0,5041.0,2422.0,4824.0,28.310623168945312,-92.50505828857422,391983.15625
2161,51293,83,575,55705,0,341,150794,0.23399999999674037,-255700.0,-5956000.0,3198000.0,5042.0,2424.0,4823.0,28.310623168945312,-92.50505828857422,391983.15625
2161,51294,83,576,6553,0,341,150794,0.48399999999674037,-254500.0,-5956000.0,3199000.0,5042.0,2426.0,4822.0,28.310623168945312,-92.50505828857422,391983.15625
2161,51295,83,576,22937,0,341,150794,0.7339999999967404,-253200.0,-5955000.0,3200000.0,5042.0,2427.0,4821.0,28.310623168945312,-92.50505828857422,391983.15625
2161,51296,83,576,39321,0,341,150794,0.9839999999967404,-252000.0,-5955000.0,3201000.0,5042.0,2429.0,4820.0,28.310623168945312,-92.50505828857422,391983.15625
2161,51297,83,576,55705,0,341,150795,0.23399999999674037,-250700.0,-5954000.0,3202000.0,5042.0,2431.0,4819.0,28.310623168945312,-92.50505828857422,391983.15625
2161,51298,83,577,6553,0,341,150795,0.48399999999674037,-249500.0,-5953000.0,3204000.0,5043.0,2433.0,4818.0,28.310623168945312,-92.50505828857422,391983.15625
2161,51299,83,577,22937,0,341,150795,0.7339999999967404,-248200.0,-5953000.0,3205000.0,5043.0,2434.0,4817.0,28.310623168945312,-92.50505828857422,391983.15625
2161,51300,83,577,39321,0,341,150795,0.9839999999967404,-247000.0,-5952000.0,3206000.0,5043.0,2436.0,4816.0,28.310623168945312,-92.50505828857422,391983.15625
2161,51301,83,577,55705,0,341,150796,0.23399999999674037,-245700.0,-5952000.0,3207000.0,5043.0,2438.0,4815.0,28.310623168945312,-92.50505828857422,391983.15625
2161,51302,83,578,6553,0,341,150796,0.48399999999674037,-244500.0,-5951000.0,3208000.0,5043.0,2439.0,4814.0,28.310623168945312,-92.50505828857422,391983.15625
2161,51303,83,578,22937,0,341,150796,0.7339999999967404,-243200.0,-5950000.0,3209000.0,5043.0,2441.0,4813.0,28.310623168945312,-92.50505828857422,391983.15625
2161,51304,83,578,39321,0,341,150796,0.9839999999967404,-242000.0,-5950000.0,3211000.0,5043.0,2443.0,4812.0,28.310623168945312,-92.50505828857422,391983.15625
2161,51305,83,578,55705,0,341,150797,0.23399999999674037,-240700.0,-5949000.0,3212000.0,5044.0,2445.0,4811.0,28.310623168945312,-92.50505828857422,391983.15625
2161,51306,83,579,6553,0,341,150797,0.48399999999674037,-239500.0,-5949000.0,3213000.0,5044.0,2446.0,4809.0,28.310623168945312,-92.50505828857422,391983.15625
2161,51307,83,579,22937,0,341,150797,0.7339999999967404,-238200.0,-5948000.0,3214000.0,5044.0,2448.0,4808.0,28.310623168945312,-92.50505828857422,391983.15625
2161,51308,83,579,39321,0,341,150797,0.9839999999967404,-237000.0,-5947000.0,3215000.0,5044.0,2450.0,4807.0,28.310623168945312,-92.50505828857422,391983.15625
2161,51309,83,579,55705,0,341,150798,0.23399999999674037,-235800.0,-5947000.0,3217000.0,5044.0,2452.0,4806.0,28.310623168945312,-92.50505828857422,391983.15625
2161,51310,83,580,6553,0,341,150798,0.48399999999674037,-234500.0,-5946000.0,3218000.0,5044.0,2453.0,4805.0,28.310623168945312,-92.50505828857422,391983.15625
2161,51311,83,580,22937,0,341,150798,0.7339999999967404,-233200.0,-5946000.0,3219000.0,5045.0,2455.0,4804.0,28.310623168945312,-92.50505828857422,391983.15625
2161,51312,83,580,39321,0,341,150798,0.9839999999967404,-232000.0,-5945000.0,3220000.0,5045.0,2457.0,4803.0,28.310623168945312,-92.50505828857422,391983.15625
2161,51313,83,580,55705,0,341,150799,0.23399999999674037,-230800.0,-5944000.0,3221000.0,5045.0,2458.0,4802.0,28.310623168945312,-92.50505828857422,391983.15625
2161,51314,83,581,6553,0,341,150799,0.48399999999674037,-229500.0,-5944000.0,3223000.0,5045.0,2460.0,4801.0,28.310623168945312,-92.50505828857422,391983.15625
2161,51315,83,581,22937,0,341,150799,0.7339999999967404,-228200.0,-5943000.0,3224000.0,5045.0,2462.0,4800.0,28.310623168945312,-92.50505828857422,391983.15625
2161,51316,83,581,39321,0,341,150799,0.9839999999967404,-227000.0,-5943000.0,3225000.0,5045.0,2464.0,4799.0,28.310623168945312,-92.50505828857422,391983.15625
2161,51317,83,581,55705,0,341,150800,0.23399999999674037,-225800.0,-5942000.0,3226000.0,5046.0,2465.0,4798.0,28.310623168945312,-92.50505828857422,391983.15625
2161,51318,83,582,6553,0,341,150800,0.48399999999674037,-224500.0,-5941000.0,3227000.0,5046.0,2467.0,4797.0,28.310623168945312,-92.50505828857422,391983.15625
2161,51319,83,582,22937,0,341,150800,0.7339999999967404,-223300.0,-5941000.0,3228000.0,5046.0,2469.0,4796.0,28.310623168945312,-92.50505828857422,391983.15625
2161,51320,83,582,39321,0,341,150800,0.9839999999967404,-222100.0,-5940000.0,3230000.0,5046.0,2470.0,4795.0,28.310623168945312,-92.50505828857422,391983.15625
2161,51321,83,582,55705,0,341,150801,0.23399999999674037,-220800.0,-5940000.0,3231000.0,5046.0,2472.0,4794.0,28.310623168945312,-92.50505828857422,391983.15625
2161,51322,83,583,6553,0,341,150801,0.48399999999674037,-219500.0,-5939000.0,3232000.0,5046.0,2474.0,4793.0,28.310623168945312,-92.50505828857422,391983.15625
2161,51323,83,583,22937,0,341,150801,0.7339999999967404,-218300.0,-5938000.0,3233000.0,5047.0,2476.0,4792.0,28.310623168945312,-92.50505828857422,391983.15625
2161,51324,83,583,39321,0,341,150801,0.7339999999967404,-218300.0,-5938000.0,3233000.0,5047.0,2476.0,4792.0,28.714656829833984,-92.09361267089844,391718.53125
2161,51325,83,583,55705,0,341,150802,0.23399999999674037,-215800.0,-5937000.0,3236000.0,5047.0,2479.0,4790.0,28.714656829833984,-92.09361267089844,391718.53125
2161,51326,83,584,6553,0,341,150802,0.48399999999674037,-214500.0,-5936000.0,3237000.0,5047.0,2481.0,4789.0,28.714656829833984,-92.09361267089844,391718.53125
2161,51327,83,584,22937,0,341,150802,0.7339999999967404,-213300.0,-5936000.0,3238000.0,5047.0,2483.0,4788.0,28.714656829833984,-92.09361267089844,391718.53125
2161,51328,83,584,39321,0,341,150802,0.9839999999967404,-212100.0,-5935000.0,3239000.0,5047.0,2484.0,4787.0,28.714656829833984,-92.09361267089844,391718.53125
2161,51329,83,584,55705,0,341,150803,0.23399999999674037,-210800.0,-5935000.0,3240000.0,5048.0,2486.0,4786.0,28.714656829833984,-92.09361267089844,391718.53125
2161,51330,83,585,6553,0,341,150803,0.48399999999674037,-209500.0,-5934000.0,3242000.0,5048.0,2488.0,4785.0,28.714656829833984,-92.09361267089844,391718.53125
2161,51331,83,585,22937,0,341,150803,0.7339999999967404,-208300.0,-5933000.0,3243000.0,5048.0,2489.0,4784.0,28.714656829833984,-92.09361267089844,391718.53125
2161,51332,83,585,39321,0,341,150803,0.9839999999967404,-207100.0,-5933000.0,3244000.0,5048.0,2491.0,4783.0,28.714656829833984,-92.09361267089844,391718.53125
2161,51333,83,585,55705,0,341,150804,0.23399999999674037,-205800.0,-5932000.0,3245000.0,5048.0,2493.0,4781.0,28.714656829833984,-92.09361267089844,391718.53125
2161,51334,83,586,6553,0,341,150804,0.48399999999674037,-204500.0,-5932000.0,3246000.0,5048.0,2495.0,4780.0,28.714656829833984,-92.09361267089844,391718.53125
2161,51335,83,586,22937,0,341,150804,0.7339999999967404,-203300.0,-5931000.0,3247000.0,5048.0,2496.0,4779.0,28.714656829833984,-92.09361267089844,391718.53125
2161,51336,83,586,39321,0,341,150804,0.9839999999967404,-202100.0,-5930000.0,3249000.0,5049.0,2498.0,4778.0,28.714656829833984,-92.09361267089844,391718.53125
2161,51337,83,586,55705,0,341,150805,0.23399999999674037,-200800.0,-5930000.0,3250000.0,5049.0,2500.0,4777.0,28.714656829833984,-92.09361267089844,391718.53125
2161,51338,83,587,6553,0,341,150805,0.48399999999674037,-199600.0,-5929000.0,3251000.0,5049.0,2501.0,4776.0,28.714656829833984,-92.09361267089844,391718.53125
2161,51339,83,587,22937,0,341,150805,0.7339999999967404,-198300.0,-5928000.0,3252000.0,5049.0,2503.0,4775.0,28.714656829833984,-92.09361267089844,391718.53125
2161,51340,83,587,39321,0,341,150805,0.9839999999967404,-197100.0,-5928000.0,3253000.0,5049.0,2505.0,4774.0,28.714656829833984,-92.09361267089844,391718.53125
2161,51341,83,587,55705,0,341,150806,0.23399999999674037,-195800.0,-5927000.0,3255000.0,5049.0,2507.0,4773.0,28.714656829833984,-92.09361267089844,391718.53125
2161,51342,83,588,6553,0,341,150806,0.48399999999674037,-194600.0,-5927000.0,3256000.0,5050.0,2508.0,4772.0,28.714656829833984,-92.09361267089844,391718.53125
2161,51343,83,588,22937,0,341,150806,0.7339999999967404,-193300.0,-5926000.0,3257000.0,5050.0,2510.0,4771.0,28.714656829833984,-92.09361267089844,391718.53125
2161,51344,83,588,39321,0,341,150806,0.9839999999967404,-192100.0,-5925000.0,3258000.0,5050.0,2512.0,4770.0,28.714656829833984,-92.09361267089844,391718.53125
2161,51345,83,588,55705,0,341,150807,0.23399999999674037,-190800.0,-5925000.0,3259000.0,5050.0,2513.0,4769.0,28.714656829833984,-92.09361267089844,391718.53125
2161,51346,83,589,6553,0,341,150807,0.48399999999674037,-189600.0,-5924000.0,3260000.0,5050.0,2515.0,4768.0,28.714656829833984,-92.09361267089844,391718.53125
2161,51347,83,589,22937,0,341,150807,0.7339999999967404,-188300.0,-5923000.0,3262000.0,5050.0,2517.0,4767.0,28.714656829833984,-92.09361267089844,391718.53125
2161,51348,83,589,39321,0,341,150807,0.9839999999967404,-187100.0,-5923000.0,3263000.0,5050.0,2519.0,4766.0,28.714656829833984,-92.09361267089844,391718.53125
2161,51349,83,589,56360,0,341,150808,0.23399999999674037,-185800.0,-5922000.0,3264000.0,5051.0,2520.0,4765.0,28.714656829833984,-92.09361267089844,391718.53125
2161,51350,83,590,7208,0,341,150808,0.48399999999674037,-184600.0,-5922000.0,3265000.0,5051.0,2522.0,4764.0,28.714656829833984,-92.09361267089844,391718.53125
2161,51351,83,590,23592,0,341,150808,0.7339999999967404,-183300.0,-5921000.0,3266000.0,5051.0,2524.0,4763.0,28.714656829833984,-92.09361267089844,391718.53125
2161,51352,83,590,39976,0,341,150808,0.9839999999967404,-182100.0,-5920000.0,3267000.0,5051.0,2525.0,4762.0,28.714656829833984,-92.09361267089844,391718.53125
2161,51353,83,590,56360,0,341,150809,0.23399999999674037,-180800.0,-5920000.0,3269000.0,5051.0,2527.0,4760.0,28.714656829833984,-92.09361267089844,391718.53125
2161,51354,83,591,7208,0,341,150809,0.48399999999674037,-179600.0,-5919000.0,3270000.0,5051.0,2529.0,4759.0,28.714656829833984,-92.09361267089844,391718.53125
2161,51355,83,591,23592,0,341,150809,0.7339999999967404,-178300.0,-5918000.0,3271000.0,5052.0,2531.0,4758.0,28.714656829833984,-92.09361267089844,391718.53125
2161,51356,83,591,39976,0,341,150809,0.9839999999967404,-177100.0,-5918000.0,3272000.0,5052.0,2532.0,4757.0,28.714656829833984,-92.09361267089844,391718.53125
2161,51357,83,591,56360,0,341,150810,0.23399999999674037,-175800.0,-5917000.0,3273000.0,5052.0,2534.0,4756.0,28.714656829833984,-92.09361267089844,391718.53125
2161,51358,83,592,7208,0,341,150810,0.48399999999674037,-174600.0,-5917000.0,3275000.0,5052.0,2536.0,4755.0,28.714656829833984,-92.09361267089844,391718.53125
2161,51359,83,592,23592,0,341,150810,0.7339999999967404,-173300.0,-5916000.0,3276000.0,5052.0,2537.0,4754.0,28.714656829833984,-92.09361267089844,391718.53125
2161,51360,83,592,39976,0,341,150810,0.9839999999967404,-172100.0,-5915000.0,3277000.0,5052.0,2539.0,4753.0,28.714656829833984,-92.09361267089844,391718.53125
2161,51361,83,592,56360,0,341,150811,0.23399999999674037,-170800.0,-5915000.0,3278000.0,5052.0,2541.0,4752.0,28.714656829833984,-92.09361267089844,391718.53125
2161,51362,83,593,7208,0,341,150811,0.48399999999674037,-169600.0,-5914000.0,3279000.0,5053.0,2543.0,4751.0,28.714656829833984,-92.09361267089844,391718.53125
2161,51363,83,593,23592,0,341,150811,0.7339999999967404,-168300.0,-5913000.0,3280000.0,5053.0,2544.0,4750.0,28.714656829833984,-92.09361267089844,391718.53125
2161,51364,83,593,39976,0,341,150811,0.9839999999967404,-167100.0,-5913000.0,3282000.0,5053.0,2546.0,4749.0,28.714656829833984,-92.09361267089844,391718.53125
2161,51365,83,593,56360,0,341,150812,0.23399999999674037,-165800.0,-5912000.0,3283000.0,5053.0,2548.0,4748.0,28.714656829833984,-92.09361267089844,391718.53125
2161,51366,83,594,23592,0,341,150812,0.7339999999967404,-163300.0,-5911000.0,3285000.0,5053.0,2551.0,4746.0,28.714656829833984,-92.09361267089844,391718.53125
2161,51367,83,594,39976,0,341,150812,0.9839999999967404,-162100.0,-5910000.0,3286000.0,5053.0,2553.0,4745.0,28.714656829833984,-92.09361267089844,391718.53125
2161,51368,83,594,56360,0,341,150813,0.23399999999674037,-160800.0,-5910000.0,3287000.0,5054.0,2555.0,4744.0,28.714656829833984,-92.09361267089844,391718.53125
2161,51369,83,595,7208,0,341,150813,0.48399999999674037,-159600.0,-5909000.0,3289000.0,5054.0,2556.0,4743.0,28.714656829833984,-92.09361267089844,391718.53125
2161,51370,83,595,23592,0,341,150813,0.7339999999967404,-158300.0,-5908000.0,3290000.0,5054.0,2558.0,4741.0,28.714656829833984,-92.09361267089844,391718.53125
2161,51371,83,595,39976,0,341,150813,0.9839999999967404,-157100.0,-5908000.0,3291000.0,5054.0,2560.0,4740.0,28.714656829833984,-92.09361267089844,391718.53125
2161,51372,83,595,56360,0,341,150814,0.23399999999674037,-155800.0,-5907000.0,3292000.0,5054.0,2561.0,4739.0,28.714656829833984,-92.09361267089844,391718.53125
2161,51373,83,596,7208,0,341,150814,0.48399999999674037,-154600.0,-5906000.0,3293000.0,5054.0,2563.0,4738.0,28.714656829833984,-92.09361267089844,391718.53125
2161,51374,83,596,23592,0,341,150814,0.7339999999967404,-153300.0,-5906000.0,3295000.0,5054.0,2565.0,4737.0,28.714656829833984,-92.09361267089844,391718.53125
2161,51375,83,596,39976,0,341,150814,0.9839999999967404,-152100.0,-5905000.0,3296000.0,5055.0,2567.0,4736.0,28.714656829833984,-92.09361267089844,391718.53125
2161,51376,83,596,56360,0,341,150815,0.23399999999674037,-150800.0,-5905000.0,3297000.0,5055.0,2568.0,4735.0,28.714656829833984,-92.09361267089844,391718.53125
2161,51377,83,597,7864,0,341,150815,0.48399999999674037,-149600.0,-5904000.0,3298000.0,5055.0,2570.0,4734.0,28.714656829833984,-92.09361267089844,391718.53125
2161,51378,83,597,24248,0,341,150815,0.7339999999967404,-148300.0,-5903000.0,3299000.0,5055.0,2572.0,4733.0,28.714656829833984,-92.09361267089844,391718.53125
2161,51379,83,597,40632,0,341,150815,0.9839999999967404,-147100.0,-5903000.0,3300000.0,5055.0,2573.0,4732.0,28.714656829833984,-92.09361267089844,391718.53125
2161,51380,83,598,8519,0,341,150816,0.48399999999674037,-144600.0,-5901000.0,3303000.0,5055.0,2577.0,4730.0,28.714656829833984,-92.09361267089844,391718.53125
2161,51381,83,598,24903,0,341,150816,0.7339999999967404,-143300.0,-5901000.0,3304000.0,5056.0,2579.0,4729.0,28.714656829833984,-92.09361267089844,391718.53125
2161,51382,83,598,41287,0,341,150816,0.7339999999967404,-143300.0,-5901000.0,3304000.0,5056.0,2579.0,4729.0,29.404003143310547,-91.37975311279297,391250.75
2161,51383,83,598,57671,0,341,150817,0.23399999999674037,-140800.0,-5899000.0,3306000.0,5056.0,2582.0,4727.0,29.404003143310547,-91.37975311279297,391250.75
2161,51384,83,599,8519,0,341,150817,0.48399999999674037,-139600.0,-5899000.0,3307000.0,5056.0,2584.0,4726.0,29.404003143310547,-91.37975311279297,391250.75
2161,51385,83,599,24903,0,341,150817,0.7339999999967404,-138300.0,-5898000.0,3309000.0,5056.0,2585.0,4724.0,29.404003143310547,-91.37975311279297,391250.75
2161,51386,83,599,41287,0,341,150817,0.9839999999967404,-137100.0,-5898000.0,3310000.0,5056.0,2587.0,4723.0,29.404003143310547,-91.37975311279297,391250.75
2161,51387,83,599,57671,0,341,150818,0.23399999999674037,-135800.0,-5897000.0,3311000.0,5056.0,2589.0,4722.0,29.404003143310547,-91.37975311279297,391250.75
2161,51388,83,600,8519,0,341,150818,0.48399999999674037,-134600.0,-5896000.0,3312000.0,5057.0,2591.0,4721.0,29.404003143310547,-91.37975311279297,391250.75
2161,51389,83,600,24903,0,341,150818,0.7339999999967404,-133300.0,-5896000.0,3313000.0,5057.0,2592.0,4720.0,29.404003143310547,-91.37975311279297,391250.75
2161,51390,83,600,41287,0,341,150818,0.9839999999967404,-132100.0,-5895000.0,3314000.0,5057.0,2594.0,4719.0,29.404003143310547,-91.37975311279297,391250.75
2161,51391,83,600,57671,0,341,150819,0.23399999999674037,-130800.0,-5894000.0,3316000.0,5057.0,2596.0,4718.0,29.404003143310547,-91.37975311279297,391250.75
2161,51392,83,601,8519,0,341,150819,0.48399999999674037,-129600.0,-5894000.0,3317000.0,5057.0,2597.0,4717.0,29.404003143310547,-91.37975311279297,391250.75
2161,51393,83,601,24903,0,341,150819,0.7339999999967404,-128300.0,-5893000.0,3318000.0,5057.0,2599.0,4716.0,29.404003143310547,-91.37975311279297,391250.75
2161,51394,83,601,41287,0,341,150819,0.9839999999967404,-127100.0,-5892000.0,3319000.0,5057.0,2601.0,4715.0,29.404003143310547,-91.37975311279297,391250.75
2161,51395,83,601,57671,0,341,150820,0.23399999999674037,-125800.0,-5892000.0,3320000.0,5057.0,2602.0,4714.0,29.404003143310547,-91.37975311279297,391250.75
2161,51396,83,602,8519,0,341,150820,0.48399999999674037,-124600.0,-5891000.0,3321000.0,5058.0,2604.0,4713.0,29.404003143310547,-91.37975311279297,391250.75
2161,51397,83,602,24903,0,341,150820,0.7339999999967404,-123300.0,-5890000.0,3323000.0,5058.0,2606.0,4712.0,29.404003143310547,-91.37975311279297,391250.75
2161,51398,83,602,41287,0,341,150820,0.9839999999967404,-122100.0,-5890000.0,3324000.0,5058.0,2608.0,4711.0,29.404003143310547,-91.37975311279297,391250.75
2161,51399,83,602,57671,0,341,150821,0.23399999999674037,-120800.0,-5889000.0,3325000.0,5058.0,2609.0,4710.0,29.404003143310547,-91.37975311279297,391250.75
2161,51400,83,603,8519,0,341,150821,0.48399999999674037,-119600.0,-5889000.0,3326000.0,5058.0,2611.0,4708.0,29.404003143310547,-91.37975311279297,391250.75
2161,51401,83,603,41287,0,341,150821,0.9839999999967404,-117100.0,-5887000.0,3328000.0,5058.0,2614.0,4706.0,29.404003143310547,-91.37975311279297,391250.75
2161,51402,83,603,57671,0,341,150822,0.23399999999674037,-115800.0,-5887000.0,3330000.0,5059.0,2616.0,4705.0,29.404003143310547,-91.37975311279297,391250.75
2161,51403,83,604,8519,0,341,150822,0.48399999999674037,-114600.0,-5886000.0,3331000.0,5059.0,2618.0,4704.0,29.404003143310547,-91.37975311279297,391250.75
2161,51404,83,604,24903,0,341,150822,0.7339999999967404,-113300.0,-5885000.0,3332000.0,5059.0,2619.0,4703.0,29.404003143310547,-91.37975311279297,391250.75
2161,51405,83,604,41287,0,341,150822,0.9839999999967404,-112100.0,-5885000.0,3333000.0,5059.0,2621.0,4702.0,29.404003143310547,-91.37975311279297,391250.75
2161,51406,83,604,57671,0,341,150823,0.23399999999674037,-110800.0,-5884000.0,3334000.0,5059.0,2623.0,4701.0,29.404003143310547,-91.37975311279297,391250.75
2161,51407,83,605,8519,0,341,150823,0.48399999999674037,-109600.0,-5883000.0,3335000.0,5059.0,2625.0,4700.0,29.404003143310547,-91.37975311279297,391250.75
2161,51408,83,605,24903,0,341,150823,0.7339999999967404,-108300.0,-5883000.0,3337000.0,5059.0,2626.0,4699.0,29.404003143310547,-91.37975311279297,391250.75
2161,51409,83,605,41287,0,341,150823,0.9839999999967404,-107100.0,-5882000.0,3338000.0,5059.0,2628.0,4698.0,29.404003143310547,-91.37975311279297,391250.75
2161,51410,83,605,57671,0,341,150824,0.23399999999674037,-105800.0,-5881000.0,3339000.0,5060.0,2630.0,4697.0,29.404003143310547,-91.37975311279297,391250.75
2161,51411,83,606,9175,0,341,150824,0.48399999999674037,-104600.0,-5881000.0,3340000.0,5060.0,2631.0,4696.0,29.404003143310547,-91.37975311279297,391250.75
2161,51412,83,606,25559,0,341,150824,0.7339999999967404,-103300.0,-5880000.0,3341000.0,5060.0,2633.0,4694.0,29.404003143310547,-91.37975311279297,391250.75
2161,51413,83,606,41943,0,341,150824,0.9839999999967404,-102100.0,-5879000.0,3342000.0,5060.0,2635.0,4693.0,29.404003143310547,-91.37975311279297,391250.75
2161,51414,83,607,25559,0,341,150825,0.7339999999967404,-98290.0,-5877000.0,3346000.0,5060.0,2640.0,4690.0,29.404003143310547,-91.37975311279297,391250.75
2161,51415,83,607,41943,0,341,150825,0.9839999999967404,-97080.0,-5877000.0,3347000.0,5060.0,2642.0,4689.0,29.404003143310547,-91.37975311279297,391250.75
2161,51416,83,607,58327,0,341,150826,0.23399999999674037,-95820.0,-5876000.0,3348000.0,5061.0,2643.0,4688.0,29.404003143310547,-91.37975311279297,391250.75
2161,51417,83,608,9175,0,341,150826,0.48399999999674037,-94550.0,-5876000.0,3349000.0,5061.0,2645.0,4687.0,29.404003143310547,-91.37975311279297,391250.75
2161,51418,83,608,25559,0,341,150826,0.7339999999967404,-93290.0,-5875000.0,3351000.0,5061.0,2647.0,4686.0,29.404003143310547,-91.37975311279297,391250.75
2161,51419,83,608,41943,0,341,150826,0.9839999999967404,-92070.0,-5874000.0,3352000.0,5061.0,2648.0,4685.0,29.404003143310547,-91.37975311279297,391250.75
2161,51420,83,608,58327,0,341,150827,0.23399999999674037,-90800.0,-5874000.0,3353000.0,5061.0,2650.0,4684.0,29.404003143310547,-91.37975311279297,391250.75
2161,51421,83,609,9175,0,341,150827,0.48399999999674037,-89540.0,-5873000.0,3354000.0,5061.0,2652.0,4683.0,29.404003143310547,-91.37975311279297,391250.75
2161,51422,83,609,25559,0,341,150827,0.7339999999967404,-88270.0,-5872000.0,3355000.0,5061.0,2654.0,4682.0,29.404003143310547,-91.37975311279297,391250.75
2161,51423,83,609,41943,0,341,150827,0.9839999999967404,-87070.0,-5872000.0,3356000.0,5061.0,2655.0,4680.0,29.404003143310547,-91.37975311279297,391250.75
2161,51424,83,609,58327,0,341,150828,0.23399999999674037,-85800.0,-5871000.0,3357000.0,5062.0,2657.0,4679.0,29.404003143310547,-91.37975311279297,391250.75
2161,51425,83,610,9175,0,341,150828,0.48399999999674037,-84540.0,-5870000.0,3359000.0,5062.0,2659.0,4678.0,29.404003143310547,-91.37975311279297,391250.75
2161,51426,83,610,25559,0,341,150828,0.7339999999967404,-83270.0,-5870000.0,3360000.0,5062.0,2660.0,4677.0,29.404003143310547,-91.37975311279297,391250.75
2161,51427,83,610,41943,0,341,150828,0.9839999999967404,-82060.0,-5869000.0,3361000.0,5062.0,2662.0,4676.0,29.404003143310547,-91.37975311279297,391250.75
2161,51428,83,610,58982,0,341,150829,0.23399999999674037,-80800.0,-5868000.0,3362000.0,5062.0,2664.0,4675.0,29.404003143310547,-91.37975311279297,391250.75
2161,51429,83,611,9830,0,341,150829,0.48399999999674037,-79530.0,-5868000.0,3363000.0,5062.0,2665.0,4674.0,29.404003143310547,-91.37975311279297,391250.75
2161,51430,83,611,26214,0,341,150829,0.48399999999674037,-79530.0,-5868000.0,3363000.0,5062.0,2665.0,4674.0,29.9866886138916,-90.7642822265625,390835.0625
2161,51431,83,611,58982,0,341,150830,0.48399999999674037,-74520.0,-5865000.0,3368000.0,5063.0,2672.0,4670.0,29.9866886138916,-90.7642822265625,390835.0625
2161,51432,83,612,9830,0,341,150830,0.7339999999967404,-73250.0,-5864000.0,3369000.0,5063.0,2674.0,4669.0,29.9866886138916,-90.7642822265625,390835.0625
2161,51433,83,612,26214,0,341,150830,0.9839999999967404,-72050.0,-5864000.0,3370000.0,5063.0,2676.0,4667.0,29.9866886138916,-90.7642822265625,390835.0625
2161,51434,83,612,42598,0,341,150831,0.23399999999674037,-70780.0,-5863000.0,3371000.0,5063.0,2677.0,4666.0,29.9866886138916,-90.7642822265625,390835.0625
2161,51435,83,612,58982,0,341,150831,0.48399999999674037,-69520.0,-5862000.0,3373000.0,5063.0,2679.0,4665.0,29.9866886138916,-90.7642822265625,390835.0625
2161,51436,83,613,9830,0,341,150831,0.7339999999967404,-68250.0,-5862000.0,3374000.0,5063.0,2681.0,4664.0,29.9866886138916,-90.7642822265625,390835.0625
2161,51437,83,613,26214,0,341,150831,0.9839999999967404,-67040.0,-5861000.0,3375000.0,5063.0,2682.0,4663.0,29.9866886138916,-90.7642822265625,390835.0625
2161,51438,83,613,42598,0,341,150832,0.23399999999674037,-65770.0,-5860000.0,3376000.0,5064.0,2684.0,4662.0,29.9866886138916,-90.7642822265625,390835.0625
2161,51439,83,613,58982,0,341,150832,0.48399999999674037,-64500.0,-5860000.0,3377000.0,5064.0,2686.0,4661.0,29.9866886138916,-90.7642822265625,390835.0625
2161,51440,83,614,9830,0,341,150832,0.7339999999967404,-63250.0,-5859000.0,3378000.0,5064.0,2687.0,4660.0,29.9866886138916,-90.7642822265625,390835.0625
2161,51441,83,614,26869,0,341,150832,0.9839999999967404,-62020.0,-5858000.0,3379000.0,5064.0,2689.0,4659.0,29.9866886138916,-90.7642822265625,390835.0625
2161,51442,83,614,43253,0,341,150833,0.23399999999674037,-60770.0,-5858000.0,3381000.0,5064.0,2691.0,4658.0,29.9866886138916,-90.7642822265625,390835.0625
2161,51443,83,614,59637,0,341,150833,0.48399999999674037,-59500.0,-5857000.0,3382000.0,5064.0,2693.0,4657.0,29.9866886138916,-90.7642822265625,390835.0625
2161,51444,83,615,10485,0,341,150833,0.48399999999674037,-59500.0,-5857000.0,3382000.0,5064.0,2693.0,4657.0,30.16874122619629,-90.56968688964844,390696.59375
2161,51445,83,615,26869,0,341,150833,0.9839999999967404,-57020.0,-5856000.0,3384000.0,5064.0,2696.0,4654.0,30.16874122619629,-90.56968688964844,390696.59375
2161,51446,83,615,43253,0,341,150834,0.23399999999674037,-55750.0,-5855000.0,3385000.0,5064.0,2698.0,4653.0,30.16874122619629,-90.56968688964844,390696.59375
2161,51447,83,615,59637,0,341,150834,0.48399999999674037,-54500.0,-5854000.0,3386000.0,5065.0,2699.0,4652.0,30.16874122619629,-90.56968688964844,390696.59375
2161,51448,83,616,10485,0,341,150834,0.7339999999967404,-53230.0,-5854000.0,3388000.0,5065.0,2701.0,4651.0,30.16874122619629,-90.56968688964844,390696.59375
2161,51449,83,616,26869,0,341,150834,0.9839999999967404,-52010.0,-5853000.0,3389000.0,5065.0,2703.0,4650.0,30.16874122619629,-90.56968688964844,390696.59375
2161,51450,83,616,43253,0,341,150835,0.23399999999674037,-50750.0,-5852000.0,3390000.0,5065.0,2704.0,4649.0,30.16874122619629,-90.56968688964844,390696.59375
2161,51451,83,616,59637,0,341,150835,0.48399999999674037,-49480.0,-5852000.0,3391000.0,5065.0,2706.0,4648.0,30.16874122619629,-90.56968688964844,390696.59375
2161,51452,83,617,10485,0,341,150835,0.7339999999967404,-48220.0,-5851000.0,3392000.0,5065.0,2708.0,4647.0,30.16874122619629,-90.56968688964844,390696.59375
2161,51453,83,617,26869,0,341,150835,0.9839999999967404,-46990.0,-5850000.0,3393000.0,5065.0,2710.0,4646.0,30.16874122619629,-90.56968688964844,390696.59375
2161,51454,83,617,43253,0,341,150836,0.23399999999674037,-45730.0,-5850000.0,3394000.0,5065.0,2711.0,4645.0,30.16874122619629,-90.56968688964844,390696.59375
2161,51455,83,617,59637,0,341,150836,0.48399999999674037,-44470.0,-5849000.0,3396000.0,5066.0,2713.0,4644.0,30.16874122619629,-90.56968688964844,390696.59375
2161,51456,83,618,10485,0,341,150836,0.7339999999967404,-43200.0,-5848000.0,3397000.0,5066.0,2715.0,4642.0,30.16874122619629,-90.56968688964844,390696.59375
2161,51457,83,618,26869,0,341,150836,0.9839999999967404,-41990.0,-5848000.0,3398000.0,5066.0,2716.0,4641.0,30.16874122619629,-90.56968688964844,390696.59375
2161,51458,83,618,43253,0,341,150837,0.23399999999674037,-40730.0,-5847000.0,3399000.0,5066.0,2718.0,4640.0,30.16874122619629,-90.56968688964844,390696.59375
2161,51459,83,618,59637,0,341,150837,0.48399999999674037,-39460.0,-5846000.0,3400000.0,5066.0,2720.0,4639.0,30.16874122619629,-90.56968688964844,390696.59375
2161,51460,83,619,10485,0,341,150837,0.48399999999674037,-39460.0,-5846000.0,3400000.0,5066.0,2720.0,4639.0,30.350439071655273,-90.37425994873047,390568.3125
2161,51461,83,619,43253,0,341,150838,0.23399999999674037,-35700.0,-5844000.0,3404000.0,5066.0,2725.0,4636.0,30.350439071655273,-90.37425994873047,390568.3125
2161,51462,83,619,59637,0,341,150838,0.48399999999674037,-34450.0,-5844000.0,3405000.0,5066.0,2726.0,4635.0,30.350439071655273,-90.37425994873047,390568.3125
2161,51463,83,620,10485,0,341,150838,0.7339999999967404,-33180.0,-5843000.0,3406000.0,5067.0,2728.0,4634.0,30.350439071655273,-90.37425994873047,390568.3125
2161,51464,83,620,26869,0,341,150838,0.9839999999967404,-31970.0,-5842000.0,3407000.0,5067.0,2730.0,4633.0,30.350439071655273,-90.37425994873047,390568.3125
2161,51465,83,620,43253,0,341,150839,0.23399999999674037,-30700.0,-5842000.0,3408000.0,5067.0,2731.0,4631.0,30.350439071655273,-90.37425994873047,390568.3125
2161,51466,83,620,59637,0,341,150839,0.48399999999674037,-29430.0,-5841000.0,3409000.0,5067.0,2733.0,4630.0,30.350439071655273,-90.37425994873047,390568.3125
2161,51467,83,621,10485,0,341,150839,0.7339999999967404,-28160.0,-5840000.0,3410000.0,5067.0,2735.0,4629.0,30.350439071655273,-90.37425994873047,390568.3125
2161,51468,83,621,26869,0,341,150839,0.9839999999967404,-26960.0,-5840000.0,3412000.0,5067.0,2737.0,4628.0,30.350439071655273,-90.37425994873047,390568.3125
2161,51469,83,621,43253,0,341,150840,0.23399999999674037,-25690.0,-5839000.0,3413000.0,5067.0,2738.0,4627.0,30.350439071655273,-90.37425994873047,390568.3125
2161,51470,83,621,59637,0,341,150840,0.48399999999674037,-24420.0,-5838000.0,3414000.0,5067.0,2740.0,4626.0,30.350439071655273,-90.37425994873047,390568.3125
2161,51471,83,622,10485,0,341,150840,0.7339999999967404,-23150.0,-5838000.0,3415000.0,5067.0,2742.0,4625.0,30.350439071655273,-90.37425994873047,390568.3125
2161,51472,83,622,26869,0,341,150840,0.9839999999967404,-21950.0,-5837000.0,3416000.0,5068.0,2743.0,4624.0,30.350439071655273,-90.37425994873047,390568.3125
2161,51473,83,622,43253,0,341,150841,0.23399999999674037,-20680.0,-5836000.0,3417000.0,5068.0,2745.0,4623.0,30.350439071655273,-90.37425994873047,390568.3125
2161,51474,83,622,60293,0,341,150841,0.48399999999674037,-19410.0,-5836000.0,3418000.0,5068.0,2747.0,4622.0,30.350439071655273,-90.37425994873047,390568.3125
2161,51475,83,623,11141,0,341,150841,0.7339999999967404,-18140.0,-5835000.0,3420000.0,5068.0,2748.0,4620.0,30.350439071655273,-90.37425994873047,390568.3125
2161,51476,83,623,27525,0,341,150841,0.9839999999967404,-16930.0,-5834000.0,3421000.0,5068.0,2750.0,4619.0,30.350439071655273,-90.37425994873047,390568.3125
2161,51477,83,623,43909,0,341,150841,0.9839999999967404,-16930.0,-5834000.0,3421000.0,5068.0,2750.0,4619.0,30.554195404052734,-90.15385437011719,390427.5625
2161,51478,83,624,11141,0,341,150842,0.7339999999967404,-13140.0,-5832000.0,3424000.0,5068.0,2755.0,4616.0,30.554195404052734,-90.15385437011719,390427.5625
2161,51479,83,624,27525,0,341,150842,0.9839999999967404,-11920.0,-5831000.0,3425000.0,5068.0,2757.0,4615.0,30.554195404052734,-90.15385437011719,390427.5625
2161,51480,83,624,43909,0,341,150843,0.23399999999674037,-10650.0,-5831000.0,3426000.0,5068.0,2759.0,4614.0,30.554195404052734,-90.15385437011719,390427.5625
2161,51481,83,624,60293,0,341,150843,0.48399999999674037,-9390.0,-5830000.0,3428000.0,5069.0,2760.0,4613.0,30.554195404052734,-90.15385437011719,390427.5625
2161,51482,83,625,11141,0,341,150843,0.7339999999967404,-8112.0,-5829000.0,3429000.0,5069.0,2762.0,4612.0,30.554195404052734,-90.15385437011719,390427.5625
2161,51483,83,625,27525,0,341,150843,0.9839999999967404,-6903.0,-5829000.0,3430000.0,5069.0,2764.0,4611.0,30.554195404052734,-90.15385437011719,390427.5625
2161,51484,83,625,43909,0,341,150844,0.23399999999674037,-5637.0,-5828000.0,3431000.0,5069.0,2765.0,4609.0,30.554195404052734,-90.15385437011719,390427.5625
2161,51485,83,625,60293,0,341,150844,0.48399999999674037,-4367.0,-5827000.0,3432000.0,5069.0,2767.0,4608.0,30.554195404052734,-90.15385437011719,390427.5625
2161,51486,83,626,11141,0,341,150844,0.7339999999967404,-3104.0,-5827000.0,3433000.0,5069.0,2769.0,4607.0,30.554195404052734,-90.15385437011719,390427.5625
2161,51487,83,626,27525,0,341,150844,0.9839999999967404,-1888.0,-5826000.0,3434000.0,5069.0,2770.0,4606.0,30.554195404052734,-90.15385437011719,390427.5625
2161,51488,83,626,43909,0,341,150845,0.23399999999674037,-622.2,-5825000.0,3436000.0,5069.0,2772.0,4605.0,30.554195404052734,-90.15385437011719,390427.5625
2161,51489,83,626,60293,0,341,150845,0.48399999999674037,642.3,-5825000.0,3437000.0,5069.0,2774.0,4604.0,30.554195404052734,-90.15385437011719,390427.5625
2161,51490,83,627,11141,0,341,150845,0.7339999999967404,1912.0,-5824000.0,3438000.0,5069.0,2775.0,4603.0,30.554195404052734,-90.15385437011719,390427.5625
2161,51491,83,627,27525,0,341,150845,0.9839999999967404,3127.0,-5823000.0,3439000.0,5070.0,2777.0,4602.0,30.554195404052734,-90.15385437011719,390427.5625
2161,51492,83,627,43909,0,341,150846,0.23399999999674037,4386.0,-5823000.0,3440000.0,5070.0,2779.0,4601.0,30.554195404052734,-90.15385437011719,390427.5625
2161,51493,83,627,60293,0,341,150846,0.48399999999674037,5657.0,-5822000.0,3441000.0,5070.0,2780.0,4599.0,30.554195404052734,-90.15385437011719,390427.5625
2161,51494,83,628,11141,0,341,150846,0.48399999999674037,5657.0,-5822000.0,3441000.0,5070.0,2780.0,4599.0,30.757959365844727,-89.93180847167969,390272.96875
2161,51495,83,628,27525,0,341,150846,0.48399999999674037,5657.0,-5822000.0,3441000.0,5070.0,2780.0,4599.0,30.768924713134766,-89.9198226928711,390260.5625
2161,51496,83,628,43909,0,341,150847,0.23399999999674037,9414.0,-5820000.0,3445000.0,5070.0,2785.0,4596.0,30.768924713134766,-89.9198226928711,390260.5625
2161,51497,83,628,60293,0,341,150847,0.48399999999674037,10680.0,-5819000.0,3446000.0,5070.0,2787.0,4595.0,30.768924713134766,-89.9198226928711,390260.5625
2161,51498,83,629,11141,0,341,150847,0.7339999999967404,11940.0,-5818000.0,3447000.0,5070.0,2789.0,4594.0,30.768924713134766,-89.9198226928711,390260.5625
2161,51499,83,629,27525,0,341,150847,0.9839999999967404,13160.0,-5818000.0,3448000.0,5070.0,2791.0,4593.0,30.768924713134766,-89.9198226928711,390260.5625
2161,51500,83,629,43909,0,341,150848,0.23399999999674037,14430.0,-5817000.0,3449000.0,5070.0,2792.0,4592.0,30.768924713134766,-89.9198226928711,390260.5625
2161,51501,83,629,60293,0,341,150848,0.48399999999674037,15690.0,-5816000.0,3450000.0,5070.0,2794.0,4591.0,30.768924713134766,-89.9198226928711,390260.5625
2161,51502,83,630,11141,0,341,150848,0.7339999999967404,16960.0,-5816000.0,3452000.0,5071.0,2796.0,4590.0,30.768924713134766,-89.9198226928711,390260.5625
2161,51503,83,630,27525,0,341,150848,0.9839999999967404,18170.0,-5815000.0,3453000.0,5071.0,2797.0,4588.0,30.768924713134766,-89.9198226928711,390260.5625
2161,51504,83,630,43909,0,341,150849,0.23399999999674037,19450.0,-5814000.0,3454000.0,5071.0,2799.0,4587.0,30.768924713134766,-89.9198226928711,390260.5625
2161,51505,83,630,60293,0,341,150849,0.48399999999674037,20710.0,-5814000.0,3455000.0,5071.0,2801.0,4586.0,30.768924713134766,-89.9198226928711,390260.5625
2161,51506,83,631,11141,0,341,150849,0.7339999999967404,21970.0,-5813000.0,3456000.0,5071.0,2802.0,4585.0,30.768924713134766,-89.9198226928711,390260.5625
2161,51507,83,631,27525,0,341,150849,0.9839999999967404,23180.0,-5812000.0,3457000.0,5071.0,2804.0,4584.0,30.768924713134766,-89.9198226928711,390260.5625
2161,51508,83,631,43909,0,341,150850,0.23399999999674037,24450.0,-5811000.0,3458000.0,5071.0,2806.0,4583.0,30.768924713134766,-89.9198226928711,390260.5625
2161,51509,83,631,60293,0,341,150850,0.23399999999674037,24450.0,-5811000.0,3458000.0,5071.0,2806.0,4583.0,30.92721939086914,-89.74640655517578,390139.46875
2161,51510,83,632,27525,0,341,150850,0.9839999999967404,28200.0,-5809000.0,3462000.0,5071.0,2811.0,4579.0,30.92721939086914,-89.74640655517578,390139.46875
2161,51511,83,632,43909,0,341,150851,0.23399999999674037,29480.0,-5809000.0,3463000.0,5072.0,2812.0,4578.0,30.92721939086914,-89.74640655517578,390139.46875
2161,51512,83,633,11141,0,341,150851,0.7339999999967404,32000.0,-5807000.0,3465000.0,5072.0,2816.0,4576.0,30.92721939086914,-89.74640655517578,390139.46875
2161,51513,83,633,27525,0,341,150851,0.9839999999967404,33220.0,-5807000.0,3466000.0,5072.0,2817.0,4575.0,30.92721939086914,-89.74640655517578,390139.46875
2161,51514,83,633,43909,0,341,150852,0.23399999999674037,34490.0,-5806000.0,3467000.0,5072.0,2819.0,4574.0,30.92721939086914,-89.74640655517578,390139.46875
2161,51515,83,633,60293,0,341,150852,0.48399999999674037,35750.0,-5805000.0,3469000.0,5072.0,2821.0,4573.0,30.92721939086914,-89.74640655517578,390139.46875
2161,51516,83,634,11141,0,341,150852,0.7339999999967404,37020.0,-5804000.0,3470000.0,5072.0,2822.0,4572.0,30.92721939086914,-89.74640655517578,390139.46875
2161,51517,83,634,27525,0,341,150852,0.9839999999967404,38240.0,-5804000.0,3471000.0,5072.0,2824.0,4570.0,30.92721939086914,-89.74640655517578,390139.46875
2161,51518,83,634,43909,0,341,150853,0.23399999999674037,39500.0,-5803000.0,3472000.0,5072.0,2826.0,4569.0,30.92721939086914,-89.74640655517578,390139.46875
2161,51519,83,634,60293,0,341,150853,0.48399999999674037,40780.0,-5802000.0,3473000.0,5072.0,2828.0,4568.0,30.92721939086914,-89.74640655517578,390139.46875
2161,51520,83,635,11141,0,341,150853,0.7339999999967404,42040.0,-5802000.0,3474000.0,5072.0,2829.0,4567.0,30.92721939086914,-89.74640655517578,390139.46875
2161,51521,83,635,27525,0,341,150853,0.9839999999967404,43250.0,-5801000.0,3475000.0,5073.0,2831.0,4566.0,30.92721939086914,-89.74640655517578,390139.46875
2161,51522,83,635,43909,0,341,150854,0.23399999999674037,44520.0,-5800000.0,3476000.0,5073.0,2833.0,4565.0,30.92721939086914,-89.74640655517578,390139.46875
2161,51523,83,635,60948,0,341,150854,0.48399999999674037,45780.0,-5800000.0,3478000.0,5073.0,2834.0,4564.0,30.92721939086914,-89.74640655517578,390139.46875
2161,51524,83,636,11796,0,341,150854,0.7339999999967404,47060.0,-5799000.0,3479000.0,5073.0,2836.0,4563.0,30.92721939086914,-89.74640655517578,390139.46875
2161,51525,83,636,28180,0,341,150854,0.7339999999967404,47060.0,-5799000.0,3479000.0,5073.0,2836.0,4563.0,31.129728317260742,-89.52299499511719,390000.1875
2161,51526,83,636,44564,0,341,150855,0.23399999999674037,49540.0,-5797000.0,3481000.0,5073.0,2839.0,4560.0,31.129728317260742,-89.52299499511719,390000.1875
2161,51527,83,636,60948,0,341,150855,0.48399999999674037,50800.0,-5797000.0,3482000.0,5073.0,2841.0,4559.0,31.129728317260742,-89.52299499511719,390000.1875
2161,51528,83,637,28180,0,341,150855,0.9839999999967404,53290.0,-5795000.0,3484000.0,5073.0,2844.0,4557.0,31.129728317260742,-89.52299499511719,390000.1875
2161,51529,83,637,44564,0,341,150856,0.23399999999674037,54570.0,-5795000.0,3485000.0,5073.0,2846.0,4556.0,31.129728317260742,-89.52299499511719,390000.1875
2161,51530,83,638,11796,0,341,150856,0.7339999999967404,57100.0,-5793000.0,3488000.0,5074.0,2849.0,4554.0,31.129728317260742,-89.52299499511719,390000.1875
2161,51531,83,638,28180,0,341,150856,0.9839999999967404,58310.0,-5793000.0,3489000.0,5074.0,2851.0,4553.0,31.129728317260742,-89.52299499511719,390000.1875
2161,51532,83,638,44564,0,341,150857,0.23399999999674037,59570.0,-5792000.0,3490000.0,5074.0,2853.0,4551.0,31.129728317260742,-89.52299499511719,390000.1875
2161,51533,83,638,60948,0,341,150857,0.48399999999674037,60840.0,-5791000.0,3491000.0,5074.0,2854.0,4550.0,31.129728317260742,-89.52299499511719,390000.1875
2161,51534,83,639,11796,0,341,150857,0.7339999999967404,62110.0,-5790000.0,3492000.0,5074.0,2856.0,4549.0,31.129728317260742,-89.52299499511719,390000.1875
2161,51535,83,639,28180,0,341,150857,0.9839999999967404,63330.0,-5790000.0,3493000.0,5074.0,2858.0,4548.0,31.129728317260742,-89.52299499511719,390000.1875
2161,51536,83,639,44564,0,341,150858,0.23399999999674037,64590.0,-5789000.0,3494000.0,5074.0,2859.0,4547.0,31.129728317260742,-89.52299499511719,390000.1875
2161,51537,83,639,60948,0,341,150858,0.48399999999674037,65860.0,-5788000.0,3496000.0,5074.0,2861.0,4546.0,31.129728317260742,-89.52299499511719,390000.1875
2161,51538,83,640,11796,0,341,150858,0.7339999999967404,67140.0,-5788000.0,3497000.0,5074.0,2863.0,4545.0,31.129728317260742,-89.52299499511719,390000.1875
2161,51539,83,640,28180,0,341,150858,0.9839999999967404,68340.0,-5787000.0,3498000.0,5074.0,2864.0,4544.0,31.129728317260742,-89.52299499511719,390000.1875
2161,51540,83,640,45219,0,341,150859,0.23399999999674037,69610.0,-5786000.0,3499000.0,5074.0,2866.0,4542.0,31.129728317260742,-89.52299499511719,390000.1875
2161,51541,83,640,61603,0,341,150859,0.48399999999674037,70890.0,-5785000.0,3500000.0,5074.0,2868.0,4541.0,31.129728317260742,-89.52299499511719,390000.1875
2161,51542,83,641,12451,0,341,150859,0.7339999999967404,72150.0,-5785000.0,3501000.0,5075.0,2869.0,4540.0,31.129728317260742,-89.52299499511719,390000.1875
2161,51543,83,641,45219,0,341,150860,0.23399999999674037,74630.0,-5783000.0,3503000.0,5075.0,2873.0,4538.0,31.129728317260742,-89.52299499511719,390000.1875
2161,51544,83,641,61603,0,341,150860,0.48399999999674037,75910.0,-5783000.0,3505000.0,5075.0,2874.0,4537.0,31.129728317260742,-89.52299499511719,390000.1875
2161,51545,83,642,12451,0,341,150860,0.7339999999967404,77170.0,-5782000.0,3506000.0,5075.0,2876.0,4536.0,31.129728317260742,-89.52299499511719,390000.1875
2161,51546,83,642,28835,0,341,150860,0.9839999999967404,78390.0,-5781000.0,3507000.0,5075.0,2878.0,4534.0,31.129728317260742,-89.52299499511719,390000.1875
2161,51547,83,642,45219,0,341,150861,0.23399999999674037,79650.0,-5781000.0,3508000.0,5075.0,2879.0,4533.0,31.129728317260742,-89.52299499511719,390000.1875
2161,51548,83,642,61603,0,341,150861,0.48399999999674037,80930.0,-5780000.0,3509000.0,5075.0,2881.0,4532.0,31.129728317260742,-89.52299499511719,390000.1875
2161,51549,83,643,12451,0,341,150861,0.7339999999967404,82190.0,-5779000.0,3510000.0,5075.0,2883.0,4531.0,31.129728317260742,-89.52299499511719,390000.1875
2161,51550,83,643,28835,0,341,150861,0.9839999999967404,83410.0,-5778000.0,3511000.0,5075.0,2884.0,4530.0,31.129728317260742,-89.52299499511719,390000.1875
2161,51551,83,643,45219,0,341,150862,0.23399999999674037,84680.0,-5778000.0,3512000.0,5075.0,2886.0,4529.0,31.129728317260742,-89.52299499511719,390000.1875
2161,51552,83,643,61603,0,341,150862,0.48399999999674037,85950.0,-5777000.0,3514000.0,5075.0,2888.0,4528.0,31.129728317260742,-89.52299499511719,390000.1875
2161,51553,83,644,12451,0,341,150862,0.7339999999967404,87210.0,-5776000.0,3515000.0,5075.0,2889.0,4527.0,31.129728317260742,-89.52299499511719,390000.1875
2161,51554,83,644,28835,0,341,150862,0.9839999999967404,88430.0,-5776000.0,3516000.0,5076.0,2891.0,4526.0,31.129728317260742,-89.52299499511719,390000.1875
2161,51555,83,644,45219,0,341,150863,0.23399999999674037,89700.0,-5775000.0,3517000.0,5076.0,2893.0,4524.0,31.129728317260742,-89.52299499511719,390000.1875
2161,51556,83,644,61603,0,341,150863,0.48399999999674037,90960.0,-5774000.0,3518000.0,5076.0,2894.0,4523.0,31.129728317260742,-89.52299499511719,390000.1875
2161,51557,83,645,12451,0,341,150863,0.7339999999967404,92230.0,-5773000.0,3519000.0,5076.0,2896.0,4522.0,31.129728317260742,-89.52299499511719,390000.1875
2161,51558,83,645,28835,0,341,150863,0.9839999999967404,93450.0,-5773000.0,3520000.0,5076.0,2898.0,4521.0,31.129728317260742,-89.52299499511719,390000.1875
2161,51559,83,645,45219,0,341,150864,0.23399999999674037,94710.0,-5772000.0,3521000.0,5076.0,2899.0,4520.0,31.129728317260742,-89.52299499511719,390000.1875
2161,51560,83,645,61603,0,341,150864,0.48399999999674037,95980.0,-5771000.0,3523000.0,5076.0,2901.0,4519.0,31.129728317260742,-89.52299499511719,390000.1875
2161,51561,83,646,12451,0,341,150864,0.7339999999967404,97250.0,-5770000.0,3524000.0,5076.0,2903.0,4518.0,31.129728317260742,-89.52299499511719,390000.1875
